regime,undefined_policy,law,mean_repeats,dataset,threshold,observed_mean_r2,observed_undefined_groups,observed_mean_slope,observed_mean_unit_types,boundary_f1,cuts_per_sequence,elements_total,n_groups,shuffle_mean,shuffle_sd,shuffle_z,shuffle_p,shuffle_undefined_rate,shuffle_dropped_replicates,rotate_mean,rotate_sd,rotate_z,rotate_p,rotate_undefined_rate,rotate_dropped_replicates,bigram_mean,bigram_sd,bigram_z,bigram_p,bigram_undefined_rate,bigram_dropped_replicates
finch,zero,zipf,1.0,0,0.5,0.8864150449239424,0,-0.6780539006237372,58.86666666666667,0.5476498043180762,10.723333333333333,13411,30,0.6290671440470388,0.017183338381913743,14.976595068847283,0.004975124378109453,0.0025,0,0.738264926588922,0.009082027331454266,16.312450175295588,0.004975124378109453,0.0,0,0.815417474866195,0.010164426191465537,6.984906842784677,0.004975124378109453,0.0,0
finch,zero,zipf,1.0,1,0.5,0.8802477412050441,0,-0.7574124549888787,52.0,0.6573382939301594,11.39,13013,30,0.563699118637993,0.022647283764239606,13.977332816701225,0.004975124378109453,0.007166666666666667,0,0.7556858048655202,0.00785679139880149,15.854046520635023,0.004975124378109453,0.0,0,0.8376357102301888,0.011808908513927659,3.6084648233660093,0.004975124378109453,0.0,0
finch,zero,zipf,1.0,2,0.5,0.8695093258432014,0,-0.6796232256432296,58.13333333333333,0.5466590484471154,10.6,12414,30,0.6195380949431764,0.01882811846323569,13.276484922703553,0.004975124378109453,0.007166666666666667,0,0.7518773747800835,0.007824902294089567,15.033024904600987,0.004975124378109453,0.0,0,0.829239596577963,0.009936376242629706,4.052758096303815,0.004975124378109453,0.0,0
finch,zero,zipf,1.0,3,0.5,0.8819497206909765,0,-0.7631936271683052,51.333333333333336,0.6263766848197757,10.95,11841,30,0.5303876148205963,0.02101011178235897,16.732995498175672,0.004975124378109453,0.0555,0,0.7809209028141936,0.007527898784783321,13.420586642450578,0.004975124378109453,0.0,0,0.8394871551781451,0.010854407273388239,3.9120114478233154,0.004975124378109453,0.0,0
finch,zero,zipf,1.0,4,0.5,0.9135857918277259,0,-0.7922510835274632,53.733333333333334,0.6183668347076515,11.866666666666667,12656,30,0.5898105953924779,0.021296622308205494,15.203124314718155,0.004975124378109453,0.009166666666666667,0,0.7976806547613969,0.006707462046102801,17.280028760456826,0.004975124378109453,0.0,0,0.8752027708711264,0.007621203893619611,5.036346159001646,0.004975124378109453,0.0,0
finch,zero,zipf,1.0,5,0.5,0.8385192357891322,0,-0.6221196079383247,56.03333333333333,0.530414837873466,9.383333333333333,11258,30,0.558576330754532,0.021725859432664463,12.885239633545215,0.004975124378109453,0.015833333333333335,0,0.7249153993775898,0.010259064907513783,11.07350791087583,0.004975124378109453,0.0018333333333333333,0,0.8089081329232044,0.010799154050043397,2.7419835598890114,0.004975124378109453,0.00016666666666666666,0
finch,zero,zipf,1.0,6,0.5,0.8862651321983428,0,-0.7431195040035542,55.3,0.558147621376614,11.276666666666667,12453,30,0.5394153604421397,0.02080117265930087,16.674529721819095,0.004975124378109453,0.030666666666666665,0,0.7937794720272526,0.006361285114307158,14.538832721564514,0.004975124378109453,0.0,0,0.8328434731623878,0.011116945483547622,4.80542601517797,0.004975124378109453,0.0,0
finch,zero,zipf,1.0,7,0.5,0.8694841689008853,0,-0.7420150649790115,55.03333333333333,0.5488662393363892,11.15,12159,30,0.5778041628544883,0.02063928027969397,14.132276033547905,0.004975124378109453,0.012333333333333333,0,0.7886466922459867,0.00669414109483867,12.075854916955079,0.004975124378109453,0.0,0,0.8462911259648714,0.010039655182518021,2.3101433778721554,0.014925373134328358,0.0,0
finch,zero,zipf,1.0,8,0.5,0.8695363211275687,0,-0.7034149347744952,55.666666666666664,0.5989678246652501,10.81,12301,30,0.49287068140986107,0.023498174297020984,16.029570423497116,0.004975124378109453,0.050833333333333335,0,0.7558194397303619,0.00873101838224883,13.024469359543026,0.004975124378109453,0.0,0,0.8392959300886352,0.011119140970372764,2.719669722644024,0.009950248756218905,0.0,0
finch,zero,zipf,1.0,9,0.5,0.8710351263305814,0,-0.6853495810957121,55.96666666666667,0.5643071667430184,10.5,12331,30,0.5541630950341946,0.019258281250417383,16.453806400273614,0.004975124378109453,0.011333333333333334,0,0.7567133659582046,0.00811881583163334,14.081088023569274,0.004975124378109453,0.0,0,0.8404521681157684,0.009950430217855761,3.07353124892357,0.004975124378109453,0.0,0
finch,zero,zipf,1.0,10,0.5,0.8929969797407884,0,-0.7641096033761822,55.766666666666666,0.6202438290429114,12.11,13358,30,0.5187152518906933,0.02140300448331624,17.487345206223253,0.004975124378109453,0.014333333333333333,0,0.7721932252927901,0.007667157496194925,15.75600273086226,0.004975124378109453,0.0,0,0.8565705008882212,0.008630346743739827,4.22074337615575,0.004975124378109453,0.0,0
finch,zero,zipf,1.0,11,0.5,0.8911096314484085,0,-0.7858516079817152,54.166666666666664,0.6432795981106533,12.19,13466,30,0.524599561048432,0.022522622167396738,16.272975130334896,0.004975124378109453,0.012666666666666666,0,0.7883981430605509,0.006578527951895088,15.61314159321453,0.004975124378109453,0.0,0,0.8570203936711757,0.009406863313318319,3.623868726674171,0.004975124378109453,0.0,0
finch,zero,zipf,1.0,12,0.5,0.8598414642795197,0,-0.6459112883077189,55.5,0.6005819119967442,9.586666666666666,11511,30,0.6058139727364614,0.01945152797267556,13.05951346855127,0.004975124378109453,0.0033333333333333335,0,0.7280301192427043,0.010004951758996251,13.174610753949239,0.004975124378109453,0.0,0,0.8097071418356588,0.013170810021956364,3.806472218510825,0.004975124378109453,0.0,0
finch,zero,zipf,1.0,13,0.5,0.8991528840163411,0,-0.8026989803047057,55.03333333333333,0.6146843760084437,12.31,13310,30,0.5658959826085297,0.020593059843912555,16.182971541566435,0.004975124378109453,0.0265,0,0.8084325701016638,0.005946653706434026,15.255691417935058,0.004975124378109453,0.0,0,0.8538657188762662,0.00958356372463231,4.725503626972797,0.004975124378109453,0.0,0
finch,zero,zipf,1.0,14,0.5,0.9006688186061754,0,-0.7786186948378777,55.13333333333333,0.6230843936582651,11.96,12249,30,0.5568905432585173,0.022512398790093167,15.270619472987553,0.004975124378109453,0.021,0,0.8015279112021599,0.0062947690423152,15.749729138203888,0.004975124378109453,0.0,0,0.8465932165375278,0.008843132304206842,6.114982814734415,0.004975124378109453,0.0,0
finch,zero,uniform,1.0,0,0.5,0.8376633775493816,0,-0.6451560752866748,62.36666666666667,0.5916483534209283,11.103333333333333,13161,30,0.5352057806001294,0.021112583316287282,14.325939768627064,0.004975124378109453,0.007666666666666666,0,0.7216116035941055,0.008800417985773093,13.187075221073295,0.004975124378109453,0.0,0,0.7993209635035404,0.01111599317089474,3.449301691389482,0.004975124378109453,0.0,0
finch,zero,uniform,1.0,1,0.5,0.8114125649661447,0,-0.5215023202128052,63.96666666666667,0.5236927142743557,9.09,12204,30,0.45068000210546544,0.023244299059621058,15.519184378733428,0.004975124378109453,0.058333333333333334,0,0.6506450155874265,0.011217452525687127,14.331912616574265,0.004975124378109453,0.0015,0,0.7179161240033116,0.01643561429212929,5.688649009462747,0.004975124378109453,0.002,0
finch,zero,uniform,1.0,2,0.5,0.8064673778413705,0,-0.5463194526616363,64.7,0.5589911411170269,9.766666666666667,12770,30,0.4532545771851994,0.024277303557142735,14.549095200164876,0.004975124378109453,0.07583333333333334,0,0.6572123065720326,0.010874173279117563,13.725647682657666,0.004975124378109453,0.0031666666666666666,0,0.7256544151061345,0.016124543096673983,5.011798613500267,0.004975124378109453,0.0006666666666666666,0
finch,zero,uniform,1.0,3,0.5,0.8480348646875131,0,-0.6499417989826222,61.63333333333333,0.6484945652291966,10.593333333333334,12496,30,0.4168493228993895,0.02467985986919653,17.47115032554523,0.004975124378109453,0.05366666666666667,0,0.701587279542085,0.009565447204066869,15.31006151841642,0.004975124378109453,0.0003333333333333333,0,0.7904333737848203,0.011119621649903398,5.180166440572486,0.004975124378109453,0.0,0
finch,zero,uniform,1.0,4,0.5,0.8332933123562657,0,-0.6320935984750476,60.9,0.6545497910839113,10.09,12384,30,0.3517159162148485,0.02327169661814691,20.693695180173954,0.004975124378109453,0.10683333333333334,0,0.695170086755651,0.010009361338833907,13.799404469966525,0.004975124378109453,0.0,0,0.7484833017597461,0.01407028967186008,6.027595207661975,0.004975124378109453,0.0,0
finch,zero,uniform,1.0,5,0.5,0.8230374642804478,0,-0.5573605114159371,66.13333333333334,0.5577793068922775,9.99,12806,30,0.4962465284791506,0.02209779798232051,14.78839366993709,0.004975124378109453,0.032,0,0.6583968459476875,0.011112284758762797,14.816090651648377,0.004975124378109453,0.0015,0,0.7448680108984723,0.015072946036266091,5.186076643139087,0.004975124378109453,0.00016666666666666666,0
finch,zero,uniform,1.0,6,0.5,0.8202746071906039,0,-0.6345599369140282,62.63333333333333,0.5868867637056993,10.726666666666667,12829,30,0.46655467017138486,0.023738001890014567,14.900998772268695,0.004975124378109453,0.033666666666666664,0,0.7290601634771591,0.00848095475302002,10.755209333119462,0.004975124378109453,0.0,0,0.7702731663481219,0.013423625274826791,3.724883540681756,0.004975124378109453,0.0,0
finch,zero,uniform,1.0,7,0.5,0.8509595643802211,0,-0.6171152241651989,62.8,0.6298195733876601,10.216666666666667,11638,30,0.4271721170767582,0.023266403394273435,18.214566304982483,0.004975124378109453,0.09416666666666666,0,0.7162020727597153,0.008832829348937865,15.256435542560354,0.004975124378109453,0.0,0,0.8086090196327824,0.011607424404069568,3.648573815616718,0.004975124378109453,0.0,0
finch,zero,uniform,1.0,8,0.5,0.8351661086199827,0,-0.6415607501677182,61.2,0.6384155283133378,10.483333333333333,12406,30,0.37765238066284,0.027505560971674663,16.633499255961084,0.004975124378109453,0.11933333333333333,0,0.6998018937231824,0.009737638884973445,13.901133169529066,0.004975124378109453,0.0,0,0.768233000874333,0.014777854983364294,4.529284379972438,0.004975124378109453,0.0,0
finch,zero,uniform,1.0,9,0.5,0.8659116678099491,0,-0.7343641070958709,59.5,0.6952824632303838,11.79,12609,30,0.3582713059658782,0.029196014212840515,17.38731725992957,0.004975124378109453,0.1375,0,0.7520860788757391,0.007128687901412874,15.967256598742427,0.004975124378109453,0.0,0,0.8054701151016593,0.010944877523147658,5.52235989671516,0.004975124378109453,0.0,0
finch,zero,uniform,1.0,10,0.5,0.8178918676798304,0,-0.6024413570859456,63.03333333333333,0.5980503380614961,10.136666666666667,12598,30,0.40484572361138055,0.02861244246774256,14.435892515436764,0.004975124378109453,0.07966666666666666,0,0.6917036080825091,0.010084645583266985,12.51290970569159,0.004975124378109453,0.0,0,0.7528434440059794,0.013329526399189072,4.880025120608062,0.004975124378109453,0.0,0
finch,zero,uniform,1.0,11,0.5,0.8450818459211884,0,-0.6532477974380707,61.03333333333333,0.6396774111574544,10.536666666666667,11712,30,0.3899206127572972,0.028402504612938667,16.02539069588053,0.004975124378109453,0.09283333333333334,0,0.7271885514967897,0.008024162790537354,14.692285974485284,0.004975124378109453,0.0,0,0.7898817832424548,0.011625153379856642,4.7483298391899815,0.004975124378109453,0.0,0
finch,zero,uniform,1.0,12,0.5,0.815265015778744,0,-0.5847746579372022,61.266666666666666,0.564510346762808,9.656666666666666,13182,30,0.43669566829587786,0.024966981730811456,15.162799875632471,0.004975124378109453,0.06016666666666667,0,0.6543191774768948,0.011897667533538443,13.527511829369704,0.004975124378109453,0.0023333333333333335,0,0.7233203396972447,0.01581605358421498,5.813376617114115,0.004975124378109453,0.00016666666666666666,0
finch,zero,uniform,1.0,13,0.5,0.8548722375855742,0,-0.6563867337974243,60.63333333333333,0.6638168911852179,10.586666666666666,12178,30,0.4032683575952891,0.02732412975978596,16.527658299110005,0.004975124378109453,0.09216666666666666,0,0.7125300334503322,0.009029115064677051,15.764801214252024,0.004975124378109453,0.0,0,0.7788060604515156,0.013071211697164097,5.819366933714475,0.004975124378109453,0.0,0
finch,zero,uniform,1.0,14,0.5,0.7983658313990944,0,-0.542857603698866,63.06666666666667,0.5614552126030875,9.35,11951,30,0.445155786416691,0.026067964763943793,13.549582722735225,0.004975124378109453,0.09566666666666666,0,0.670986182136552,0.011082297295328768,11.49397510895448,0.004975124378109453,0.0005,0,0.7542537225169028,0.01579878767351637,2.792119863484026,0.004975124378109453,0.00016666666666666666,0
finch,zero,lognormal,1.0,0,0.5,0.8278680496377656,0,-0.6025295220529621,56.9,0.5549275859143159,9.37,12588,30,0.4813085245661339,0.022822292721201825,15.185131892979324,0.004975124378109453,0.024666666666666667,0,0.6697038969493033,0.011553699762092615,13.689480940762778,0.004975124378109453,0.0,0,0.7792499460350135,0.013363320690462033,3.638175325497718,0.004975124378109453,0.0,0
finch,zero,lognormal,1.0,1,0.5,0.8595526986076346,0,-0.6830350853240099,54.13333333333333,0.601472393195116,9.906666666666666,12020,30,0.5123155657745841,0.023526643982456366,14.759314294549723,0.004975124378109453,0.02266666666666667,0,0.7280117354052967,0.008791660033369753,14.9620165819719,0.004975124378109453,0.0,0,0.8264089346389184,0.010974908767625906,3.0199580397865917,0.004975124378109453,0.0,0
finch,zero,lognormal,1.0,2,0.5,0.9020199525894715,0,-0.7720069333569498,53.9,0.6240106179498595,11.593333333333334,12325,30,0.5077798456486499,0.020511715246044393,19.220240833679153,0.004975124378109453,0.094,0,0.7880896298234625,0.006823747814846632,16.69615083343605,0.004975124378109453,0.0,0,0.8562927305177436,0.008162122737861292,5.602368837167205,0.004975124378109453,0.0,0
finch,zero,lognormal,1.0,3,0.5,0.8790597713875831,0,-0.7781348346897968,47.733333333333334,0.580676590142325,10.106666666666667,12189,30,0.697165772512411,0.014816368915895224,12.276557090856011,0.004975124378109453,0.0105,0,0.7636805770507737,0.008917180395510628,12.938977257306266,0.004975124378109453,0.0021666666666666666,0,0.8470185153309182,0.009959925409427329,3.2170176722746313,0.004975124378109453,0.0,0
finch,zero,lognormal,1.0,4,0.5,0.8907323895563661,0,-0.683036425771666,56.5,0.5788564511321143,10.37,12625,30,0.4929366873426401,0.02166624083804817,18.360162484447024,0.004975124378109453,0.07566666666666666,0,0.7289586277263673,0.009289891792286646,17.413955452561762,0.004975124378109453,0.0,0,0.8440791182653744,0.009019320875906366,5.172592474852323,0.004975124378109453,0.0,0
finch,zero,lognormal,1.0,5,0.5,0.8889785059340165,0,-0.8112278764833298,48.43333333333333,0.6525453471797827,11.45,12993,30,0.5826098638946017,0.019729776031204984,15.528237196147408,0.004975124378109453,0.021833333333333333,0,0.7813268653071204,0.007604569325548133,14.156178478803817,0.004975124378109453,0.0,0,0.8410023187604528,0.010216077172633922,4.696145728233021,0.004975124378109453,0.0,0
finch,zero,lognormal,1.0,6,0.5,0.8514196785457548,0,-0.712510924871971,55.13333333333333,0.6149540874950165,10.87,12758,30,0.6009501709101519,0.019344433744941558,12.947885212773368,0.004975124378109453,0.006166666666666667,0,0.7412506443262841,0.00876787957358599,12.565071554057916,0.004975124378109453,0.0,0,0.8161451936444014,0.011062778282547849,3.188573792263459,0.004975124378109453,0.0,0
finch,zero,lognormal,1.0,7,0.5,0.850496236417472,0,-0.6650473187860798,56.2,0.5394612897457038,10.053333333333333,12080,30,0.6199905010150887,0.01789967645692789,12.877648149509895,0.004975124378109453,0.0023333333333333335,0,0.7397265839837194,0.009231408937975518,11.999214115418093,0.004975124378109453,0.0,0,0.8047510830366886,0.010693310883516691,4.277922327246433,0.004975124378109453,0.0,0
finch,zero,lognormal,1.0,8,0.5,0.8777664704747524,0,-0.8126686740740786,50.833333333333336,0.6308263352935094,12.116666666666667,13054,30,0.48373316302532077,0.02240258998946586,17.588738964321262,0.004975124378109453,0.03933333333333333,0,0.774521796423995,0.008469880007550817,12.189626530566644,0.004975124378109453,0.0003333333333333333,0,0.8233199763468056,0.011350329996378578,4.796908472733252,0.004975124378109453,0.0,0
finch,zero,lognormal,1.0,9,0.5,0.8806018918347397,0,-0.7783784898660246,53.6,0.6864739556532087,11.476666666666667,12565,30,0.4795099291320489,0.02353992015002179,17.038798778691675,0.004975124378109453,0.03983333333333333,0,0.7721814247562377,0.007410635549106032,14.63038714561817,0.004975124378109453,0.0,0,0.8504690768032944,0.0083565054840038,3.6059109982188295,0.004975124378109453,0.0,0
finch,zero,lognormal,1.0,10,0.5,0.8645592060396647,0,-0.6561323498540826,52.46666666666667,0.5604594906073864,9.306666666666667,13067,30,0.4944380217051072,0.023519270622135904,15.736932929637975,0.004975124378109453,0.08633333333333333,0,0.7135738474667264,0.011045393629081055,13.669531720029784,0.004975124378109453,0.0,0,0.8082386748350552,0.01190542355561072,4.7306616972956945,0.004975124378109453,0.0003333333333333333,0
finch,zero,lognormal,1.0,11,0.5,0.8792367895958966,0,-0.7634007793613934,53.833333333333336,0.6453810051485149,11.52,13128,30,0.4740933434670687,0.023954645295452034,16.912938644336652,0.004975124378109453,0.03183333333333333,0,0.7682853813385954,0.00679679292484763,16.324082473027307,0.004975124378109453,0.0,0,0.8388915046029857,0.010614824218501958,3.800843439553889,0.004975124378109453,0.0,0
finch,zero,lognormal,1.0,12,0.5,0.8741123236245585,0,-0.6817640490991402,55.7,0.5844966773473395,10.146666666666667,12456,30,0.5317849776675598,0.021819179060375834,15.689286247193118,0.004975124378109453,0.0225,0,0.7618882396780955,0.008085800562789435,13.879155573402862,0.004975124378109453,0.0,0,0.8271129960690115,0.009644403962596929,4.873222620891921,0.004975124378109453,0.0,0
finch,zero,lognormal,1.0,13,0.5,0.8506964251177548,0,-0.6282773446892583,57.233333333333334,0.5923088949852923,9.693333333333333,11674,30,0.5263289085733548,0.022669826996875538,14.308336653345695,0.004975124378109453,0.03233333333333333,0,0.7035197719565528,0.010072238550753398,14.612109554354552,0.004975124378109453,0.0,0,0.7993460742182086,0.011992912808533786,4.281724691853582,0.004975124378109453,0.0,0
finch,zero,lognormal,1.0,14,0.5,0.8694938213709817,0,-0.7536877986777554,55.333333333333336,0.5999914537829324,11.353333333333333,13492,30,0.5182471154837563,0.020781449171616624,16.901935133905837,0.004975124378109453,0.027666666666666666,0,0.7488477946961354,0.008554062936949621,14.103944238440304,0.004975124378109453,0.0,0,0.8097864625529059,0.012177569278558875,4.903060491982009,0.004975124378109453,0.0,0
finch,zero,geometric,1.0,0,0.5,0.8740025139733878,0,-0.6989681313953964,54.9,0.5960649223677563,10.466666666666667,12350,30,0.5071003538750682,0.023535244162550487,15.589477532684274,0.004975124378109453,0.0195,0,0.7383728167194914,0.009488713507553889,14.293792003091113,0.004975124378109453,0.001,0,0.8215425196429439,0.011740907098347282,4.468138099638696,0.004975124378109453,0.00016666666666666666,0
finch,zero,geometric,1.0,1,0.5,0.8872659598461197,0,-0.7691682498292252,55.56666666666667,0.6140164709384824,11.726666666666667,12818,30,0.49766965256802065,0.022481972389448865,17.329276120850615,0.004975124378109453,0.0335,0,0.7910295615030344,0.006487202984535365,14.834806090159372,0.004975124378109453,0.0,0,0.8296028508112069,0.010166796061366657,5.671709030736818,0.004975124378109453,0.0,0
finch,zero,geometric,1.0,2,0.5,0.8740694012149818,0,-0.8162617432649777,50.53333333333333,0.6438833518226624,11.876666666666667,12099,30,0.5918439630956926,0.01933636894050738,14.595575776797505,0.004975124378109453,0.019333333333333334,0,0.7642598883865357,0.00910520400913537,12.060082642659381,0.004975124378109453,0.00016666666666666666,0,0.8617885832009584,0.009008471595501213,1.3632521214982067,0.0945273631840796,0.00016666666666666666,0
finch,zero,geometric,1.0,3,0.5,0.8869320321745858,0,-0.8644920240054639,50.5,0.612201024469516,13.02,12142,30,0.54870138156454,0.021833513155029415,15.491352592156403,0.004975124378109453,0.008833333333333334,0,0.8302375206640344,0.005427071508946256,10.446612213805054,0.004975124378109453,0.0,0,0.8773062742433574,0.00797180101908166,1.2074759402784634,0.12437810945273632,0.0,0
finch,zero,geometric,1.0,4,0.5,0.8633029208280113,0,-0.7210763064342783,55.36666666666667,0.5989426659472697,10.923333333333334,12514,30,0.488149879535815,0.022984965334688856,16.32167096314982,0.004975124378109453,0.03333333333333333,0,0.771727135198584,0.007470386316150142,12.25850735877616,0.004975124378109453,0.0,0,0.8305380003488432,0.011212120338281761,2.9222769191388553,0.004975124378109453,0.0,0
finch,zero,geometric,1.0,5,0.5,0.8616974773508768,0,-0.6581886587363359,57.0,0.5342081864485272,10.076666666666666,12834,30,0.6567814092106921,0.016723216586497874,12.253388400508518,0.004975124378109453,0.003,0,0.7343027644403065,0.008433920128370173,15.105041424572851,0.004975124378109453,0.0,0,0.7752086887354044,0.013702914282801803,6.311707628794144,0.004975124378109453,0.0,0
finch,zero,geometric,1.0,6,0.5,0.8830507389971337,0,-0.7445927594303449,54.2,0.6151340110072177,11.143333333333333,12551,30,0.44558451665090376,0.025603913157205012,17.085912597040885,0.004975124378109453,0.0555,0,0.7655335306377308,0.0072904523404243365,16.11933016937642,0.004975124378109453,0.0,0,0.8477482985008163,0.009142636829645499,3.86129747403367,0.004975124378109453,0.0,0
finch,zero,geometric,1.0,7,0.5,0.8735952558211306,0,-0.7608397238636564,54.86666666666667,0.6334384993547882,11.453333333333333,13193,30,0.5413928358546685,0.020751800833516645,16.008365858538667,0.004975124378109453,0.008666666666666666,0,0.7664068519685773,0.007225280279217732,14.835189738017808,0.004975124378109453,0.0,0,0.828133642478349,0.010967566611175747,4.145095713068851,0.004975124378109453,0.0,0
finch,zero,geometric,1.0,8,0.5,0.8874566996205325,0,-0.7606045257389107,54.0,0.6060788436695927,11.366666666666667,12843,30,0.5113001433108724,0.021221438398094313,17.72530915451231,0.004975124378109453,0.074,0,0.775783837833871,0.00648480120640769,17.220707039765017,0.004975124378109453,0.0,0,0.8370337568580335,0.009945659100337133,5.069844266106991,0.004975124378109453,0.0,0
finch,zero,geometric,1.0,9,0.5,0.9182837417691637,0,-0.8568709020165282,54.666666666666664,0.6418402567657864,13.406666666666666,14050,30,0.5313711892882527,0.0224419676050036,17.240580651878584,0.004975124378109453,0.038,0,0.8218660986430143,0.004862988227058461,19.826830463965738,0.004975124378109453,0.0,0,0.8597164924835927,0.007990461710696896,7.32964519524154,0.004975124378109453,0.0,0
finch,zero,geometric,1.0,10,0.5,0.8916399559261753,0,-0.8020277724525658,52.43333333333333,0.662203350477692,11.763333333333334,12981,30,0.4960058615788342,0.021598215302246294,18.317906771963408,0.004975124378109453,0.0115,0,0.7749129717972528,0.007452430666675075,15.662941307309145,0.004975124378109453,0.0,0,0.8367897701459259,0.010072067057679754,5.4457724979528574,0.004975124378109453,0.0,0
finch,zero,geometric,1.0,11,0.5,0.8946324353354308,0,-0.8033538524474468,54.03333333333333,0.6071948413053504,12.213333333333333,12688,30,0.563988810294402,0.020232871893117926,16.341902760403233,0.004975124378109453,0.043333333333333335,0,0.8119610540099808,0.005560241849219877,14.868306733285198,0.004975124378109453,0.0,0,0.8697804739739038,0.008107623112006034,3.0652585866658515,0.004975124378109453,0.0,0
finch,zero,geometric,1.0,12,0.5,0.8880685965131453,0,-0.8057866492659173,53.86666666666667,0.5782785357869057,12.483333333333333,11983,30,0.49704631553666717,0.022662168796020815,17.25440687058763,0.004975124378109453,0.04766666666666667,0,0.805006835373733,0.005629472976458267,14.754802356591096,0.004975124378109453,0.0,0,0.8678985555574079,0.008694662653872027,2.3198186932249727,0.014925373134328358,0.0,0
finch,zero,geometric,1.0,13,0.5,0.871971484933235,0,-0.7731613962192051,52.1,0.6255485200888612,11.486666666666666,11455,30,0.5451071351569146,0.020757052432788598,15.747146702775272,0.004975124378109453,0.011666666666666667,0,0.7861431646909813,0.007614974055147416,11.270993127578304,0.004975124378109453,0.0,0,0.8479857519353665,0.009890775490373637,2.425060908642902,0.004975124378109453,0.0,0
finch,zero,geometric,1.0,14,0.5,0.8862848124555511,0,-0.7924073688661317,52.666666666666664,0.637740206664335,11.586666666666666,11981,30,0.4884418938859945,0.02566345282987031,15.502314564098626,0.004975124378109453,0.0335,0,0.7868342407299245,0.0077694066080318215,12.800278932861758,0.004975124378109453,0.0,0,0.8535169884942598,0.010143685101305292,3.230366837499197,0.004975124378109453,0.0,0
