regime,structure,undefined_policy,law,stickiness,dataset,threshold,n_themes,variants_per_theme,phrases_per_cycle,zipf_exponent,lognormal_sigma,geometric_tail,observed_mean_r2,observed_undefined_groups,observed_mean_slope,observed_mean_unit_types,boundary_f1,cuts_per_sequence,elements_total,n_groups,shuffle_mean,shuffle_sd,shuffle_z,shuffle_p,shuffle_undefined_rate,shuffle_dropped_replicates,rotate_mean,rotate_sd,rotate_z,rotate_p,rotate_undefined_rate,rotate_dropped_replicates,bigram_mean,bigram_sd,bigram_z,bigram_p,bigram_undefined_rate,bigram_dropped_replicates
whale,song,skip,zipf,0.0,0,0.5,8,3,40.0,0.8,1.0,0.05,0.8699951029127998,0,-1.2280831511564823,107.125,0.5350166127804616,193.87272727272727,45729,8,0.6566219700874071,0.010421958488287409,20.473419949349204,0.004975124378109453,0.0,0,0.9019909787953162,0.004261615763118593,-7.507921328670477,1.0,0.0,0,0.9101482034343494,0.0046191264367595125,-8.692790957616332,1.0,0.0,0
whale,song,skip,zipf,0.0,1,0.5,8,3,40.0,0.8,1.0,0.05,0.8969515433599871,0,-1.2159238232133616,116.375,0.6232884265176579,193.0,45603,8,0.6042983856371343,0.012430687849302116,23.542796768023006,0.004975124378109453,0.0,0,0.8811102403368827,0.005725630370431491,2.7667351886549674,0.014925373134328358,0.0,0,0.9028382110543521,0.00511256724693641,-1.151411298871918,0.8756218905472637,0.0,0
whale,song,skip,zipf,0.0,2,0.5,8,3,40.0,0.8,1.0,0.05,0.887027704510496,0,-1.3527196255858889,86.875,0.6294686678673894,230.27272727272728,45992,8,0.613627694379683,0.01183983494082782,23.091538986581284,0.004975124378109453,0.0,0,0.9060027130793006,0.004563000175519962,-4.1584501071474085,1.0,0.0,0,0.9177246015984631,0.004339184808340218,-7.074346552137074,1.0,0.0,0
whale,song,skip,zipf,0.0,3,0.5,8,3,40.0,0.8,1.0,0.05,0.8930810548079273,0,-1.2340690543318016,115.0,0.5811133901508297,185.98181818181817,45771,8,0.6045634785339637,0.011569913417121875,24.93688291971117,0.004975124378109453,0.0,0,0.8853799949737791,0.004783712476268571,1.6098500635964854,0.07462686567164178,0.0,0,0.9018322976023789,0.005279423888942081,-1.6576132128320595,0.9353233830845771,0.0,0
whale,song,skip,zipf,0.0,4,0.5,8,3,40.0,0.8,1.0,0.05,0.8674823086114971,0,-1.2754456134576144,99.5,0.6560280951359979,192.25454545454545,45998,8,0.6380464318614253,0.011034128630065723,20.793293647575073,0.004975124378109453,0.0,0,0.8979820733700662,0.004722009234724246,-6.459065038306769,1.0,0.0,0,0.9075247465658856,0.0058079373797581164,-6.894433485792178,1.0,0.0,0
whale,song,skip,zipf,0.0,5,0.5,8,3,40.0,0.8,1.0,0.05,0.9189346881375612,0,-1.2509591571696164,126.375,0.5851259681381168,201.92727272727274,45739,8,0.6400271055624747,0.011278519204069509,24.729095861666952,0.004975124378109453,0.0,0,0.8914515725417541,0.005882279245022318,4.672188186078337,0.004975124378109453,0.0,0,0.9059314093314578,0.005428411082692174,2.395411586930618,0.004975124378109453,0.0,0
whale,song,skip,zipf,0.0,6,0.5,8,3,40.0,0.8,1.0,0.05,0.8830396998277683,0,-1.3160342526923376,94.625,0.6322079708777845,219.70909090909092,45850,8,0.6232941561571622,0.012388076617143058,20.967382725996465,0.004975124378109453,0.0,0,0.8962095442128997,0.00571018299615468,-2.306378691190829,0.9900497512437811,0.0,0,0.9099812505287581,0.005850088469915217,-4.605323635623626,1.0,0.0,0
whale,song,skip,zipf,0.0,7,0.5,8,3,40.0,0.8,1.0,0.05,0.8569759225302276,0,-1.245790135888922,95.5,0.5774048627591826,215.76363636363635,45698,8,0.6115464272272281,0.012399402080450527,19.793655670700044,0.004975124378109453,0.0,0,0.8988141384871381,0.004367137951554796,-9.58023685558529,1.0,0.0,0,0.9092051978700033,0.0051404932683828935,-10.160362559176372,1.0,0.0,0
whale,song,skip,zipf,0.0,8,0.5,8,3,40.0,0.8,1.0,0.05,0.8735936954692607,0,-1.241736858615896,96.5,0.641278221733947,226.65454545454546,45702,8,0.6504553539713892,0.010961115972079324,20.357264904984135,0.004975124378109453,0.0,0,0.8904310236140178,0.005908078530083907,-2.8498822517374376,0.9900497512437811,0.0,0,0.905398635234083,0.006272064183772016,-5.070888758937233,1.0,0.0,0
whale,song,skip,zipf,0.0,9,0.5,8,3,40.0,0.8,1.0,0.05,0.8806847924227629,0,-1.277759282983852,99.625,0.5999706387453922,206.94545454545454,45678,8,0.6324032345978396,0.011023178956924071,22.523589501281595,0.004975124378109453,0.0,0,0.9037705165887622,0.003995353734503455,-5.7781427378090235,1.0,0.0,0,0.912507877100869,0.004784627648585901,-6.651109974568545,1.0,0.0,0
whale,song,skip,zipf,0.0,10,0.5,8,3,40.0,0.8,1.0,0.05,0.8836856829488026,0,-1.2590665900639721,97.875,0.5996359797328549,203.29090909090908,45872,8,0.6184669696730158,0.011688610554804595,22.69035417274372,0.004975124378109453,0.0,0,0.8896707805196604,0.004685537160637831,-1.2773556938438875,0.9054726368159204,0.0,0,0.9160353345505083,0.004627940896099682,-6.990074490572965,1.0,0.0,0
whale,song,skip,zipf,0.0,11,0.5,8,3,40.0,0.8,1.0,0.05,0.8817695870917276,0,-1.3477793909260156,96.875,0.5974221414869539,233.70909090909092,45990,8,0.6397551421923864,0.01166844536221161,20.74093312234273,0.004975124378109453,0.0,0,0.9040359877137972,0.0036983273121250905,-6.020667924406933,1.0,0.0,0,0.9186190079348926,0.004619507265485384,-7.976915875527504,1.0,0.0,0
whale,song,skip,zipf,0.0,12,0.5,8,3,40.0,0.8,1.0,0.05,0.8591017993079009,0,-1.2581054372676523,96.625,0.6250786687180322,197.34545454545454,45812,8,0.6271834038234363,0.010852752735287163,21.369545694190002,0.004975124378109453,0.0,0,0.8770679297283738,0.007261237740500797,-2.4742517822083876,1.0,0.0,0,0.8994579761747101,0.005801967664735605,-6.955601823170154,1.0,0.0,0
whale,song,skip,zipf,0.0,13,0.5,8,3,40.0,0.8,1.0,0.05,0.8848061837008041,0,-1.2361363723727268,113.75,0.6085453632933853,202.9090909090909,45645,8,0.6111005544253113,0.011960320951108251,22.884471946392964,0.004975124378109453,0.0,0,0.8730350852248913,0.006175604708638114,1.9060641072845945,0.01990049751243781,0.0,0,0.9035980183082479,0.005209961976283798,-3.6069043676299173,1.0,0.0,0
whale,song,skip,zipf,0.0,14,0.5,8,3,40.0,0.8,1.0,0.05,0.9034317845545095,0,-1.2834028421621522,113.375,0.5645880933001873,201.27272727272728,45827,8,0.6375933372699859,0.011023035358753257,24.116628372549354,0.004975124378109453,0.0,0,0.892204423610842,0.005003046488625114,2.2441048607471337,0.024875621890547265,0.0,0,0.9063671919907079,0.00576020966910531,-0.5096007966415573,0.7164179104477612,0.0,0
whale,song,skip,zipf,0.0,15,0.5,8,3,40.0,0.8,1.0,0.05,0.8793735481594777,0,-1.2974254121532347,101.875,0.6332961117458978,214.21818181818182,45767,8,0.6162648340979527,0.012498105970931412,21.051886955789424,0.004975124378109453,0.0,0,0.8958363040402196,0.005513369921431739,-2.9859697635646487,1.0,0.0,0,0.917869773623886,0.004173877109371886,-9.223133421434518,1.0,0.0,0
whale,song,skip,zipf,0.0,16,0.5,8,3,40.0,0.8,1.0,0.05,0.8671612921574562,0,-1.1927773567667355,110.25,0.5748853442631371,182.61818181818182,45556,8,0.6286481894172167,0.013857039683302617,17.212413920387466,0.004975124378109453,0.0,0,0.8896619910919966,0.00415327907118604,-5.417574535417619,1.0,0.0,0,0.9051606236095363,0.005022862100783897,-7.565274675995927,1.0,0.0,0
whale,song,skip,zipf,0.0,17,0.5,8,3,40.0,0.8,1.0,0.05,0.8997208076565826,0,-1.247347087333434,118.75,0.6043408585812413,195.01818181818183,45564,8,0.6193943541468258,0.011595824885702656,24.174774651468898,0.004975124378109453,0.0,0,0.8869188576259872,0.005747805974404127,2.227275953225359,0.03980099502487562,0.0,0,0.9071209426636672,0.005043752456447618,-1.4671883822578793,0.9154228855721394,0.0,0
whale,song,skip,zipf,0.0,18,0.5,8,3,40.0,0.8,1.0,0.05,0.8639205081618555,0,-1.270608622497514,92.75,0.6299930230848185,211.78181818181818,45808,8,0.6177565541167027,0.011988012723888834,20.53417523945527,0.004975124378109453,0.0,0,0.8860301613778246,0.0062329853095198845,-3.5472012395408976,1.0,0.0,0,0.9053794984487809,0.005674603679495651,-7.306059176737105,1.0,0.0,0
whale,song,skip,zipf,0.0,19,0.5,8,3,40.0,0.8,1.0,0.05,0.9125507370516753,0,-1.2930685449549344,106.5,0.6116690309276737,189.8909090909091,45713,8,0.6220637372944124,0.011565227244403122,25.117275572586887,0.004975124378109453,0.0,0,0.8949995082117116,0.005307242323388782,3.3070336288614994,0.004975124378109453,0.0,0,0.9114851332973177,0.005350971874668167,0.19914209592508544,0.4228855721393035,0.0,0
whale,song,skip,zipf,0.0,20,0.5,8,3,40.0,0.8,1.0,0.05,0.8865342924841861,0,-1.299246197649406,111.0,0.5787155088884329,198.4,45838,8,0.6217397610317487,0.012463230300742326,21.246059413398307,0.004975124378109453,0.0,0,0.9028992462878821,0.004012898246704955,-4.0780884033462454,1.0,0.0,0,0.917768420064386,0.003915377491362452,-7.977296607824946,1.0,0.0,0
whale,song,skip,zipf,0.0,21,0.5,8,3,40.0,0.8,1.0,0.05,0.8956547728038398,0,-1.2265561635599995,111.75,0.6235174243004529,208.76363636363635,45651,8,0.6278580509176812,0.012294682291063754,21.781508098082654,0.004975124378109453,0.0,0,0.8880450628101576,0.005802574271722995,1.3114368963385206,0.08955223880597014,0.0,0,0.9059272647498423,0.006090439143312838,-1.6866586635680465,0.9303482587064676,0.0,0
whale,song,skip,zipf,0.0,22,0.5,8,3,40.0,0.8,1.0,0.05,0.889381515344049,0,-1.243920995872573,111.375,0.5574737003291904,214.3272727272727,45702,8,0.6154382847160258,0.012023211854773133,22.78452995230801,0.004975124378109453,0.0,0,0.8916395581514592,0.004372079354364538,-0.5164688525509304,0.6965174129353234,0.0,0,0.9060671122413951,0.0053079384276396215,-3.1435174173197895,1.0,0.0,0
whale,song,skip,zipf,0.0,23,0.5,8,3,40.0,0.8,1.0,0.05,0.8737096430844121,0,-1.3043584120166276,100.25,0.6374463383941215,205.5090909090909,45546,8,0.6482610548742804,0.010014524894772964,22.512160145290924,0.004975124378109453,0.0,0,0.8986405036318879,0.006903731324121942,-3.611215352539315,1.0,0.0,0,0.9179448822416002,0.004687531558848582,-9.436787486515348,1.0,0.0,0
whale,song,skip,zipf,0.0,24,0.5,8,3,40.0,0.8,1.0,0.05,0.8775727072905237,0,-1.2826421757265691,105.25,0.6258508409883183,200.23636363636365,45763,8,0.5977618032862779,0.011615443847304322,24.089557634010127,0.004975124378109453,0.0,0,0.9006385912569621,0.004091931188287956,-5.636918830027794,1.0,0.0,0,0.9096026446690593,0.004629706112790896,-6.918352180075452,1.0,0.0,0
whale,song,skip,zipf,0.0,25,0.5,8,3,40.0,0.8,1.0,0.05,0.9182368892373836,0,-1.2916362937719092,111.25,0.6202219707755309,198.56363636363636,45865,8,0.618715504501226,0.011634162629499796,25.744988640324284,0.004975124378109453,0.0,0,0.8970108070010991,0.004256823107682814,4.986366992317601,0.004975124378109453,0.0,0,0.9149949749667249,0.00459449584015506,0.7056082720382358,0.22388059701492538,0.0,0
whale,song,skip,zipf,0.0,26,0.5,8,3,40.0,0.8,1.0,0.05,0.8509497220529527,0,-1.2598234795240555,94.875,0.6562534579276244,204.43636363636364,45682,8,0.632745885294534,0.010991688129930186,19.851712874226592,0.004975124378109453,0.0,0,0.8982112390977096,0.004577918506694603,-10.323800429309335,1.0,0.0,0,0.9158873418714566,0.004586337857332653,-14.158926323903806,1.0,0.0,0
whale,song,skip,zipf,0.0,27,0.5,8,3,40.0,0.8,1.0,0.05,0.8717371341127815,0,-1.2810649753745749,101.75,0.5686641812845147,222.1818181818182,46108,8,0.6374010966402327,0.01219214052533346,19.220253981295023,0.004975124378109453,0.0,0,0.8989904672096012,0.0046063889923642016,-5.9164202463135975,1.0,0.0,0,0.9125766367907316,0.0046751315829487074,-8.735476628487053,1.0,0.0,0
whale,song,skip,zipf,0.0,28,0.5,8,3,40.0,0.8,1.0,0.05,0.8848113955557536,0,-1.2344877299088957,112.5,0.6100571202069381,187.38181818181818,45724,8,0.5913820564116213,0.010803598061657375,27.16033468382453,0.004975124378109453,0.0,0,0.8737918948805958,0.008979983599497634,1.2271181292329132,0.07462686567164178,0.0,0,0.9027869585107914,0.0062891499203343556,-2.8581864294438892,0.9950248756218906,0.0,0
whale,song,skip,zipf,0.0,29,0.5,8,3,40.0,0.8,1.0,0.05,0.8866200399846796,0,-1.2784755796746692,114.0,0.5861401308217966,212.54545454545453,45862,8,0.6184781476769826,0.012452330388073925,21.533470760180506,0.004975124378109453,0.0,0,0.8885606798515834,0.004788165145994434,-0.40529927597154625,0.6716417910447762,0.0,0,0.9067907955606054,0.005291631591161074,-3.811821595747169,1.0,0.0,0
whale,song,skip,zipf,0.8,0,0.5,8,3,40.0,0.8,1.0,0.05,0.931116810620265,0,-1.2360174308996783,115.875,0.4658169192633731,164.9090909090909,46157,8,0.6219727492224283,0.009802537363372834,31.537146958802015,0.004975124378109453,0.0,0,0.8974188409298353,0.004066568434668597,8.286586155330719,0.004975124378109453,0.0,0,0.8909146444936556,0.0059935488688916145,6.7075729264962005,0.004975124378109453,0.0,0
whale,song,skip,zipf,0.8,1,0.5,8,3,40.0,0.8,1.0,0.05,0.9050831345548457,0,-1.2236836491416412,112.25,0.39130467576459305,156.52727272727273,45596,8,0.6230564348726774,0.010917948600345154,25.831473476001936,0.004975124378109453,0.0,0,0.8923188050140664,0.00503935084888867,2.5329313087208942,0.01990049751243781,0.0,0,0.897397169533557,0.006012915246652716,1.2782427002554795,0.11442786069651742,0.0,0
whale,song,skip,zipf,0.8,2,0.5,8,3,40.0,0.8,1.0,0.05,0.932622351832872,0,-1.2329835646097984,117.5,0.4415823335668219,160.16363636363636,45760,8,0.5943559885801541,0.012614430528156782,26.815825137541527,0.004975124378109453,0.0,0,0.8958825960083304,0.004454327170206063,8.248104465761989,0.004975124378109453,0.0,0,0.9006845493133873,0.005737317478515187,5.5666786157614245,0.004975124378109453,0.0,0
whale,song,skip,zipf,0.8,3,0.5,8,3,40.0,0.8,1.0,0.05,0.9343182666624554,0,-1.2294875577922666,117.375,0.48736928058060003,151.27272727272728,45923,8,0.6126899979756943,0.012337889395409524,26.06833781525284,0.004975124378109453,0.0,0,0.893649239686011,0.006436229745736355,6.318765579085403,0.004975124378109453,0.0,0,0.8980955334363372,0.006458838707603603,5.608242420340268,0.004975124378109453,0.0,0
whale,song,skip,zipf,0.8,4,0.5,8,3,40.0,0.8,1.0,0.05,0.9111758797488496,0,-1.2378145819808515,102.875,0.5077939365389752,172.87272727272727,45181,8,0.6095181054284424,0.012741656424464879,23.674926106248087,0.004975124378109453,0.0,0,0.8992538835135073,0.004160468795042336,2.8655415585735633,0.014925373134328358,0.0,0,0.900865424423464,0.005387046582160069,1.9139346890984983,0.029850746268656716,0.0,0
whale,song,skip,zipf,0.8,5,0.5,8,3,40.0,0.8,1.0,0.05,0.9253031291531421,0,-1.3403380941599563,103.5,0.5123850412495172,204.16363636363636,46309,8,0.6381549644148827,0.012840205921025409,22.363205582868712,0.004975124378109453,0.0,0,0.9021886395937762,0.004793582945847774,4.821965077163793,0.004975124378109453,0.0,0,0.9053648687366384,0.0064400218254215096,3.095992677819646,0.004975124378109453,0.0,0
whale,song,skip,zipf,0.8,6,0.5,8,3,40.0,0.8,1.0,0.05,0.9212990551965788,0,-1.2473207239616808,118.25,0.4132750793160106,158.43636363636364,45491,8,0.6120413201870716,0.013325713279099224,23.20759335971636,0.004975124378109453,0.0,0,0.8990565683030308,0.004341386644767215,5.123360049111834,0.004975124378109453,0.0,0,0.8993823799424624,0.005964914798771116,3.6742645944635606,0.004975124378109453,0.0,0
whale,song,skip,zipf,0.8,7,0.5,8,3,40.0,0.8,1.0,0.05,0.9298483745257079,0,-1.2379571657237687,123.25,0.39208077751059245,174.8181818181818,46111,8,0.6485938102816817,0.0115678991870711,24.313365780224924,0.004975124378109453,0.0,0,0.9023962167117593,0.00416450044628883,6.591944980678879,0.004975124378109453,0.0,0,0.9006556069427841,0.0063377675030953685,4.6061594352689665,0.004975124378109453,0.0,0
whale,song,skip,zipf,0.8,8,0.5,8,3,40.0,0.8,1.0,0.05,0.9291197702017524,0,-1.2797587544287619,102.875,0.5407207739993863,155.78181818181818,45371,8,0.5914707813654658,0.012370510678766619,27.294668555263826,0.004975124378109453,0.0,0,0.8977918232479898,0.005086083854726266,6.1595419675692105,0.004975124378109453,0.0,0,0.9037364909473766,0.00555314252984798,4.570975644500638,0.004975124378109453,0.0,0
whale,song,skip,zipf,0.8,9,0.5,8,3,40.0,0.8,1.0,0.05,0.9326831975655812,0,-1.2500469688288394,112.25,0.4824561757255815,164.6727272727273,45698,8,0.6391634753890582,0.010769721537742076,27.25416076431451,0.004975124378109453,0.0,0,0.8947924280615286,0.005524132775984636,6.859134463381688,0.004975124378109453,0.0,0,0.8937949518540873,0.006139193127752679,6.334422928592463,0.004975124378109453,0.0,0
whale,song,skip,zipf,0.8,10,0.5,8,3,40.0,0.8,1.0,0.05,0.9137353004986559,0,-1.294976240529131,105.375,0.4431032567973916,183.52727272727273,45861,8,0.6105709040297057,0.012775366266980791,23.730387852167404,0.004975124378109453,0.0,0,0.8958357100017399,0.004446439304853572,4.02560099659462,0.009950248756218905,0.0,0,0.8985399929016984,0.005652893109400372,2.688058539739373,0.004975124378109453,0.0,0
whale,song,skip,zipf,0.8,11,0.5,8,3,40.0,0.8,1.0,0.05,0.9202407137106849,0,-1.2030417217146847,118.125,0.4314973136773026,149.72727272727272,45807,8,0.6447224826102845,0.008819821951004014,31.23852529347676,0.004975124378109453,0.0,0,0.9034086663710739,0.0038835351473169672,4.334207545730569,0.004975124378109453,0.0,0,0.9009592964066614,0.006789199661305808,2.8400132955163437,0.004975124378109453,0.0,0
whale,song,skip,zipf,0.8,12,0.5,8,3,40.0,0.8,1.0,0.05,0.9161051181214179,0,-1.277160167083165,111.0,0.4463168900746451,179.5818181818182,45272,8,0.6351953489961414,0.01093899342821325,25.679672537399053,0.004975124378109453,0.0,0,0.8981751737773511,0.0039519477862707255,4.536989179451301,0.004975124378109453,0.0,0,0.9038039442379122,0.0061695697649735304,1.9938463056764686,0.014925373134328358,0.0,0
whale,song,skip,zipf,0.8,13,0.5,8,3,40.0,0.8,1.0,0.05,0.9163213189339416,0,-1.2612883950999714,105.625,0.4534950565653126,174.36363636363637,45791,8,0.6071303745786016,0.01263795667272924,24.465263836718666,0.004975124378109453,0.0,0,0.8879197896906907,0.00696034954725578,4.080474558127418,0.004975124378109453,0.0,0,0.8960556667423367,0.005949536118049953,3.4062575282335263,0.004975124378109453,0.0,0
whale,song,skip,zipf,0.8,14,0.5,8,3,40.0,0.8,1.0,0.05,0.9041783835812341,0,-1.302412285987742,104.625,0.4827412598710477,180.74545454545455,46026,8,0.6387037942904383,0.011508795858103162,23.067103853778008,0.004975124378109453,0.0,0,0.8987333550532702,0.0060511093279865535,0.899839720756738,0.1691542288557214,0.0,0,0.9125191890286416,0.005302591992576027,-1.5729676088760214,0.945273631840796,0.0,0
whale,song,skip,zipf,0.8,15,0.5,8,3,40.0,0.8,1.0,0.05,0.9195604853986026,0,-1.321222210508208,104.125,0.4786925426258474,197.1818181818182,45818,8,0.6288514826648905,0.011292930846753695,25.74256467861753,0.004975124378109453,0.0,0,0.9073331340008545,0.00391758944948264,3.1211415987866884,0.009950248756218905,0.0,0,0.9027489157412804,0.005297916287334294,3.1732418455749425,0.004975124378109453,0.0,0
whale,song,skip,zipf,0.8,16,0.5,8,3,40.0,0.8,1.0,0.05,0.9164796665362016,0,-1.2095470884178523,121.75,0.4405033991757444,158.6,45897,8,0.6298100517369821,0.012077190186857082,23.736449485674715,0.004975124378109453,0.0,0,0.8840101561045877,0.006144874017240057,5.283999369314569,0.004975124378109453,0.0,0,0.893651505981189,0.006769185903781412,3.372364251698314,0.004975124378109453,0.0,0
whale,song,skip,zipf,0.8,17,0.5,8,3,40.0,0.8,1.0,0.05,0.9141551540290551,0,-1.2697502890732868,112.0,0.4443884822487816,174.3272727272727,45841,8,0.6093859542745464,0.010312454508683573,29.553507314662927,0.004975124378109453,0.0,0,0.9010703744445085,0.004348373398103267,3.009120511650188,0.004975124378109453,0.0,0,0.9023743659372185,0.005118635334291434,2.3015486203741022,0.004975124378109453,0.0,0
whale,song,skip,zipf,0.8,18,0.5,8,3,40.0,0.8,1.0,0.05,0.921811332366995,0,-1.2723106627572163,113.0,0.42640700393915104,161.29090909090908,45479,8,0.6273262685558103,0.01130654350218433,26.045542897729323,0.004975124378109453,0.0,0,0.8981827382030099,0.0043981097659398175,5.372443031543118,0.004975124378109453,0.0,0,0.9086170248844659,0.005620366005771343,2.347588656856207,0.009950248756218905,0.0,0
whale,song,skip,zipf,0.8,19,0.5,8,3,40.0,0.8,1.0,0.05,0.9288516723565796,0,-1.2222715356524607,112.25,0.4632059321647571,168.4181818181818,45572,8,0.6182371012122893,0.012567156680636687,24.71637610939325,0.004975124378109453,0.0,0,0.886175675574517,0.006569453126071836,6.4961262319837,0.004975124378109453,0.0,0,0.9076570782580227,0.004909866455585569,4.316735351212155,0.004975124378109453,0.0,0
whale,song,skip,zipf,0.8,20,0.5,8,3,40.0,0.8,1.0,0.05,0.9197681596051498,0,-1.2236822106369467,120.125,0.4570758095044943,163.52727272727273,45583,8,0.6122677040237127,0.012649505518227293,24.30928664668707,0.004975124378109453,0.0,0,0.8959457612198806,0.004849030777701223,4.912816494137144,0.004975124378109453,0.0,0,0.8925933447907548,0.0060415892648354895,4.497958007930708,0.004975124378109453,0.0,0
whale,song,skip,zipf,0.8,21,0.5,8,3,40.0,0.8,1.0,0.05,0.9381240875671992,0,-1.2647552566444396,112.0,0.48138249060994115,166.14545454545456,45294,8,0.5977254377275268,0.012623743791107677,26.9649523526811,0.004975124378109453,0.0,0,0.8957961903509863,0.0041407709834837365,10.222226098725542,0.004975124378109453,0.0,0,0.9086448500735415,0.005339226632889323,5.521256077063183,0.004975124378109453,0.0,0
whale,song,skip,zipf,0.8,22,0.5,8,3,40.0,0.8,1.0,0.05,0.9281733263758665,0,-1.3040311672765879,115.75,0.46970423991842364,176.01818181818183,46000,8,0.6391831195536862,0.011718776627152904,24.660441615772214,0.004975124378109453,0.0,0,0.8954029491352778,0.005115190290668351,6.406482531133137,0.004975124378109453,0.0,0,0.9145826155993848,0.005398774108008306,2.5173697777652517,0.004975124378109453,0.0,0
whale,song,skip,zipf,0.8,23,0.5,8,3,40.0,0.8,1.0,0.05,0.9061744525247202,0,-1.2909359797935847,100.25,0.4331999453120731,176.5818181818182,45833,8,0.6262752574714654,0.010531773834947192,26.576643160003655,0.004975124378109453,0.0,0,0.9069111541344728,0.004209549344870125,-0.17500723934982573,0.572139303482587,0.0,0,0.9077929350174488,0.005668853668869615,-0.2855043695370951,0.6417910447761194,0.0,0
whale,song,skip,zipf,0.8,24,0.5,8,3,40.0,0.8,1.0,0.05,0.9245705556388422,0,-1.2446851388109343,117.875,0.44674316610124626,174.9090909090909,45687,8,0.627655245191632,0.011245161987623382,26.403826887865222,0.004975124378109453,0.0,0,0.8991199890130378,0.004525579588267649,5.623714295464773,0.004975124378109453,0.0,0,0.9035624519508357,0.006648558358411877,3.1597983435652024,0.004975124378109453,0.0,0
whale,song,skip,zipf,0.8,25,0.5,8,3,40.0,0.8,1.0,0.05,0.8991961199290845,0,-1.2433151236518887,108.5,0.4951680935239307,175.6909090909091,45632,8,0.6212938952571698,0.012377234998752281,22.452690338345306,0.004975124378109453,0.0,0,0.8931389214734808,0.005321320210651589,1.1382886606746807,0.10945273631840796,0.0,0,0.891991556725836,0.007343691877993938,0.981054668815522,0.17412935323383086,0.0,0
whale,song,skip,zipf,0.8,26,0.5,8,3,40.0,0.8,1.0,0.05,0.9177254543838567,0,-1.3376194204159506,110.875,0.4317909692260757,195.5090909090909,45382,8,0.6483993543374506,0.010850182514978407,24.82226448030788,0.004975124378109453,0.0,0,0.9091344566961709,0.0038785446544969716,2.2150054860719393,0.01990049751243781,0.0,0,0.9188782175736318,0.005239612465352417,-0.22000924637038985,0.582089552238806,0.0,0
whale,song,skip,zipf,0.8,27,0.5,8,3,40.0,0.8,1.0,0.05,0.9240035055529068,0,-1.2782795923541428,110.875,0.47420701957317835,173.74545454545455,45424,8,0.6146819262415623,0.012072095817762916,25.62285654295486,0.004975124378109453,0.0,0,0.8891024887761987,0.0072416821540368026,4.8194626654875865,0.004975124378109453,0.0,0,0.9058463163732665,0.007265479450351745,2.4991040582684767,0.004975124378109453,0.0,0
whale,song,skip,zipf,0.8,28,0.5,8,3,40.0,0.8,1.0,0.05,0.8992035877687801,0,-1.2870259250775553,100.625,0.521490006219483,179.05454545454546,46218,8,0.6272020447146428,0.011340053875973866,23.985912768053602,0.004975124378109453,0.0,0,0.9076672299301225,0.0048939137895448554,-1.7294219974662794,0.9601990049751243,0.0,0,0.9028989257040811,0.005783643966316621,-0.6389290137536764,0.7263681592039801,0.0,0
whale,song,skip,zipf,0.8,29,0.5,8,3,40.0,0.8,1.0,0.05,0.9105632742047676,0,-1.1935833132371525,120.625,0.4287779017439904,153.6909090909091,45935,8,0.6280236587314518,0.012166913883137214,23.221962297678683,0.004975124378109453,0.0,0,0.8960708255610271,0.004829715566094806,3.000683672860407,0.004975124378109453,0.0,0,0.8970455582102267,0.00643448777646901,2.1008223908630788,0.014925373134328358,0.0,0
whale,song,skip,uniform,0.0,0,0.5,8,3,40.0,0.8,1.0,0.05,0.7356186421295499,0,-1.343420612427975,74.875,0.764662936294557,227.83636363636364,45756,8,0.5114569924514701,0.016375717799040464,13.688661005822565,0.004975124378109453,0.0,0,0.8850271058731163,0.003898172706153166,-38.32782049592851,1.0,0.0,0,0.8710688966153242,0.006512101782901859,-20.79977540299075,1.0,0.0,0
whale,song,skip,uniform,0.0,1,0.5,8,3,40.0,0.8,1.0,0.05,0.802750011096034,0,-1.2610542675058813,100.625,0.684362722527057,215.87272727272727,45836,8,0.5054265310041162,0.014934234384314987,19.908853205370107,0.004975124378109453,0.0,0,0.8580150494201121,0.007292446857281259,-7.578394386089736,1.0,0.0,0,0.8213893816420621,0.008583840018244585,-2.1714489676427866,0.9900497512437811,0.0,0
whale,song,skip,uniform,0.0,2,0.5,8,3,40.0,0.8,1.0,0.05,0.7527805224048028,0,-1.281765394510541,81.25,0.7194634280739343,212.25454545454545,45637,8,0.5135353110722689,0.014520688572263778,16.476161591229243,0.004975124378109453,0.0,0,0.875172849194757,0.005516119962102074,-22.188119118300175,1.0,0.0,0,0.843986104339973,0.007441409009448952,-12.256493604821241,1.0,0.0,0
whale,song,skip,uniform,0.0,3,0.5,8,3,40.0,0.8,1.0,0.05,0.8403062394878105,0,-1.3601718104456673,102.875,0.7102233258035209,231.0,45736,8,0.5421399361517735,0.015311170226016723,19.47377626495153,0.004975124378109453,0.0,0,0.8600698981340241,0.006752412146216111,-2.926903485488328,1.0,0.0,0,0.8546110837485554,0.007770022769538031,-1.8410299023609507,0.9651741293532339,0.0,0
whale,song,skip,uniform,0.0,4,0.5,8,3,40.0,0.8,1.0,0.05,0.8091002632517972,0,-1.2583008500558552,96.0,0.6788247735383018,209.54545454545453,45745,8,0.5274275597506801,0.014502122904380934,19.42286004320283,0.004975124378109453,0.0,0,0.8585905077102685,0.010405232635958953,-4.756284284066872,1.0,0.0,0,0.8472494203635736,0.008772579241954445,-4.348681962236365,1.0,0.0,0
whale,song,skip,uniform,0.0,5,0.5,8,3,40.0,0.8,1.0,0.05,0.8445083496047914,0,-1.3153508918614216,114.125,0.7085148047455764,189.2,45604,8,0.5141634418234172,0.015630065533310682,21.13522218300016,0.004975124378109453,0.0,0,0.8517152856598329,0.005805136784297842,-1.2414756659197714,0.900497512437811,0.0,0,0.835822595245906,0.008012259268609191,1.0840580749695496,0.14925373134328357,0.0,0
whale,song,skip,uniform,0.0,6,0.5,8,3,40.0,0.8,1.0,0.05,0.8103363233163308,0,-1.2563740404449633,107.0,0.6758399036279629,224.05454545454546,45930,8,0.5176745198463882,0.014629210842458412,20.005303541087063,0.004975124378109453,0.0,0,0.868554152258757,0.005762593268306013,-10.102713523548763,1.0,0.0,0,0.8633577227088999,0.007297066446246242,-7.266125337236636,1.0,0.0,0
whale,song,skip,uniform,0.0,7,0.5,8,3,40.0,0.8,1.0,0.05,0.7534469937153716,0,-1.254376763021373,87.25,0.6830854826086352,234.56363636363636,45929,8,0.5499349131838958,0.01382468019580884,14.720925015912744,0.004975124378109453,0.0,0,0.8609116715016569,0.006525900506437155,-16.46740977437245,1.0,0.0,0,0.8628528304652261,0.006117447395967951,-17.884230082953323,1.0,0.0,0
whale,song,skip,uniform,0.0,8,0.5,8,3,40.0,0.8,1.0,0.05,0.8350238149533717,0,-1.31058316069787,95.875,0.688318466328679,203.16363636363636,45804,8,0.5361793957414019,0.015580287303429037,19.180931223662203,0.004975124378109453,0.0,0,0.8652159865699249,0.005809799511894637,-5.196766524342111,1.0,0.0,0,0.8589899725246534,0.00713800312461815,-3.357543720963795,1.0,0.0,0
whale,song,skip,uniform,0.0,9,0.5,8,3,40.0,0.8,1.0,0.05,0.773829967934628,0,-1.275113877104298,85.25,0.668546147315295,243.1090909090909,45570,8,0.5286373564156848,0.015518654672130932,15.799862597578814,0.004975124378109453,0.0,0,0.8708107251747066,0.005710872985034602,-16.9817745017649,1.0,0.0,0,0.857309594002083,0.0066264424561138175,-12.597955331285396,1.0,0.0,0
whale,song,skip,uniform,0.0,10,0.5,8,3,40.0,0.8,1.0,0.05,0.7934461503531329,0,-1.326152576176024,87.125,0.7004308841117138,218.74545454545455,45911,8,0.5325972973844122,0.014845515245995759,17.57088579590249,0.004975124378109453,0.0,0,0.8714975866912006,0.005756809660577483,-13.558106128219302,1.0,0.0,0,0.855231759127054,0.006774079607322319,-9.120886135901769,1.0,0.0,0
whale,song,skip,uniform,0.0,11,0.5,8,3,40.0,0.8,1.0,0.05,0.7790749642939381,0,-1.326130994243043,88.25,0.7029841580124939,221.2,45917,8,0.5158883275000125,0.014896273010645203,17.667952017652112,0.004975124378109453,0.0,0,0.8685137467516074,0.006680327498782047,-13.388382900984386,1.0,0.0,0,0.8565382051581344,0.0061962977429954715,-12.501536252315132,1.0,0.0,0
whale,song,skip,uniform,0.0,12,0.5,8,3,40.0,0.8,1.0,0.05,0.7843819108908161,0,-1.2704258777527666,91.875,0.6927806949798749,216.8181818181818,45728,8,0.5072415979320088,0.016783719420472753,16.51244911904044,0.004975124378109453,0.000625,0,0.8723844909767542,0.004633241038555397,-18.993740958786056,1.0,0.0,0,0.8497717832750346,0.007656416539535473,-8.540532251160117,1.0,0.0,0
whale,song,skip,uniform,0.0,13,0.5,8,3,40.0,0.8,1.0,0.05,0.8411265789375104,0,-1.3035179229577296,101.625,0.7155251286154591,213.38181818181818,45570,8,0.5401931861155133,0.014515724811732297,20.731544357934407,0.004975124378109453,0.0,0,0.8549892677310663,0.010767216120198228,-1.2874905304028283,0.9253731343283582,0.0,0,0.8500389999021235,0.007695272387646299,-1.1581683552775537,0.8805970149253731,0.0,0
whale,song,skip,uniform,0.0,14,0.5,8,3,40.0,0.8,1.0,0.05,0.7689350925671006,0,-1.2590140904275042,84.5,0.7010077692837582,237.03636363636363,45566,8,0.5162139382377561,0.016107893076509214,15.689274390447618,0.004975124378109453,0.000625,0,0.8533754383390254,0.009162084504229187,-9.21628104750043,1.0,0.0,0,0.8635928941975212,0.007316021185726543,-12.93842639700069,1.0,0.0,0
whale,song,skip,uniform,0.0,15,0.5,8,3,40.0,0.8,1.0,0.05,0.7871882598116937,0,-1.3016335300514936,93.5,0.6864732386527781,224.65454545454546,45665,8,0.5328410200068032,0.013661948180847466,18.617201327220453,0.004975124378109453,0.0,0,0.8740029193600464,0.007819342192242425,-11.102552799707569,1.0,0.0,0,0.8710957054157507,0.00682989902692937,-12.285312751070142,1.0,0.0,0
whale,song,skip,uniform,0.0,16,0.5,8,3,40.0,0.8,1.0,0.05,0.8282722667676077,0,-1.290218195629871,103.5,0.6769914106108365,197.38181818181818,45860,8,0.517418262183138,0.015667580837912466,19.840587248304733,0.004975124378109453,0.0,0,0.8446234517399591,0.00967964494889109,-1.6892339604072615,0.9701492537313433,0.0,0,0.821437331463794,0.009057846564136635,0.754587225055861,0.263681592039801,0.0,0
whale,song,skip,uniform,0.0,17,0.5,8,3,40.0,0.8,1.0,0.05,0.8116274237436727,0,-1.3558858892443884,89.625,0.7115755188495326,232.6,45888,8,0.5344082115519738,0.014095259580420705,19.667549264348107,0.004975124378109453,0.0,0,0.8910482672193423,0.003616146849669368,-21.962836902746687,1.0,0.0,0,0.8834040078363745,0.005711941220792808,-12.566057898393314,1.0,0.0,0
whale,song,skip,uniform,0.0,18,0.5,8,3,40.0,0.8,1.0,0.05,0.8517759895378636,0,-1.271632676739379,112.25,0.6371575533966402,201.76363636363635,45740,8,0.5506001626272805,0.012735274769257881,23.648946125418654,0.004975124378109453,0.0,0,0.833650522925292,0.00832231447401315,2.1779357976881704,0.024875621890547265,0.0,0,0.8256890605554811,0.00865581187268251,3.0138049863019902,0.004975124378109453,0.0,0
whale,song,skip,uniform,0.0,19,0.5,8,3,40.0,0.8,1.0,0.05,0.8295265015111557,0,-1.3180420753536677,103.625,0.6766198167540616,213.92727272727274,45669,8,0.5523744885355942,0.014775671467918552,18.757321017682578,0.004975124378109453,0.0,0,0.8615792593089425,0.00786015980350649,-4.077876099095057,1.0,0.0,0,0.8520834870925398,0.007879223198816983,-2.8628438378000096,0.9900497512437811,0.0,0
whale,song,skip,uniform,0.0,20,0.5,8,3,40.0,0.8,1.0,0.05,0.8125202699839635,0,-1.2803960224303668,96.25,0.7008108061357367,202.43636363636364,45708,8,0.5253007146052427,0.015295045707459954,18.778600657507894,0.004975124378109453,0.0,0,0.8560263489407874,0.006913633269968113,-6.29279530139506,1.0,0.0,0,0.8285667871138203,0.00793536453106605,-2.0221524880219968,0.9751243781094527,0.0,0
whale,song,skip,uniform,0.0,21,0.5,8,3,40.0,0.8,1.0,0.05,0.759229544140084,0,-1.2626860426747974,82.0,0.7139449013253225,236.0,45781,8,0.5125260681499201,0.014628706544794408,16.864339662207033,0.004975124378109453,0.0,0,0.8754884404569867,0.006147820933645773,-18.910585973745818,1.0,0.0,0,0.8625158919021366,0.006888448715112332,-14.994137582160727,1.0,0.0,0
whale,song,skip,uniform,0.0,22,0.5,8,3,40.0,0.8,1.0,0.05,0.7769121322601771,0,-1.285236926478237,87.375,0.7495554170635432,211.8,45923,8,0.5020618125453716,0.014920584620584477,18.42088140002378,0.004975124378109453,0.0,0,0.8549914402437884,0.008677962010993967,-8.997424497214196,1.0,0.0,0,0.839820624935276,0.007558855794916911,-8.32248879749801,1.0,0.0,0
whale,song,skip,uniform,0.0,23,0.5,8,3,40.0,0.8,1.0,0.05,0.7677438880228895,0,-1.270102571257134,84.375,0.7141816131507241,228.29090909090908,45857,8,0.5155418469055778,0.014029109504684327,17.977052715505664,0.004975124378109453,0.0,0,0.8741629099379006,0.0049765452790093674,-21.38411607825155,1.0,0.0,0,0.862011072719938,0.006618439976972788,-14.24311242906602,1.0,0.0,0
whale,song,skip,uniform,0.0,24,0.5,8,3,40.0,0.8,1.0,0.05,0.7345811332339275,0,-1.2925377721216407,79.625,0.7351902077068813,232.83636363636364,45651,8,0.506976096375108,0.01548127349224667,14.70195827060407,0.004975124378109453,0.0,0,0.8897482882300011,0.0033747258918041417,-45.97918763503504,1.0,0.0,0,0.8732210176313657,0.006330174062829502,-21.901433202528413,1.0,0.0,0
whale,song,skip,uniform,0.0,25,0.5,8,3,40.0,0.8,1.0,0.05,0.8050403887420801,0,-1.334519947316997,90.5,0.7049104511400158,216.23636363636365,45791,8,0.5206723233427413,0.015445323358746982,18.411273030311516,0.004975124378109453,0.0,0,0.865941415258795,0.006278616633577146,-9.699752361216786,1.0,0.0,0,0.8574704076873068,0.0060841039991457,-8.617541539820598,1.0,0.0,0
whale,song,skip,uniform,0.0,26,0.5,8,3,40.0,0.8,1.0,0.05,0.8266899355882745,0,-1.3134737609377858,102.25,0.6516775950528383,234.8,45694,8,0.5403759465354351,0.015485327922127092,18.489372036075736,0.004975124378109453,0.0,0,0.8681099682143038,0.00627027251166205,-6.605778704034362,1.0,0.0,0,0.8636163671108773,0.00698794225430158,-5.284306907354866,1.0,0.0,0
whale,song,skip,uniform,0.0,27,0.5,8,3,40.0,0.8,1.0,0.05,0.7852350086671969,0,-1.2935742459585473,89.5,0.7330684779222678,212.27272727272728,45859,8,0.5381941834086816,0.01467908811722338,16.82943949145284,0.004975124378109453,0.0,0,0.8675353955658852,0.007620558672317016,-10.799783905300618,1.0,0.0,0,0.8526890646470929,0.007352272199572345,-9.174586325002988,1.0,0.0,0
whale,song,skip,uniform,0.0,28,0.5,8,3,40.0,0.8,1.0,0.05,0.7964034706244456,0,-1.2695397965850024,92.25,0.7163936534921209,221.29090909090908,46069,8,0.5229715068513654,0.01570827749130668,17.40687124507469,0.004975124378109453,0.0,0,0.8532254239667892,0.008291204985037862,-6.853280487562829,1.0,0.0,0,0.8501455754008117,0.007519074241937515,-7.147436379417612,1.0,0.0,0
whale,song,skip,uniform,0.0,29,0.5,8,3,40.0,0.8,1.0,0.05,0.7952198907663901,0,-1.2560625899064588,90.0,0.6809769032703535,220.85454545454544,45954,8,0.5300261841536981,0.014343682467283972,18.488537181268725,0.004975124378109453,0.0,0,0.8612554359375363,0.007580184442639851,-8.71160136944489,1.0,0.0,0,0.8485154579474361,0.006968059731982667,-7.648551997398201,1.0,0.0,0
whale,song,skip,uniform,0.8,0,0.5,8,3,40.0,0.8,1.0,0.05,0.9159039110610762,0,-1.2364666251345646,122.375,0.5082177195161732,172.23636363636365,45603,8,0.5254167126516284,0.014222068430418735,27.45642803786951,0.004975124378109453,0.0,0,0.846931149368045,0.007034234451618024,9.805297529877743,0.004975124378109453,0.0,0,0.8386146150258285,0.0084291628096423,9.169273127200109,0.004975124378109453,0.0,0
whale,song,skip,uniform,0.8,1,0.5,8,3,40.0,0.8,1.0,0.05,0.8966243173172883,0,-1.3021736737011707,114.375,0.4947132037690069,188.38181818181818,45799,8,0.5411390346300354,0.014003630220670391,25.385223480303726,0.004975124378109453,0.0,0,0.8734959584840086,0.005225071059763847,4.426419960367964,0.004975124378109453,0.0,0,0.8386335984662,0.008356298773281494,6.939761301559533,0.004975124378109453,0.0,0
whale,song,skip,uniform,0.8,2,0.5,8,3,40.0,0.8,1.0,0.05,0.9033930970091679,0,-1.2672826518412528,117.5,0.4938581858924787,180.38181818181818,46152,8,0.5477552384510476,0.014180862945984795,25.078717699532987,0.004975124378109453,0.0,0,0.8744569075541717,0.006319326588491666,4.578998893282847,0.004975124378109453,0.0,0,0.8523789739079475,0.007571371383926755,6.737765262646896,0.004975124378109453,0.0,0
whale,song,skip,uniform,0.8,3,0.5,8,3,40.0,0.8,1.0,0.05,0.9149002395815189,0,-1.2394343621317812,128.375,0.47249188000138426,159.6909090909091,45301,8,0.5241348646539611,0.01671846739876639,23.37327732303927,0.004975124378109453,0.0,0,0.8741549479956235,0.006078433991203334,6.703254760167115,0.004975124378109453,0.0,0,0.8209295269046809,0.0088573737183128,10.609320060928628,0.004975124378109453,0.0,0
whale,song,skip,uniform,0.8,4,0.5,8,3,40.0,0.8,1.0,0.05,0.9032573158772861,0,-1.2349570905451417,113.375,0.5271728766444419,174.05454545454546,45381,8,0.5150782595653982,0.015565821003486703,24.937910838428426,0.004975124378109453,0.0,0,0.8561272445942241,0.00868280693190587,5.427976419684941,0.004975124378109453,0.0,0,0.8261534190406964,0.008692966096782257,8.869687972800223,0.004975124378109453,0.0,0
whale,song,skip,uniform,0.8,5,0.5,8,3,40.0,0.8,1.0,0.05,0.9163530452316241,0,-1.2874734507096528,117.625,0.49585418605869863,173.6727272727273,45377,8,0.5481490632753893,0.013957244880881792,26.38084988109576,0.004975124378109453,0.0,0,0.8679677315666325,0.006218028346580542,7.781455948427754,0.004975124378109453,0.0,0,0.8359538357466662,0.008379447623630248,9.594810194675624,0.004975124378109453,0.0,0
whale,song,skip,uniform,0.8,6,0.5,8,3,40.0,0.8,1.0,0.05,0.894933244043495,0,-1.3294041225597455,114.0,0.4799545268448889,191.6,45343,8,0.5575501719493461,0.013685747579910387,24.652147800051566,0.004975124378109453,0.0,0,0.8732367996480193,0.006229774964347166,3.482701144045147,0.009950248756218905,0.0,0,0.86141026886063,0.0074044565640290745,4.52740520428196,0.004975124378109453,0.0,0
whale,song,skip,uniform,0.8,7,0.5,8,3,40.0,0.8,1.0,0.05,0.886475212689308,0,-1.2846005839626735,118.25,0.5064702109010255,177.94545454545454,45557,8,0.546887926416907,0.013798939348680872,24.609665836734347,0.004975124378109453,0.0,0,0.8743202051331699,0.005493197444984816,2.212738150753231,0.01990049751243781,0.0,0,0.8465062332859233,0.0066227496771090475,6.035103446765304,0.004975124378109453,0.0,0
whale,song,skip,uniform,0.8,8,0.5,8,3,40.0,0.8,1.0,0.05,0.9162696864450544,0,-1.2709008914459685,114.75,0.5041497279410718,179.54545454545453,45760,8,0.5357520496963162,0.012767320391846759,29.804032880050354,0.004975124378109453,0.0,0,0.8600990341250084,0.005915938534595735,9.494799851547873,0.004975124378109453,0.0,0,0.833786141414956,0.008068268381362322,10.223202939138108,0.004975124378109453,0.0,0
whale,song,skip,uniform,0.8,9,0.5,8,3,40.0,0.8,1.0,0.05,0.9178555602145617,0,-1.2593081901207244,113.5,0.5131102460611384,160.85454545454544,45696,8,0.4924597062979285,0.015328541103045096,27.751881347150906,0.004975124378109453,0.0,0,0.860735858579295,0.006526726685696511,8.7516613435715,0.004975124378109453,0.0,0,0.8125829662154007,0.008476578565982523,12.419231790245174,0.004975124378109453,0.0,0
whale,song,skip,uniform,0.8,10,0.5,8,3,40.0,0.8,1.0,0.05,0.9069801170415825,0,-1.2745368891269986,113.75,0.5118108581155858,163.0,45581,8,0.4751477981334729,0.015534435167517508,27.798392040096232,0.004975124378109453,0.0,0,0.8605520996888282,0.008066775103674116,5.755461972853084,0.004975124378109453,0.0,0,0.8253037843934269,0.010132774497609905,8.060608934642854,0.004975124378109453,0.0,0
whale,song,skip,uniform,0.8,11,0.5,8,3,40.0,0.8,1.0,0.05,0.9051719204443365,0,-1.2775751760121956,121.125,0.4980015428223532,168.16363636363636,46335,8,0.5082159140451941,0.01529849675743478,25.947386380052624,0.004975124378109453,0.0,0,0.8674063765128379,0.006178217198928828,6.112692823108631,0.004975124378109453,0.0,0,0.8205328299647046,0.00941983856987342,8.98519543108999,0.004975124378109453,0.0,0
whale,song,skip,uniform,0.8,12,0.5,8,3,40.0,0.8,1.0,0.05,0.9096046457637554,0,-1.2960134189426549,119.0,0.4836576542756174,177.74545454545455,45571,8,0.5288903935185495,0.01581740821364055,24.06931951828158,0.004975124378109453,0.0,0,0.8730962653318202,0.006632434321041752,5.504521969574653,0.004975124378109453,0.0,0,0.8389360209366266,0.00806190481363374,8.76574785497578,0.004975124378109453,0.0,0
whale,song,skip,uniform,0.8,13,0.5,8,3,40.0,0.8,1.0,0.05,0.8968189770336654,0,-1.3460892770540722,113.625,0.5364842625710254,194.01818181818183,45879,8,0.553039054313292,0.013850798457241891,24.820224175641513,0.004975124378109453,0.0,0,0.8822353234546902,0.005424678586336702,2.6883903528786854,0.014925373134328358,0.0,0,0.8664995217974711,0.006930222485107675,4.374961309156759,0.004975124378109453,0.0,0
whale,song,skip,uniform,0.8,14,0.5,8,3,40.0,0.8,1.0,0.05,0.9031547769293772,0,-1.3327379741917633,106.125,0.5503129062456871,179.5090909090909,46096,8,0.5164463104521276,0.015992202192514467,24.181064109998417,0.004975124378109453,0.0,0,0.8803840751836535,0.004921903802081407,4.6264012181819325,0.004975124378109453,0.0,0,0.8457645632629206,0.008066304063209443,7.114809114153577,0.004975124378109453,0.0,0
whale,song,skip,uniform,0.8,15,0.5,8,3,40.0,0.8,1.0,0.05,0.9107260514098694,0,-1.2713326343685547,120.5,0.47952359481995144,163.54545454545453,45553,8,0.5579551163256921,0.012836604186186904,27.481640001316226,0.004975124378109453,0.0,0,0.8720263403176349,0.0051142991338139375,7.5669627606186864,0.004975124378109453,0.0,0,0.8453503254701826,0.00688766499900221,9.491711044186601,0.004975124378109453,0.0,0
whale,song,skip,uniform,0.8,16,0.5,8,3,40.0,0.8,1.0,0.05,0.9081905138856041,0,-1.3041745540424285,112.25,0.5374311476322411,178.70909090909092,45966,8,0.5310565306360182,0.014292136036789357,26.387517042855325,0.004975124378109453,0.0,0,0.8719299224826851,0.005866065450816669,6.1814160968611205,0.004975124378109453,0.0,0,0.8305694269849677,0.00837999416589723,9.26266598329137,0.004975124378109453,0.0,0
whale,song,skip,uniform,0.8,17,0.5,8,3,40.0,0.8,1.0,0.05,0.8725040716200946,0,-1.3170144838122493,108.625,0.5317169910920488,187.63636363636363,45646,8,0.5148050389574699,0.012706194050330428,28.151548075351695,0.004975124378109453,0.0,0,0.8818479955189689,0.004668732593168997,-2.001383397401201,0.9900497512437811,0.0,0,0.8614890225702371,0.007226071103572564,1.524348278888603,0.05970149253731343,0.0,0
whale,song,skip,uniform,0.8,18,0.5,8,3,40.0,0.8,1.0,0.05,0.8946484939875419,0,-1.2870367050439688,105.5,0.5122559172382916,177.94545454545454,45834,8,0.521253625422053,0.013980734427134071,26.70781499438235,0.004975124378109453,0.0,0,0.8693964264831293,0.006097091228177012,4.141658138181205,0.004975124378109453,0.0,0,0.8468451862352052,0.007710096518096216,6.200092001460481,0.004975124378109453,0.0,0
whale,song,skip,uniform,0.8,19,0.5,8,3,40.0,0.8,1.0,0.05,0.91896460357703,0,-1.2485658898949632,119.75,0.4935346311727184,161.29090909090908,45792,8,0.5151988527722748,0.015831460515139253,25.504011485146524,0.004975124378109453,0.0,0,0.8562295237575057,0.008737672991075019,7.179838371566918,0.004975124378109453,0.0,0,0.8246678331377647,0.009362836775398365,10.071388907156638,0.004975124378109453,0.0,0
whale,song,skip,uniform,0.8,20,0.5,8,3,40.0,0.8,1.0,0.05,0.8600719683530261,0,-1.2954983813879077,102.375,0.4643473762703268,196.8,45767,8,0.5516771188296488,0.013635062713227645,22.617780057894226,0.004975124378109453,0.0,0,0.8774255915611218,0.004660356141771886,-3.723668895720429,1.0,0.0,0,0.8503504506657847,0.007616260006487264,1.2764162041423137,0.0845771144278607,0.0,0
whale,song,skip,uniform,0.8,21,0.5,8,3,40.0,0.8,1.0,0.05,0.8819247798210855,0,-1.3514125037200104,104.625,0.5409330308143598,191.43636363636364,45834,8,0.5371008204112607,0.014615526503794682,23.59298923102749,0.004975124378109453,0.0,0,0.8693311576271755,0.005634259035749651,2.2351869365612895,0.024875621890547265,0.0,0,0.8620478684875563,0.006471943311023061,3.071243114826841,0.004975124378109453,0.0,0
whale,song,skip,uniform,0.8,22,0.5,8,3,40.0,0.8,1.0,0.05,0.906403666568333,0,-1.2873950277742567,117.125,0.48845618317280387,170.0909090909091,45606,8,0.5126659159833316,0.014770941059346855,26.656240046117407,0.004975124378109453,0.0,0,0.8595037633536041,0.007578458944125687,6.188580496445465,0.004975124378109453,0.0,0,0.830855094005818,0.008478825197219481,8.910264194064311,0.004975124378109453,0.0,0
whale,song,skip,uniform,0.8,23,0.5,8,3,40.0,0.8,1.0,0.05,0.9143823436923242,0,-1.3018382886413744,113.875,0.532971974500278,181.4181818181818,45491,8,0.546823677622686,0.013696004848179526,26.836925814792924,0.004975124378109453,0.0,0,0.8820414067285712,0.005074893103691568,6.372732647359129,0.004975124378109453,0.0,0,0.8542962542617601,0.00702558012924346,8.552473721061142,0.004975124378109453,0.0,0
whale,song,skip,uniform,0.8,24,0.5,8,3,40.0,0.8,1.0,0.05,0.9072521678176642,0,-1.2848336591226563,115.375,0.492706594462703,180.8909090909091,45315,8,0.5378248601027901,0.014649732558824702,25.217341424594032,0.004975124378109453,0.0,0,0.8742155986484355,0.0055207361261269475,5.984087703971714,0.004975124378109453,0.0,0,0.8492865052077313,0.007421559031783882,7.810442841145191,0.004975124378109453,0.0,0
whale,song,skip,uniform,0.8,25,0.5,8,3,40.0,0.8,1.0,0.05,0.9057794215067325,0,-1.2852332459156943,111.875,0.5047582218094085,180.38181818181818,45624,8,0.51858574554275,0.01501489630354988,25.78730269835035,0.004975124378109453,0.0,0,0.8529368068434056,0.0069559665283328775,7.596732164838585,0.004975124378109453,0.0,0,0.8295019722875498,0.008942926561849586,8.529361019756253,0.004975124378109453,0.0,0
whale,song,skip,uniform,0.8,26,0.5,8,3,40.0,0.8,1.0,0.05,0.898928837886555,0,-1.274816607009222,125.375,0.4805838325953104,169.07272727272726,45645,8,0.5434550698812513,0.013241175172446195,26.84608906504127,0.004975124378109453,0.0,0,0.87884220356725,0.005585157580156073,3.59643108202933,0.004975124378109453,0.0,0,0.8307565124969359,0.008642637325963185,7.887907685866192,0.004975124378109453,0.0,0
whale,song,skip,uniform,0.8,27,0.5,8,3,40.0,0.8,1.0,0.05,0.8903048340883286,0,-1.2984093886400165,114.875,0.5051354388549697,179.5090909090909,45684,8,0.5371255181235776,0.012846926948990756,27.491346169170562,0.004975124378109453,0.0,0,0.8785885358633533,0.0050544760425291916,2.3180045026215326,0.01990049751243781,0.0,0,0.8473953525608892,0.006979101110208775,6.148281970678577,0.004975124378109453,0.0,0
whale,song,skip,uniform,0.8,28,0.5,8,3,40.0,0.8,1.0,0.05,0.9107842758589126,0,-1.2673227947090273,125.0,0.5055259361893093,167.70909090909092,45577,8,0.5274763993524941,0.013529301729575229,28.331682164239307,0.004975124378109453,0.0,0,0.8722571142548035,0.005075175397723375,7.5912965729995685,0.004975124378109453,0.0,0,0.8372508813577,0.008389540611316294,8.764889272009315,0.004975124378109453,0.0,0
whale,song,skip,uniform,0.8,29,0.5,8,3,40.0,0.8,1.0,0.05,0.91125971690619,0,-1.2704947461140557,112.625,0.4936570573231051,170.3272727272727,45798,8,0.5358390360417136,0.0124198853340815,30.22738703023946,0.004975124378109453,0.0,0,0.8703128161066667,0.005608645597044576,7.300675375370471,0.004975124378109453,0.0,0,0.8433428483731924,0.007375511213724187,9.208428618021678,0.004975124378109453,0.0,0
whale,song,skip,lognormal,0.0,0,0.5,8,3,40.0,0.8,1.0,0.05,0.8807510842784505,0,-1.2616199148492546,96.75,0.5879087774257988,191.1818181818182,45642,8,0.6100404038642487,0.011796120977225313,22.949127169589136,0.004975124378109453,0.0,0,0.8997888155715833,0.005031493455775225,-3.783713813893766,1.0,0.0,0,0.9223116238136794,0.003817224989681154,-10.887631629672514,1.0,0.0,0
whale,song,skip,lognormal,0.0,1,0.5,8,3,40.0,0.8,1.0,0.05,0.8945594467403379,0,-1.2987632701297556,102.375,0.5529959723005409,208.03636363636363,45777,8,0.6461737844411907,0.00987676861094063,25.148474372884174,0.004975124378109453,0.0,0,0.903811664867111,0.003712486065416526,-2.492189321048658,0.9950248756218906,0.0,0,0.9192253746551095,0.004693873215252613,-5.254919931501399,1.0,0.0,0
whale,song,skip,lognormal,0.0,2,0.5,8,3,40.0,0.8,1.0,0.05,0.9108441303351158,0,-1.2259193738273833,107.0,0.5441282400926114,168.72727272727272,45720,8,0.5997737536492379,0.011025499673910266,28.213721453547034,0.004975124378109453,0.0,0,0.8814410779695144,0.005213670223950092,5.639607244534235,0.004975124378109453,0.0,0,0.9028390143953505,0.005092130300993905,1.5720563824148015,0.05472636815920398,0.0,0
whale,song,skip,lognormal,0.0,3,0.5,8,3,40.0,0.8,1.0,0.05,0.8850336398587388,0,-1.2855648316619481,101.5,0.5727025235546152,197.70909090909092,45717,8,0.6460190909063475,0.011337791748193911,21.0812258913175,0.004975124378109453,0.0,0,0.8783409610363799,0.009361817070146848,0.7148910059031873,0.22885572139303484,0.0,0,0.9131101661066268,0.005205863684917131,-5.3932503705837735,1.0,0.0,0
whale,song,skip,lognormal,0.0,4,0.5,8,3,40.0,0.8,1.0,0.05,0.9172182233055404,0,-1.2785743756235326,106.875,0.563303045497798,192.43636363636364,45645,8,0.6226168194411674,0.011663777443952078,25.257803938734288,0.004975124378109453,0.0,0,0.88847362833435,0.005208280811081469,5.519017889748109,0.004975124378109453,0.0,0,0.9055314055268525,0.006865623954554825,1.7022222388009653,0.03980099502487562,0.0,0
whale,song,skip,lognormal,0.0,5,0.5,8,3,40.0,0.8,1.0,0.05,0.9074435546444761,0,-1.3123268892808397,102.125,0.6077656087545098,209.21818181818182,45688,8,0.6065013091380261,0.0138041764170926,21.800811320682445,0.004975124378109453,0.0,0,0.9011671946362568,0.004191456872296604,1.497417294140097,0.07960199004975124,0.0,0,0.9175535516552088,0.004640414695311808,-2.178683948429601,0.9800995024875622,0.0,0
whale,song,skip,lognormal,0.0,6,0.5,8,3,40.0,0.8,1.0,0.05,0.9124936974061699,0,-1.3540847606571873,97.5,0.5903213175909967,186.14545454545456,45482,8,0.610419389282483,0.01106181602982537,27.30784053081524,0.004975124378109453,0.0,0,0.894749796405499,0.004675747875513843,3.794879765351108,0.004975124378109453,0.0,0,0.9136172421892776,0.00547580341294921,-0.20518354995191332,0.5621890547263682,0.0,0
whale,song,skip,lognormal,0.0,7,0.5,8,3,40.0,0.8,1.0,0.05,0.927709350175695,0,-1.2630509176913853,96.625,0.5799942203318798,192.56363636363636,45707,8,0.6610112188854691,0.009840465304506035,27.10218704476327,0.004975124378109453,0.0,0,0.9096666441371377,0.0038033490827367377,4.743899559588803,0.004975124378109453,0.0,0,0.9242221528445674,0.004250574513150507,0.8204061169469705,0.23880597014925373,0.0,0
whale,song,skip,lognormal,0.0,8,0.5,8,3,40.0,0.8,1.0,0.05,0.9079150787569192,0,-1.2787227277945337,109.625,0.5291021496500544,173.63636363636363,45786,8,0.641034211078315,0.010799609372594984,24.712085268180097,0.004975124378109453,0.0,0,0.8991259504082569,0.0050833760877429515,1.7289943134159733,0.009950248756218905,0.0,0,0.9084480737478074,0.008054731927709348,-0.06617166103997081,0.582089552238806,0.0,0
whale,song,skip,lognormal,0.0,9,0.5,8,3,40.0,0.8,1.0,0.05,0.8914053213976265,0,-1.295954023715139,97.25,0.6083322445817682,210.6727272727273,45655,8,0.6619681429563093,0.009578883893966793,23.952391633625176,0.004975124378109453,0.0,0,0.9030273033919047,0.006341247034353,-1.832759697156951,0.9601990049751243,0.0,0,0.9019697441348604,0.007379011781785312,-1.4316853055190404,0.945273631840796,0.0,0
whale,song,skip,lognormal,0.0,10,0.5,8,3,40.0,0.8,1.0,0.05,0.89958794798077,0,-1.2845948564812248,112.125,0.5429813334593256,193.34545454545454,45680,8,0.6392818043399106,0.011894706034155706,21.884201500515367,0.004975124378109453,0.0,0,0.8924388271006493,0.004948550532226074,1.4446898811205584,0.0845771144278607,0.0,0,0.9146636790417264,0.004551119099023041,-3.312532749185271,1.0,0.0,0
whale,song,skip,lognormal,0.0,11,0.5,8,3,40.0,0.8,1.0,0.05,0.9153066163525283,0,-1.2817054481494592,103.625,0.5903058359366329,197.2,45602,8,0.6625219950083033,0.01004797305281268,25.15777261897256,0.004975124378109453,0.0,0,0.8948115717340483,0.005137621366560475,3.989208849036093,0.004975124378109453,0.0,0,0.9097018439020624,0.0067532183078574054,0.8299409548103435,0.23383084577114427,0.0,0
whale,song,skip,lognormal,0.0,12,0.5,8,3,40.0,0.8,1.0,0.05,0.8849221454099143,0,-1.3207262854299704,96.875,0.5871107269498043,212.38181818181818,45930,8,0.6434352148211184,0.012684610664897294,19.03778814883722,0.004975124378109453,0.0,0,0.8964826721379987,0.006131383417122687,-1.885467918349407,0.9751243781094527,0.0,0,0.9192260196661346,0.004648713315741178,-7.379219135768747,1.0,0.0,0
whale,song,skip,lognormal,0.0,13,0.5,8,3,40.0,0.8,1.0,0.05,0.9256057351038747,0,-1.301591612053096,114.875,0.5813783560444886,202.94545454545454,45943,8,0.6157009067409375,0.010816031151607144,28.65236092787036,0.004975124378109453,0.0,0,0.8953906268030707,0.005658727631662739,5.339558690144217,0.004975124378109453,0.0,0,0.9034696596096768,0.0059686423933071045,3.7087287251486134,0.004975124378109453,0.0,0
whale,song,skip,lognormal,0.0,14,0.5,8,3,40.0,0.8,1.0,0.05,0.8819934920182003,0,-1.3421084591044659,91.0,0.6604420675470766,223.45454545454547,45940,8,0.6046011598871217,0.013082897671793698,21.202667718568758,0.004975124378109453,0.0,0,0.8975415301901896,0.004665184932132112,-3.332780671758575,1.0,0.0,0,0.9168052649038677,0.004403200699252656,-7.9060154790527495,1.0,0.0,0
whale,song,skip,lognormal,0.0,15,0.5,8,3,40.0,0.8,1.0,0.05,0.9213334576738779,0,-1.321780578845786,110.125,0.6315368588286258,194.65454545454546,45647,8,0.5991909290438231,0.012751976632222764,25.26216428408738,0.004975124378109453,0.0,0,0.8857180457136306,0.005297285896861148,6.723332033362755,0.004975124378109453,0.0,0,0.9076041893382504,0.004870757447872237,2.8187132047860524,0.004975124378109453,0.0,0
whale,song,skip,lognormal,0.0,16,0.5,8,3,40.0,0.8,1.0,0.05,0.9173659950087609,0,-1.2966746253981478,108.75,0.5599368783377177,204.6,45871,8,0.6532947010712837,0.00942090057908844,28.030366281928067,0.004975124378109453,0.0,0,0.9013646210830762,0.00381640488570846,4.192787297177526,0.004975124378109453,0.0,0,0.913217878181165,0.005016276617147409,0.8269314362402265,0.1890547263681592,0.0,0
whale,song,skip,lognormal,0.0,17,0.5,8,3,40.0,0.8,1.0,0.05,0.9216017056896963,0,-1.2322392114926675,121.625,0.5144662554674165,170.56363636363636,45688,8,0.6523652436078143,0.010503089477272094,25.634025366011567,0.004975124378109453,0.0,0,0.8976281506823934,0.0044861871660680916,5.3438597454493815,0.004975124378109453,0.0,0,0.9125168758870719,0.005302520108587985,1.7133041679390624,0.04477611940298507,0.0,0
whale,song,skip,lognormal,0.0,18,0.5,8,3,40.0,0.8,1.0,0.05,0.9391425097138547,0,-1.238086123009805,114.5,0.6163386733202912,162.07272727272726,45755,8,0.5954485409681505,0.009800020241462867,35.070740700266185,0.004975124378109453,0.0,0,0.8725184118008784,0.006383362684306334,10.437147504836817,0.004975124378109453,0.0,0,0.9073012733637494,0.005089243344834955,6.256575721108083,0.004975124378109453,0.0,0
whale,song,skip,lognormal,0.0,19,0.5,8,3,40.0,0.8,1.0,0.05,0.8961286403701677,0,-1.308919537033197,107.0,0.588615120812575,188.0,45936,8,0.5679571597973865,0.01456284093909559,22.534853051355373,0.004975124378109453,0.0,0,0.8918562828407596,0.004788656704945971,0.8921828798033115,0.17412935323383086,0.0,0,0.9087003252228902,0.004916887419735984,-2.556838052110125,0.9900497512437811,0.0,0
whale,song,skip,lognormal,0.0,20,0.5,8,3,40.0,0.8,1.0,0.05,0.910425648685552,0,-1.2582710576171083,100.75,0.5966366660754645,190.27272727272728,45790,8,0.6445233611175294,0.009992290927264766,26.61074317226762,0.004975124378109453,0.0,0,0.8920592034420514,0.005115154255011231,3.590594599470254,0.004975124378109453,0.0,0,0.9129064964164998,0.004742984053121684,-0.5230563086787092,0.7114427860696517,0.0,0
whale,song,skip,lognormal,0.0,21,0.5,8,3,40.0,0.8,1.0,0.05,0.9114028932220095,0,-1.2590163520645712,110.125,0.572568503949763,191.63636363636363,45655,8,0.609245446272239,0.011377268888242364,26.55799471013907,0.004975124378109453,0.0,0,0.8740188826134364,0.00946922090129425,3.947949994857916,0.004975124378109453,0.0,0,0.9092759646837669,0.006270423607712228,0.3392001356378221,0.4228855721393035,0.0,0
whale,song,skip,lognormal,0.0,22,0.5,8,3,40.0,0.8,1.0,0.05,0.9138370302760381,0,-1.2907764071898193,114.0,0.5557770226810934,189.56363636363636,45682,8,0.6446688636087109,0.01323962973363931,20.330490510880644,0.004975124378109453,0.0,0,0.8971221611729672,0.006242453011648674,2.6776123219318317,0.009950248756218905,0.0,0,0.9105630598406986,0.005750591217132622,0.5693276241902618,0.3034825870646766,0.0,0
whale,song,skip,lognormal,0.0,23,0.5,8,3,40.0,0.8,1.0,0.05,0.908604759928547,0,-1.2473551863294563,104.75,0.5686774750954599,182.8181818181818,45703,8,0.593269331176956,0.01057853543305834,29.80898733544488,0.004975124378109453,0.0,0,0.8825572253092705,0.00643513079748931,4.047708654102103,0.004975124378109453,0.0,0,0.91193174246725,0.005320614585125517,-0.6253004207453826,0.7412935323383084,0.0,0
whale,song,skip,lognormal,0.0,24,0.5,8,3,40.0,0.8,1.0,0.05,0.8861814501858193,0,-1.26436610304334,99.125,0.5409478037692799,207.1090909090909,45801,8,0.6305571522193901,0.013241472111865276,19.304824705809867,0.004975124378109453,0.0,0,0.879675760465984,0.008114430056093384,0.8017432740023447,0.19402985074626866,0.0,0,0.909986219168473,0.005816895906109499,-4.092349144094449,1.0,0.0,0
whale,song,skip,lognormal,0.0,25,0.5,8,3,40.0,0.8,1.0,0.05,0.9016912646244744,0,-1.2702573548185456,103.25,0.6131753441319006,175.65454545454546,45726,8,0.6168573329964511,0.014101575842611073,20.19873061047076,0.004975124378109453,0.0,0,0.8864977382557477,0.004742319414534484,3.2038175923285097,0.004975124378109453,0.0,0,0.9109634798246558,0.00602127620972087,-1.5399086302023728,0.9253731343283582,0.0,0
whale,song,skip,lognormal,0.0,26,0.5,8,3,40.0,0.8,1.0,0.05,0.9020920232689421,0,-1.3663133212481477,94.125,0.6282978259462578,214.6727272727273,45907,8,0.6250428022021723,0.010276911650574379,26.95841226301536,0.004975124378109453,0.0,0,0.900657264955243,0.004633446591425316,0.30965249849955645,0.35323383084577115,0.0,0,0.9151330585709284,0.004998529003208255,-2.608974619056136,0.9850746268656716,0.0,0
whale,song,skip,lognormal,0.0,27,0.5,8,3,40.0,0.8,1.0,0.05,0.8969522972922825,0,-1.2587349473908325,105.125,0.5633506510499192,186.65454545454546,45792,8,0.5947336323614395,0.012372670772208947,24.42630782754487,0.004975124378109453,0.0,0,0.884596133591447,0.005272977719004202,2.343299054024647,0.004975124378109453,0.0,0,0.8993909446483712,0.006105106068595136,-0.39944389641863154,0.6567164179104478,0.0,0
whale,song,skip,lognormal,0.0,28,0.5,8,3,40.0,0.8,1.0,0.05,0.9082734013050435,0,-1.2983654964701739,101.0,0.6518803968605698,197.25454545454545,45752,8,0.6169632359096439,0.01236528376319943,23.55871251918809,0.004975124378109453,0.0,0,0.8834453109409952,0.007021854934223339,3.535830716615973,0.009950248756218905,0.0,0,0.915785620855845,0.006501459690479087,-1.1554666041846877,0.8756218905472637,0.0,0
whale,song,skip,lognormal,0.0,29,0.5,8,3,40.0,0.8,1.0,0.05,0.9003400074421384,0,-1.2352972592972131,102.25,0.5719736611818866,172.9090909090909,45964,8,0.617627774312888,0.012048185697612413,23.465129126062145,0.004975124378109453,0.0,0,0.8894927645319127,0.007288747993502795,1.4882175813863927,0.04477611940298507,0.0,0,0.9167459091227214,0.005036007662411287,-3.257719761436519,0.9950248756218906,0.0,0
whale,song,skip,lognormal,0.8,0,0.5,8,3,40.0,0.8,1.0,0.05,0.9285916771395316,0,-1.2530374703631582,107.25,0.41902051124570083,161.16363636363636,45603,8,0.6121357021681137,0.01009417037785696,31.350369879392005,0.004975124378109453,0.0,0,0.8984247478710685,0.00576881649850687,5.2293099072004,0.004975124378109453,0.0,0,0.9108530450998211,0.007243804861176326,2.4488003721334235,0.004975124378109453,0.0,0
whale,song,skip,lognormal,0.8,1,0.5,8,3,40.0,0.8,1.0,0.05,0.9474200115761252,0,-1.242235797931091,112.375,0.4436310377900977,149.6,46238,8,0.6603307005287486,0.010154006211836791,28.273501616801163,0.004975124378109453,0.0,0,0.8982456579640082,0.006317404360612238,7.783949040639111,0.004975124378109453,0.0,0,0.9047850816969104,0.006877488837718694,6.199200156514841,0.004975124378109453,0.0,0
whale,song,skip,lognormal,0.8,2,0.5,8,3,40.0,0.8,1.0,0.05,0.9426415314877646,0,-1.279303839453219,117.875,0.5118571713808714,176.1818181818182,45738,8,0.6521365984134545,0.010942442567109483,26.5484539939467,0.004975124378109453,0.0,0,0.9028076433473743,0.003988937697067159,9.986089321394507,0.004975124378109453,0.0,0,0.9170971158521565,0.0054420874968069384,4.693863457835979,0.004975124378109453,0.0,0
whale,song,skip,lognormal,0.8,3,0.5,8,3,40.0,0.8,1.0,0.05,0.9101037643039596,0,-1.272671860773939,107.0,0.4123935543603222,184.76363636363635,45537,8,0.6519585142255935,0.011221958382742609,23.00358291074648,0.004975124378109453,0.0,0,0.9004674480768506,0.004774218938519878,2.0184068538122824,0.024875621890547265,0.0,0,0.8976980791391381,0.006636570293745325,1.869291609329181,0.01990049751243781,0.0,0
whale,song,skip,lognormal,0.8,4,0.5,8,3,40.0,0.8,1.0,0.05,0.9392228631233993,0,-1.2473101393588903,110.5,0.39875230040412846,173.4,46004,8,0.6340496328238846,0.009608752636097012,31.75992158993421,0.004975124378109453,0.0,0,0.9035141598964631,0.005266403552776855,6.780472265196581,0.004975124378109453,0.0,0,0.9186993107576036,0.004528057638763125,4.5325289568093705,0.004975124378109453,0.0,0
whale,song,skip,lognormal,0.8,5,0.5,8,3,40.0,0.8,1.0,0.05,0.9371464064443457,0,-1.2783491949557022,106.25,0.4975056810550062,202.29090909090908,45764,8,0.648092125568175,0.01163508837661836,24.843324908218865,0.004975124378109453,0.0,0,0.8878935993988819,0.00563078613438659,8.74705695971692,0.004975124378109453,0.0,0,0.9097160596744516,0.006475524729589748,4.236003708634113,0.004975124378109453,0.0,0
whale,song,skip,lognormal,0.8,6,0.5,8,3,40.0,0.8,1.0,0.05,0.9366711894014137,0,-1.2883014524973921,111.5,0.4061258549850977,155.27272727272728,45986,8,0.6133496394018483,0.01042899618555325,31.002173579030174,0.004975124378109453,0.0,0,0.9041331332316127,0.0038657132523240785,8.417089951055996,0.004975124378109453,0.0,0,0.9115875253556197,0.0059448676117853875,4.219381436866136,0.004975124378109453,0.0,0
whale,song,skip,lognormal,0.8,7,0.5,8,3,40.0,0.8,1.0,0.05,0.9358208498036593,0,-1.2688486163246897,105.25,0.4907506222226757,167.07272727272726,46565,8,0.6176858534564079,0.011731521254145809,27.11796615761366,0.004975124378109453,0.0,0,0.8894465030598527,0.005466094667618731,8.483999923844948,0.004975124378109453,0.0,0,0.8849572160888237,0.006553236220108675,7.761605412415929,0.004975124378109453,0.0,0
whale,song,skip,lognormal,0.8,8,0.5,8,3,40.0,0.8,1.0,0.05,0.9253090826660223,0,-1.295855337311496,97.75,0.46461362551040963,193.83636363636364,45781,8,0.6429998566734271,0.011630839142623839,24.27247273655512,0.004975124378109453,0.0,0,0.9032735424513773,0.004988737971764877,4.417057047165274,0.004975124378109453,0.0,0,0.9137438470992005,0.005248307560131398,2.203612390149676,0.014925373134328358,0.0,0
whale,song,skip,lognormal,0.8,9,0.5,8,3,40.0,0.8,1.0,0.05,0.9430925545714697,0,-1.2759945817326208,106.125,0.42725084652715006,172.3272727272727,45988,8,0.6204349744091072,0.011604275121607976,27.805061219339013,0.004975124378109453,0.0,0,0.8922934946756991,0.006003669804511002,8.461334741894284,0.004975124378109453,0.0,0,0.9092615263831177,0.006360647499242333,5.318802557818494,0.004975124378109453,0.0,0
whale,song,skip,lognormal,0.8,10,0.5,8,3,40.0,0.8,1.0,0.05,0.9472957511805506,0,-1.2580915186678632,120.5,0.42937481290023494,160.4909090909091,46039,8,0.5820464681336726,0.01291310138918838,28.285171163659154,0.004975124378109453,0.0,0,0.8995378336128028,0.004335379068798247,11.015857393292755,0.004975124378109453,0.0,0,0.8983979841913228,0.0067563559236105,7.237298854897746,0.004975124378109453,0.0,0
whale,song,skip,lognormal,0.8,11,0.5,8,3,40.0,0.8,1.0,0.05,0.9368859345447142,0,-1.20765869349554,114.25,0.3749220543728622,178.6,45596,8,0.6437953305280935,0.010534269123853102,27.822585560583963,0.004975124378109453,0.0,0,0.8975989687292417,0.0046036238521383116,8.533921770612155,0.004975124378109453,0.0,0,0.9086875625445063,0.005355051378848637,5.265751905123777,0.004975124378109453,0.0,0
whale,song,skip,lognormal,0.8,12,0.5,8,3,40.0,0.8,1.0,0.05,0.9364287915832596,0,-1.2959896760591987,95.0,0.37490060917477713,162.34545454545454,46136,8,0.616956954998646,0.012058202105479664,26.494151764087167,0.004975124378109453,0.0,0,0.900266210665511,0.00669159045905917,5.404183226543876,0.004975124378109453,0.0,0,0.9108516590884896,0.005477168122530341,4.669773124100103,0.004975124378109453,0.0,0
whale,song,skip,lognormal,0.8,13,0.5,8,3,40.0,0.8,1.0,0.05,0.919310564945633,0,-1.3014711983330431,94.625,0.4326743491295986,179.1818181818182,46202,8,0.6541612497039863,0.011851254862749122,22.373100427960956,0.004975124378109453,0.0,0,0.9028281897447712,0.005654793875152549,2.914761451038244,0.009950248756218905,0.0,0,0.9046458084525328,0.006753584366335909,2.171403464832467,0.009950248756218905,0.0,0
whale,song,skip,lognormal,0.8,14,0.5,8,3,40.0,0.8,1.0,0.05,0.9541109229620591,0,-1.3158902369665948,102.5,0.43633653655406146,193.0,45572,8,0.6434338222295177,0.01224909194998291,25.36327606986205,0.004975124378109453,0.0,0,0.899686113258185,0.00551337836385679,9.871408438183469,0.004975124378109453,0.0,0,0.9073856821784149,0.006410799876159784,7.28851963659077,0.004975124378109453,0.0,0
whale,song,skip,lognormal,0.8,15,0.5,8,3,40.0,0.8,1.0,0.05,0.9325678145654777,0,-1.3239403316837128,102.25,0.41648138171386123,190.1090909090909,45927,8,0.6599997942451656,0.010533253883198724,25.876905972529254,0.004975124378109453,0.0,0,0.9052298053404906,0.004111219258896935,6.649611101579153,0.004975124378109453,0.0,0,0.9236324402487446,0.00523348241161802,1.707347730241164,0.05472636815920398,0.0,0
whale,song,skip,lognormal,0.8,16,0.5,8,3,40.0,0.8,1.0,0.05,0.9258690978442903,0,-1.3004381362646615,104.375,0.45508347113393405,183.9090909090909,46337,8,0.6173070894488448,0.011372924421911658,27.13128100991809,0.004975124378109453,0.0,0,0.9025516896383857,0.003546076769067233,6.575550876197757,0.004975124378109453,0.0,0,0.9102069261472063,0.004379460323091273,3.576278934302273,0.004975124378109453,0.0,0
whale,song,skip,lognormal,0.8,17,0.5,8,3,40.0,0.8,1.0,0.05,0.9380039820609559,0,-1.3539007352620347,97.75,0.5006542163127788,195.23636363636365,45753,8,0.6377155786241506,0.010052748406698387,29.871274132029,0.004975124378109453,0.0,0,0.9098111527553807,0.004418892079831658,6.380067400661488,0.004975124378109453,0.0,0,0.9179812792733008,0.005234903791162849,3.824846374723431,0.004975124378109453,0.0,0
whale,song,skip,lognormal,0.8,18,0.5,8,3,40.0,0.8,1.0,0.05,0.9333635944339329,0,-1.3231066310843782,99.125,0.44749150832543655,167.6909090909091,45880,8,0.621419088529562,0.012314428697616895,25.33162630311375,0.004975124378109453,0.0,0,0.9002692620366827,0.004753770426720262,6.961701854854358,0.004975124378109453,0.0,0,0.9134385946200209,0.006541303433102393,3.046028978426715,0.004975124378109453,0.0,0
whale,song,skip,lognormal,0.8,19,0.5,8,3,40.0,0.8,1.0,0.05,0.9448329585104656,0,-1.2044848726935116,118.875,0.4042694002472955,141.61818181818182,45702,8,0.6182174137664247,0.013129845479774312,24.875810248275293,0.004975124378109453,0.0,0,0.8835543076935741,0.0057068904772846415,10.737660212825396,0.004975124378109453,0.0,0,0.9044582600616013,0.005832169676639181,6.922757856408997,0.004975124378109453,0.0,0
whale,song,skip,lognormal,0.8,20,0.5,8,3,40.0,0.8,1.0,0.05,0.9150228037037701,0,-1.251814510220008,104.5,0.4223399783862229,171.16363636363636,45347,8,0.6249914599937425,0.012016382789834131,24.136326944860173,0.004975124378109453,0.0,0,0.8977656401362758,0.004369405925371888,3.949544597650424,0.004975124378109453,0.0,0,0.8877359968281769,0.007910517068902306,3.4494340430491697,0.004975124378109453,0.0,0
whale,song,skip,lognormal,0.8,21,0.5,8,3,40.0,0.8,1.0,0.05,0.9279822503827218,0,-1.3119036622947093,104.125,0.46516321238947406,183.94545454545454,45538,8,0.6167276273682308,0.011601266500752126,26.82936582780094,0.004975124378109453,0.0,0,0.9072468615157612,0.004401043977138537,4.711470499879503,0.004975124378109453,0.0,0,0.9126610041410892,0.005139816473428168,2.9808936410162428,0.004975124378109453,0.0,0
whale,song,skip,lognormal,0.8,22,0.5,8,3,40.0,0.8,1.0,0.05,0.9331397120205835,0,-1.3653571613926074,103.5,0.4740532760797688,197.70909090909092,45727,8,0.6384134062029225,0.011570258425262433,25.472750476701314,0.004975124378109453,0.0,0,0.915174475505017,0.004467365970057956,4.021438278389697,0.004975124378109453,0.0,0,0.9217600608752128,0.004274357412828045,2.6623068794431113,0.004975124378109453,0.0,0
whale,song,skip,lognormal,0.8,23,0.5,8,3,40.0,0.8,1.0,0.05,0.9268935699094196,0,-1.3086977255847045,107.375,0.466535744814512,169.8909090909091,46241,8,0.6297365976212017,0.01098178356324937,27.0590811207258,0.004975124378109453,0.0,0,0.9070653387333565,0.00417585195522347,4.748307983299191,0.004975124378109453,0.0,0,0.9089773211902678,0.008588207792025314,2.086145229949865,0.004975124378109453,0.0,0
whale,song,skip,lognormal,0.8,24,0.5,8,3,40.0,0.8,1.0,0.05,0.921181911736448,0,-1.2819298897544764,111.25,0.420621155310114,177.4181818181818,45640,8,0.6174493588746723,0.012367532532939993,24.558864272465577,0.004975124378109453,0.0,0,0.892020322348213,0.006535258375185778,4.462193797717449,0.004975124378109453,0.0,0,0.902544622285767,0.006068052623309008,3.0713790086609,0.004975124378109453,0.0,0
whale,song,skip,lognormal,0.8,25,0.5,8,3,40.0,0.8,1.0,0.05,0.9241309173426859,0,-1.2827613450888045,107.75,0.4619656006993161,183.6,46345,8,0.6629184989524154,0.009876949960329432,26.446668196095445,0.004975124378109453,0.0,0,0.9092223322282242,0.004352793710863816,3.4250612605997053,0.004975124378109453,0.0,0,0.9231211052549207,0.004559300428626671,0.22148399816446251,0.4129353233830846,0.0,0
whale,song,skip,lognormal,0.8,26,0.5,8,3,40.0,0.8,1.0,0.05,0.9422949411260276,0,-1.3273741417598344,107.625,0.46694095985812084,173.29090909090908,46053,8,0.6518102138536741,0.012024825621878413,24.157084385808876,0.004975124378109453,0.0,0,0.9083205523089944,0.004347407104190865,7.8148625152409,0.004975124378109453,0.0,0,0.9091674965084965,0.005281567607235705,6.272275029130898,0.004975124378109453,0.0,0
whale,song,skip,lognormal,0.8,27,0.5,8,3,40.0,0.8,1.0,0.05,0.9177366255955502,0,-1.2584065879571935,102.375,0.4301895718490509,165.21818181818182,45862,8,0.6500403085779599,0.011955375304995467,22.391293471626554,0.004975124378109453,0.0,0,0.8949938136623262,0.0051768775425024,4.3931523870334015,0.004975124378109453,0.0,0,0.902774893430041,0.0057811105481825244,2.5880377205747984,0.004975124378109453,0.0,0
whale,song,skip,lognormal,0.8,28,0.5,8,3,40.0,0.8,1.0,0.05,0.9337158634992083,0,-1.3007246871909157,110.25,0.47212463655983045,208.12727272727273,46310,8,0.6627452031938745,0.012054771785578617,22.47829035050683,0.004975124378109453,0.0,0,0.9047637573112239,0.004360296451682993,6.639939854733825,0.004975124378109453,0.0,0,0.9094061300056575,0.0047802778029309365,5.085422750670633,0.004975124378109453,0.0,0
whale,song,skip,lognormal,0.8,29,0.5,8,3,40.0,0.8,1.0,0.05,0.9442280641620138,0,-1.2526361095805338,111.125,0.4783642028800405,155.01818181818183,45967,8,0.6182127285452415,0.0124723674060446,26.13900994118987,0.004975124378109453,0.0,0,0.8889674312100618,0.005151075469635336,10.727979676807967,0.004975124378109453,0.0,0,0.8870310225321952,0.006533383555182227,8.754581932427694,0.004975124378109453,0.0,0
whale,song,skip,geometric,0.0,0,0.5,8,3,40.0,0.8,1.0,0.05,0.9124591941066182,0,-1.2950201422175533,111.25,0.602975153766007,179.83636363636364,45913,8,0.6176974961721987,0.01092106551637867,26.990195919286084,0.004975124378109453,0.0,0,0.8804858699855582,0.005218067247710397,6.1274266128113615,0.004975124378109453,0.0,0,0.904446913261999,0.005123036108729325,1.5639711832143508,0.06965174129353234,0.0,0
whale,song,skip,geometric,0.0,1,0.5,8,3,40.0,0.8,1.0,0.05,0.9100895368216605,0,-1.3292277806607042,107.875,0.6135652945927388,204.36363636363637,45705,8,0.6006021986615903,0.011606307781752204,26.665442962546262,0.004975124378109453,0.0,0,0.8853791734821529,0.006939977134813422,3.5605828174204683,0.004975124378109453,0.0,0,0.907904547212755,0.006373091745409831,0.34284609357446855,0.39303482587064675,0.0,0
whale,song,skip,geometric,0.0,2,0.5,8,3,40.0,0.8,1.0,0.05,0.9091999911855819,0,-1.3058859601286836,114.125,0.6331812178833526,196.6909090909091,45790,8,0.573687154647099,0.013291265518457092,25.243106916536174,0.004975124378109453,0.0,0,0.886462213188065,0.0057174204312776915,3.976929503579586,0.004975124378109453,0.0,0,0.9123486455188654,0.004791230705734449,-0.6571702609759483,0.7412935323383084,0.0,0
whale,song,skip,geometric,0.0,3,0.5,8,3,40.0,0.8,1.0,0.05,0.9044990851078755,0,-1.3379800153433996,98.25,0.610526783699713,199.23636363636365,45619,8,0.5882953795385992,0.01188586086456664,26.603349069306564,0.004975124378109453,0.0,0,0.895450770015626,0.0044739689236228935,2.0224358386741743,0.03482587064676617,0.0,0,0.9021203018340355,0.006218517333750256,0.382532225315099,0.3482587064676617,0.0,0
whale,song,skip,geometric,0.0,4,0.5,8,3,40.0,0.8,1.0,0.05,0.9020603960676192,0,-1.3311636910854165,105.25,0.610476682260569,203.0909090909091,45900,8,0.5994910476905326,0.010711985807792196,28.24586904857447,0.004975124378109453,0.0,0,0.9002223326536959,0.004141228974696462,0.44384491298457235,0.27860696517412936,0.0,0,0.9088940457438145,0.005067396843626895,-1.3485523015213874,0.8905472636815921,0.0,0
whale,song,skip,geometric,0.0,5,0.5,8,3,40.0,0.8,1.0,0.05,0.8885467411210161,0,-1.318608334322165,107.125,0.5837775375307649,196.98181818181817,45754,8,0.5931081550315394,0.01137336807102006,25.976349683280695,0.004975124378109453,0.0,0,0.8959017281408158,0.003660429674493067,-2.0093234056786913,0.9701492537313433,0.0,0,0.9153384419502677,0.004308737196777625,-6.217993719665323,1.0,0.0,0
whale,song,skip,geometric,0.0,6,0.5,8,3,40.0,0.8,1.0,0.05,0.9044390069026669,0,-1.31531384314798,107.0,0.5929071089816587,208.16363636363636,45843,8,0.6097327663403523,0.012190271081850924,24.175528057048545,0.004975124378109453,0.0,0,0.8846497870326249,0.004957256509982565,3.9919701210118754,0.004975124378109453,0.0,0,0.8975375776099008,0.005829232262403888,1.1839345186633552,0.12437810945273632,0.0,0
whale,song,skip,geometric,0.0,7,0.5,8,3,40.0,0.8,1.0,0.05,0.8908053245491734,0,-1.305525926434588,96.75,0.6112139256538593,206.1818181818182,45989,8,0.5919850513795651,0.012646398147001425,23.62888386844449,0.004975124378109453,0.0,0,0.8937277675518299,0.004898909995050772,-0.5965496417792935,0.7014925373134329,0.0,0,0.909010176109181,0.0041290057232703375,-4.409015821268625,1.0,0.0,0
whale,song,skip,geometric,0.0,8,0.5,8,3,40.0,0.8,1.0,0.05,0.9042864394745245,0,-1.3266723513810708,95.125,0.632369987458149,196.4909090909091,45945,8,0.5880120652635532,0.01258334134806332,25.134371345624228,0.004975124378109453,0.0,0,0.8935496521155192,0.004091552629507645,2.624135219860853,0.009950248756218905,0.0,0,0.9137933887643054,0.0043791781664570305,-2.1709437087079047,0.9701492537313433,0.0,0
whale,song,skip,geometric,0.0,9,0.5,8,3,40.0,0.8,1.0,0.05,0.8932534832238477,0,-1.3764018441793948,91.5,0.6175251245547468,233.1090909090909,45817,8,0.578319654240759,0.011941033965544016,26.374083675821844,0.004975124378109453,0.0,0,0.8998619586814605,0.005977146802638741,-1.10562374922686,0.8855721393034826,0.0,0,0.9185816403317674,0.005045675800657484,-5.019774973378049,1.0,0.0,0
whale,song,skip,geometric,0.0,10,0.5,8,3,40.0,0.8,1.0,0.05,0.9124465223113059,0,-1.3256594710796854,97.375,0.6293349757632112,198.29090909090908,45402,8,0.5878956254627655,0.012185933512586887,26.633240408977343,0.004975124378109453,0.0,0,0.8957732733842088,0.004910431668883061,3.3954751947275614,0.009950248756218905,0.0,0,0.9143855990892925,0.005854521835203653,-0.33121010264695805,0.6517412935323383,0.0,0
whale,song,skip,geometric,0.0,11,0.5,8,3,40.0,0.8,1.0,0.05,0.9184173662804658,0,-1.265162780098915,124.625,0.6110288086807499,192.34545454545454,45743,8,0.5634738008097079,0.01340540605815698,26.477643715594898,0.004975124378109453,0.0,0,0.8863689295066733,0.004971346203982323,6.446631447256653,0.004975124378109453,0.0,0,0.9051854396124789,0.005928610274366359,2.2318766212712644,0.004975124378109453,0.0,0
whale,song,skip,geometric,0.0,12,0.5,8,3,40.0,0.8,1.0,0.05,0.9000487922483393,0,-1.2500307425124852,102.625,0.5958027895601957,190.36363636363637,45787,8,0.5944549221338236,0.012573683353425855,24.304244152231888,0.004975124378109453,0.0,0,0.8740710238832269,0.0089430100699886,2.904812603565096,0.014925373134328358,0.0,0,0.8965053599359402,0.00681050579174618,0.520289156305182,0.31343283582089554,0.0,0
whale,song,skip,geometric,0.0,13,0.5,8,3,40.0,0.8,1.0,0.05,0.9266978170802584,0,-1.2901980239548378,113.75,0.565928547637017,196.43636363636364,46080,8,0.6038065954023711,0.011909398944774028,27.112302071262416,0.004975124378109453,0.0,0,0.8912310804612001,0.004216158647212006,8.412097263586412,0.004975124378109453,0.0,0,0.8941580502019048,0.006979204605554498,4.662389013850728,0.004975124378109453,0.0,0
whale,song,skip,geometric,0.0,14,0.5,8,3,40.0,0.8,1.0,0.05,0.916059250768297,0,-1.2645124628566164,99.875,0.6612484726801663,204.01818181818183,45396,8,0.5599996194656635,0.01461733456596646,24.35872488898538,0.004975124378109453,0.0,0,0.8833294208233418,0.006394304317251568,5.118591221354838,0.004975124378109453,0.0,0,0.9017833118212117,0.0060937370611351006,2.342723160494556,0.009950248756218905,0.0,0
whale,song,skip,geometric,0.0,15,0.5,8,3,40.0,0.8,1.0,0.05,0.9111719019731599,0,-1.3256435090291183,105.125,0.689566898010559,185.8,45975,8,0.5754351318401777,0.012723101529991019,26.387965964240735,0.004975124378109453,0.0,0,0.8846779073563101,0.00540074005288494,4.905622999332718,0.004975124378109453,0.0,0,0.8970019967200884,0.006123627869620254,2.313972297919895,0.014925373134328358,0.0,0
whale,song,skip,geometric,0.0,16,0.5,8,3,40.0,0.8,1.0,0.05,0.9100009852429586,0,-1.3777956356090242,106.25,0.6552649558128562,226.16363636363636,45676,8,0.6029029545806964,0.012580882869427622,24.409895064561066,0.004975124378109453,0.0,0,0.8994916948489958,0.004033814812952332,2.605298180823291,0.014925373134328358,0.0,0,0.91942025404624,0.004610333605515058,-2.043077488365197,0.9651741293532339,0.0,0
whale,song,skip,geometric,0.0,17,0.5,8,3,40.0,0.8,1.0,0.05,0.8876578102794006,0,-1.3109847114461108,89.75,0.6432283927861701,209.8,45957,8,0.5730530453268934,0.01340001080817625,23.47794859691797,0.004975124378109453,0.0,0,0.8925787727339894,0.00511938788689902,-0.9612403989121494,0.8208955223880597,0.0,0,0.9050201289710611,0.0059297806264564075,-2.927986680349773,1.0,0.0,0
whale,song,skip,geometric,0.0,18,0.5,8,3,40.0,0.8,1.0,0.05,0.9281942409733983,0,-1.280678376260496,114.625,0.6383171426944824,182.01818181818183,45462,8,0.5725930996836823,0.013090225686793699,27.165394226049926,0.004975124378109453,0.0,0,0.8773657728682756,0.004837408378418183,10.507375877523804,0.004975124378109453,0.0,0,0.900694446096722,0.005092650049040111,5.399898797652435,0.004975124378109453,0.0,0
whale,song,skip,geometric,0.0,19,0.5,8,3,40.0,0.8,1.0,0.05,0.8465465194994981,0,-1.3439042991955166,81.75,0.623988778595319,227.34545454545454,45558,8,0.6112824757887875,0.012029506490916681,19.557248162121642,0.004975124378109453,0.0,0,0.89982690596406,0.0045284684415453445,-11.76565259365701,1.0,0.0,0,0.9145059965260193,0.005558636999262079,-12.225924635039657,1.0,0.0,0
whale,song,skip,geometric,0.0,20,0.5,8,3,40.0,0.8,1.0,0.05,0.8828521367218889,0,-1.3078128674718252,96.125,0.6002335392746587,220.92727272727274,45685,8,0.5870209550463608,0.014170636224854418,20.876351420034236,0.004975124378109453,0.0,0,0.8894419334221035,0.004835211923345637,-1.3628764994554685,0.9303482587064676,0.0,0,0.9139572531903468,0.005087187518120051,-6.114403362892487,1.0,0.0,0
whale,song,skip,geometric,0.0,21,0.5,8,3,40.0,0.8,1.0,0.05,0.8823412341328026,0,-1.3020128032944052,100.875,0.5942258014324326,204.65454545454546,45525,8,0.6263524673063915,0.0111945654309433,22.867235749841917,0.004975124378109453,0.0,0,0.8924454287419726,0.00419632700876933,-2.4078663526590347,0.9900497512437811,0.0,0,0.9172968501367772,0.004596735547448702,-7.6044435541600315,1.0,0.0,0
whale,song,skip,geometric,0.0,22,0.5,8,3,40.0,0.8,1.0,0.05,0.8938646156727179,0,-1.3011545270069136,100.75,0.6249901620476284,202.16363636363636,46030,8,0.601378327489486,0.01203499773872405,24.302978241709354,0.004975124378109453,0.0,0,0.8907121066384431,0.004446336569815963,0.7090126860111401,0.23880597014925373,0.0,0,0.909511676510151,0.005065656421100604,-3.0888515794826557,0.9950248756218906,0.0,0
whale,song,skip,geometric,0.0,23,0.5,8,3,40.0,0.8,1.0,0.05,0.8997767967144291,0,-1.2730685801296566,112.125,0.6177859976700831,186.1818181818182,45823,8,0.5713844084416972,0.013730599805389767,23.916827591452034,0.004975124378109453,0.0,0,0.8753767879308683,0.006100293346189192,3.9998090909518904,0.004975124378109453,0.0,0,0.9004029392671936,0.007531185738298638,-0.08313996952436713,0.5522388059701493,0.0,0
whale,song,skip,geometric,0.0,24,0.5,8,3,40.0,0.8,1.0,0.05,0.8910503487862205,0,-1.3645884865727198,85.625,0.6507255833120079,232.27272727272728,45723,8,0.5974572344997314,0.012738801466871083,23.047153615669128,0.004975124378109453,0.0,0,0.8948846283288069,0.00435348528019494,-0.8807379136044133,0.8159203980099502,0.0,0,0.9206670154892959,0.004720301434522927,-6.274316823596817,1.0,0.0,0
whale,song,skip,geometric,0.0,25,0.5,8,3,40.0,0.8,1.0,0.05,0.9012219856804933,0,-1.2545480081306453,108.75,0.5644594311406752,193.83636363636364,45849,8,0.5847683961490411,0.01270784299910059,24.902226880978112,0.004975124378109453,0.0,0,0.8940128711205113,0.004654132567098094,1.548970609678386,0.07462686567164178,0.0,0,0.8926222026064504,0.006134003653288517,1.4019853198868577,0.06467661691542288,0.0,0
whale,song,skip,geometric,0.0,26,0.5,8,3,40.0,0.8,1.0,0.05,0.8857585056704536,0,-1.3708837327851953,89.75,0.6215521940057365,218.1818181818182,45791,8,0.5850446721278247,0.013996269306502615,21.485284896805915,0.004975124378109453,0.0,0,0.8958732936915397,0.00605989914570488,-1.669134712952319,0.9800995024875622,0.0,0,0.9159094713003264,0.0057509561472302816,-5.242774394027306,1.0,0.0,0
whale,song,skip,geometric,0.0,27,0.5,8,3,40.0,0.8,1.0,0.05,0.897880089860634,0,-1.304865360328348,100.5,0.5792948565671079,215.96363636363637,45884,8,0.6125239387839987,0.010761673413145031,26.515964582987817,0.004975124378109453,0.0,0,0.8884600502922534,0.006430892302041154,1.46481065549654,0.07462686567164178,0.0,0,0.8954487098077951,0.00572761505122586,0.42450130308922357,0.3333333333333333,0.0,0
whale,song,skip,geometric,0.0,28,0.5,8,3,40.0,0.8,1.0,0.05,0.8820898446285763,0,-1.294358785868384,104.5,0.6035118272936044,221.85454545454544,45671,8,0.5848276806387013,0.012265584283858802,24.23546706870414,0.004975124378109453,0.0,0,0.8992470045700668,0.004175166909361943,-4.109335102991719,1.0,0.0,0,0.9128390501315367,0.005481912208290458,-5.609211591615314,1.0,0.0,0
whale,song,skip,geometric,0.0,29,0.5,8,3,40.0,0.8,1.0,0.05,0.9068412422667718,0,-1.3505878270901959,104.25,0.6005116198175656,206.4909090909091,45809,8,0.5881097896143701,0.013554209726928126,23.515310672755668,0.004975124378109453,0.0,0,0.898554683578504,0.004675180730500568,1.7724574013164491,0.06467661691542288,0.0,0,0.8997287131127808,0.0056170540304447915,1.2662383369361596,0.11442786069651742,0.0,0
whale,song,skip,geometric,0.8,0,0.5,8,3,40.0,0.8,1.0,0.05,0.9411259534603282,0,-1.2514868955521639,111.25,0.45556911591191007,167.4,46429,8,0.5946756746364812,0.012075145056177778,28.69118981279643,0.004975124378109453,0.0,0,0.877444529760556,0.006505598275194735,9.788711353817193,0.004975124378109453,0.0,0,0.8971972184698194,0.006873412131411269,6.39111028855028,0.004975124378109453,0.0,0
whale,song,skip,geometric,0.8,1,0.5,8,3,40.0,0.8,1.0,0.05,0.940750356995288,0,-1.3204405866174613,106.0,0.4202346700702211,168.0,46104,8,0.5705900242712647,0.012702294810652466,29.141217255766843,0.004975124378109453,0.0,0,0.8979152362208283,0.0046959113457153215,9.121790770931751,0.004975124378109453,0.0,0,0.8981126711753569,0.005779747468508362,7.37708456160889,0.004975124378109453,0.0,0
whale,song,skip,geometric,0.8,2,0.5,8,3,40.0,0.8,1.0,0.05,0.9506570942994246,0,-1.224345924444986,120.25,0.4400870588247219,163.8181818181818,45542,8,0.5793455140749407,0.01565970795281279,23.711271075000415,0.004975124378109453,0.0,0,0.8857446820360054,0.0061842968101487265,10.496328726799591,0.004975124378109453,0.0,0,0.8942868861310509,0.007477943106778174,7.53819698324242,0.004975124378109453,0.0,0
whale,song,skip,geometric,0.8,3,0.5,8,3,40.0,0.8,1.0,0.05,0.9232567578130881,0,-1.4056435903549853,92.75,0.5225063174036697,204.5090909090909,45804,8,0.5916130749088474,0.01253168238579706,26.464418159856436,0.004975124378109453,0.0,0,0.9034954482292227,0.004132543205229746,4.781876099651532,0.004975124378109453,0.0,0,0.9201489449839457,0.005270114726783031,0.5897049666392123,0.27860696517412936,0.0,0
whale,song,skip,geometric,0.8,4,0.5,8,3,40.0,0.8,1.0,0.05,0.9277612899353218,0,-1.2966460914075726,99.375,0.4629098096161629,177.07272727272726,45620,8,0.5719125642855769,0.012813720638316385,27.770913358737033,0.004975124378109453,0.0,0,0.8708456907093097,0.00870445519179593,6.538674503104551,0.004975124378109453,0.0,0,0.8942793876379167,0.008216875845618053,4.074772812255712,0.004975124378109453,0.0,0
whale,song,skip,geometric,0.8,5,0.5,8,3,40.0,0.8,1.0,0.05,0.9223317667417177,0,-1.3672482817938916,102.375,0.4535052735292011,190.52727272727273,46208,8,0.5982999837204538,0.012760637999931374,25.393070708769148,0.004975124378109453,0.0,0,0.901907464002689,0.004419564473432005,4.62133833815717,0.004975124378109453,0.0,0,0.9090733077925864,0.005164929446623636,2.5670164686951202,0.004975124378109453,0.0,0
whale,song,skip,geometric,0.8,6,0.5,8,3,40.0,0.8,1.0,0.05,0.9355441764471153,0,-1.3116326802116731,108.625,0.43816970525502813,191.5818181818182,45714,8,0.6149306503454945,0.012625196863671624,25.39473479611001,0.004975124378109453,0.0,0,0.8731962143698323,0.011444415668469862,5.44789387972475,0.004975124378109453,0.0,0,0.901427371127575,0.006825688430177324,4.99829514173327,0.004975124378109453,0.0,0
whale,song,skip,geometric,0.8,7,0.5,8,3,40.0,0.8,1.0,0.05,0.9298109114792938,0,-1.3282547242887333,102.75,0.4211169294411005,188.54545454545453,45494,8,0.6126136598937247,0.012096891863858369,26.221384398190143,0.004975124378109453,0.0,0,0.9017595806694672,0.004739639700028253,5.918452157799986,0.004975124378109453,0.0,0,0.9000597839615694,0.005992202193192916,4.964973904171901,0.004975124378109453,0.0,0
whale,song,skip,geometric,0.8,8,0.5,8,3,40.0,0.8,1.0,0.05,0.9091520808569656,0,-1.370787505007407,84.875,0.49194639241566496,195.8181818181818,45875,8,0.6009010355750328,0.011086785235911056,27.803465001151192,0.004975124378109453,0.0,0,0.8960598458513115,0.00489335830383989,2.675511211876817,0.01990049751243781,0.0,0,0.9124663437522392,0.005735712380730529,-0.5778293392827812,0.736318407960199,0.0,0
whale,song,skip,geometric,0.8,9,0.5,8,3,40.0,0.8,1.0,0.05,0.9451798614641158,0,-1.296273805143671,119.0,0.4533348675102723,166.25454545454545,45621,8,0.5976641530031488,0.01243876079583039,27.93812938162282,0.004975124378109453,0.0,0,0.8936776104858671,0.005341260075038127,9.64234099345575,0.004975124378109453,0.0,0,0.8974256085631722,0.006318474853302891,7.557876546106811,0.004975124378109453,0.0,0
whale,song,skip,geometric,0.8,10,0.5,8,3,40.0,0.8,1.0,0.05,0.9274728920279691,0,-1.261758190443993,97.5,0.46683495724494284,161.87272727272727,45717,8,0.5804991120444681,0.012369369853837157,28.051047392350767,0.004975124378109453,0.0,0,0.8918919457264372,0.005564008297132639,6.394840625932978,0.004975124378109453,0.0,0,0.8995789438980867,0.005475777481197864,5.094061660770855,0.004975124378109453,0.0,0
whale,song,skip,geometric,0.8,11,0.5,8,3,40.0,0.8,1.0,0.05,0.9264965903666343,0,-1.3211725328387858,105.625,0.44787821673853595,180.43636363636364,45654,8,0.6201349834578105,0.011654563633188736,26.28683634592693,0.004975124378109453,0.0,0,0.8993687818869796,0.004580324876739563,5.922682169865061,0.004975124378109453,0.0,0,0.9015519043334759,0.005651650094704533,4.413699647918945,0.004975124378109453,0.0,0
whale,song,skip,geometric,0.8,12,0.5,8,3,40.0,0.8,1.0,0.05,0.9356955107977648,0,-1.2320033799167618,112.0,0.4569560648964332,166.54545454545453,45863,8,0.5943859842398812,0.013673121655531383,24.962077801729265,0.004975124378109453,0.0,0,0.8835625092647694,0.006784781428318898,7.683814443218204,0.004975124378109453,0.0,0,0.884290270400633,0.007381874181855894,6.963711265017508,0.004975124378109453,0.0,0
whale,song,skip,geometric,0.8,13,0.5,8,3,40.0,0.8,1.0,0.05,0.9346364272149005,0,-1.2796664847463513,103.625,0.4527252456720466,166.8909090909091,45799,8,0.5832767428528559,0.012764261838639828,27.52683146144907,0.004975124378109453,0.0,0,0.8804910365382729,0.006825042284046864,7.933341424592969,0.004975124378109453,0.0,0,0.8907203881639054,0.008383708693933876,5.238259182689755,0.004975124378109453,0.0,0
whale,song,skip,geometric,0.8,14,0.5,8,3,40.0,0.8,1.0,0.05,0.9197447369181609,0,-1.3593140940839072,94.0,0.5205623518641554,194.34545454545454,46173,8,0.5860172361089357,0.013306843866026121,25.07938803289556,0.004975124378109453,0.0,0,0.9032484000183737,0.003894909331599859,4.235358385868066,0.004975124378109453,0.0,0,0.9090639883471424,0.005538698236232019,1.928386078365708,0.029850746268656716,0.0,0
whale,song,skip,geometric,0.8,15,0.5,8,3,40.0,0.8,1.0,0.05,0.9355933703272536,0,-1.3159049233490014,98.75,0.4695085996403763,180.03636363636363,45194,8,0.5947653600953907,0.013158099883830123,25.9025249269238,0.004975124378109453,0.0,0,0.8903627462019318,0.005413019769596883,8.355894870247308,0.004975124378109453,0.0,0,0.897464160227831,0.006230762080823838,6.119509877735713,0.004975124378109453,0.0,0
whale,song,skip,geometric,0.8,16,0.5,8,3,40.0,0.8,1.0,0.05,0.9449549138184397,0,-1.313270334874436,106.625,0.5387217201823241,166.83636363636364,45558,8,0.5971660479980264,0.013763045484259596,25.26976069491084,0.004975124378109453,0.0,0,0.8997351503710519,0.004224685778051072,10.703698647204124,0.004975124378109453,0.0,0,0.9205182249010244,0.0046816603800510885,5.219662883181751,0.004975124378109453,0.0,0
whale,song,skip,geometric,0.8,17,0.5,8,3,40.0,0.8,1.0,0.05,0.9418387504211585,0,-1.2733377781411652,103.875,0.4800385685994617,163.0,45884,8,0.5685715101650112,0.012396347473290338,30.111066268544324,0.004975124378109453,0.0,0,0.8895214387387301,0.005258963470910547,9.948217357244744,0.004975124378109453,0.0,0,0.9085106728747325,0.006685443390106328,4.9851708557950865,0.004975124378109453,0.0,0
whale,song,skip,geometric,0.8,18,0.5,8,3,40.0,0.8,1.0,0.05,0.928406914960638,0,-1.3080418165009626,108.0,0.43398774272629614,178.45454545454547,45890,8,0.6126107141189737,0.011424743705521349,27.641425399245175,0.004975124378109453,0.0,0,0.9011815557310371,0.004173096438705236,6.524018706370459,0.004975124378109453,0.0,0,0.9044582167404652,0.005718666194277271,4.187811878955004,0.004975124378109453,0.0,0
whale,song,skip,geometric,0.8,19,0.5,8,3,40.0,0.8,1.0,0.05,0.9428390051536883,0,-1.3024802182919517,105.375,0.4893496378573572,170.98181818181817,46051,8,0.5790132330709681,0.01274913213890823,28.537297136672116,0.004975124378109453,0.0,0,0.8789617760514551,0.009475737078939651,6.741135657320413,0.004975124378109453,0.0,0,0.8843850018692211,0.007684051569848584,7.607185187803094,0.004975124378109453,0.0,0
whale,song,skip,geometric,0.8,20,0.5,8,3,40.0,0.8,1.0,0.05,0.9203973834653976,0,-1.263658753240171,120.125,0.42340381148854195,164.1818181818182,45657,8,0.5851613360830149,0.013559994158434702,24.722433023605422,0.004975124378109453,0.0,0,0.8951765445326286,0.004450322010511067,5.6671941655459275,0.004975124378109453,0.0,0,0.90312947458666,0.005309320731846349,3.2523762927263395,0.004975124378109453,0.0,0
whale,song,skip,geometric,0.8,21,0.5,8,3,40.0,0.8,1.0,0.05,0.9387736883214686,0,-1.3649969787665883,101.0,0.4854076849969769,199.1090909090909,45725,8,0.5999242143121268,0.012494907266893516,27.119006709810222,0.004975124378109453,0.0,0,0.8992958580192483,0.0047718262531061635,8.273107235730278,0.004975124378109453,0.0,0,0.9189023862682637,0.004428416573829001,4.487225111259864,0.004975124378109453,0.0,0
whale,song,skip,geometric,0.8,22,0.5,8,3,40.0,0.8,1.0,0.05,0.9130022286825161,0,-1.305280348688331,104.875,0.45902659863357337,178.07272727272726,46106,8,0.5917719349750619,0.01251678867743917,25.663954388433062,0.004975124378109453,0.0,0,0.8963857670254698,0.004061051243790378,4.091665103328609,0.004975124378109453,0.0,0,0.902659534774567,0.005503349831940514,1.8793451668149321,0.03980099502487562,0.0,0
whale,song,skip,geometric,0.8,23,0.5,8,3,40.0,0.8,1.0,0.05,0.9276689910665359,0,-1.3381326057474339,104.875,0.4161626992530658,175.92727272727274,45897,8,0.5961541195057066,0.011980726002515327,27.670683019645757,0.004975124378109453,0.0,0,0.900394908237464,0.0043934096530935315,6.207953499138726,0.004975124378109453,0.0,0,0.8970787971195497,0.006706714524678859,4.561129571628951,0.004975124378109453,0.0,0
whale,song,skip,geometric,0.8,24,0.5,8,3,40.0,0.8,1.0,0.05,0.9341103928617394,0,-1.2705821160284385,110.0,0.46878167182083724,157.63636363636363,45638,8,0.6051559199832002,0.012876938912734278,25.546014864854964,0.004975124378109453,0.0,0,0.8952955100940588,0.00508005777988864,7.64063804969781,0.004975124378109453,0.0,0,0.9037245283751364,0.00660923893436049,4.597483127540024,0.004975124378109453,0.0,0
whale,song,skip,geometric,0.8,25,0.5,8,3,40.0,0.8,1.0,0.05,0.9282234215368604,0,-1.280139415379825,116.75,0.39375164142285735,170.1090909090909,45438,8,0.6083890375819752,0.011757813774475821,27.201858278210732,0.004975124378109453,0.0,0,0.8975216386390119,0.004195909398294204,7.317074794400938,0.004975124378109453,0.0,0,0.9127762432114201,0.004686287074629807,3.296250972132462,0.004975124378109453,0.0,0
whale,song,skip,geometric,0.8,26,0.5,8,3,40.0,0.8,1.0,0.05,0.9271379314187097,0,-1.2791236561464454,103.0,0.44108614865289414,188.6909090909091,45711,8,0.6178192187080467,0.012378829375036857,24.987719221208028,0.004975124378109453,0.0,0,0.8900906716494963,0.005340189178524885,6.93744332470389,0.004975124378109453,0.0,0,0.9000370428888068,0.0071715572374434,3.778940560971403,0.004975124378109453,0.0,0
whale,song,skip,geometric,0.8,27,0.5,8,3,40.0,0.8,1.0,0.05,0.9343568552821837,0,-1.3783455753397935,101.25,0.5062295716614688,176.1818181818182,45750,8,0.6012376255354674,0.011932322340885228,27.917384414374027,0.004975124378109453,0.0,0,0.9049302148215841,0.004608517020293814,6.385273251898186,0.004975124378109453,0.0,0,0.9043537474837003,0.00517289167055081,5.800064975126114,0.004975124378109453,0.0,0
whale,song,skip,geometric,0.8,28,0.5,8,3,40.0,0.8,1.0,0.05,0.9465112381542147,0,-1.2364769130892581,112.25,0.5037242818744484,174.56363636363636,45759,8,0.5614087083726224,0.014200363242959004,27.119202740995973,0.004975124378109453,0.0,0,0.8715678829923816,0.00740727053495217,10.11753989653855,0.004975124378109453,0.0,0,0.9014731647612371,0.007058688515970905,6.3805157701852115,0.004975124378109453,0.0,0
whale,song,skip,geometric,0.8,29,0.5,8,3,40.0,0.8,1.0,0.05,0.9405571288692494,0,-1.3054071031371164,109.5,0.4915041811017747,171.70909090909092,45463,8,0.586705167394352,0.011750403741656236,30.11402580325478,0.004975124378109453,0.0,0,0.8946542672305469,0.005506940635617642,8.335456050100342,0.004975124378109453,0.0,0,0.9062892777372952,0.006926277382908073,4.947513539743113,0.004975124378109453,0.0,0
