regime,undefined_policy,law,mean_repeats,dataset,threshold,zipf_exponent,lognormal_sigma,geometric_tail,observed_mean_r2,observed_undefined_groups,observed_mean_slope,observed_mean_unit_types,boundary_f1,cuts_per_sequence,elements_total,n_groups,shuffle_mean,shuffle_sd,shuffle_z,shuffle_p,shuffle_undefined_rate,shuffle_dropped_replicates,rotate_mean,rotate_sd,rotate_z,rotate_p,rotate_undefined_rate,rotate_dropped_replicates,bigram_mean,bigram_sd,bigram_z,bigram_p,bigram_undefined_rate,bigram_dropped_replicates
whale,skip,zipf,1.0,0,0.5,1.0,0.5,0.05,0.9397139802098329,0,-0.9496771435321832,337.125,0.6862300180782025,224.4181818181818,45596,8,0.6253762454959777,0.012309833291712523,25.53549891902111,0.004975124378109453,0.0,0,0.7924747658593305,0.006592788640304521,22.33337399144975,0.004975124378109453,0.0,0,0.8659356235859996,0.00533341461967866,13.833231032069737,0.004975124378109453,0.0,0
whale,skip,zipf,1.0,1,0.5,1.0,0.5,0.05,0.942657010894188,0,-0.9521475328953846,317.25,0.753162174352876,219.65454545454546,45628,8,0.5833421532096328,0.014104077556825374,25.475955888421236,0.004975124378109453,0.0,0,0.796416004431816,0.005806113100279288,25.187419524317804,0.004975124378109453,0.0,0,0.8832122957594613,0.004584314236482847,12.966980897961648,0.004975124378109453,0.0,0
whale,skip,zipf,1.0,2,0.5,1.0,0.5,0.05,0.9453532362976927,0,-0.9694461521733351,323.375,0.6924397174238388,249.05454545454546,45657,8,0.63445567965208,0.011260257029195751,27.610165188904052,0.004975124378109453,0.0,0,0.8077421561886876,0.005938273341872919,23.173584674632522,0.004975124378109453,0.0,0,0.8700899919198024,0.005527196673445342,13.616892762199376,0.004975124378109453,0.0,0
whale,skip,zipf,1.0,3,0.5,1.0,0.5,0.05,0.9462360984422186,0,-0.9426799858095709,319.875,0.7288088235403662,228.07272727272726,45626,8,0.6116277142227561,0.011122400603848422,30.084187410376664,0.004975124378109453,0.0,0,0.7811943270732519,0.007499331022734792,22.007532521051548,0.004975124378109453,0.0,0,0.866459590254878,0.005962276412345598,13.38020961627239,0.004975124378109453,0.0,0
whale,skip,zipf,1.0,4,0.5,1.0,0.5,0.05,0.94045333573249,0,-0.9387775264740756,327.0,0.7141671070240897,225.4,45741,8,0.6171850452771726,0.011222383181253162,28.80567213168525,0.004975124378109453,0.0,0,0.797559609913947,0.006130770179715629,23.307630465634414,0.004975124378109453,0.0,0,0.8690338107180131,0.004861958816588459,14.68945495194272,0.004975124378109453,0.0,0
whale,skip,zipf,1.0,5,0.5,1.0,0.5,0.05,0.952673491931276,0,-0.9664996712511285,325.375,0.7260896007068872,228.03636363636363,45577,8,0.649464760727792,0.01142905797903841,26.529634529773787,0.004975124378109453,0.0,0,0.8083520566060659,0.005667508150616003,25.464707149918045,0.004975124378109453,0.0,0,0.8710536301591296,0.006302456359967593,12.950484241443618,0.004975124378109453,0.0,0
whale,skip,zipf,1.0,6,0.5,1.0,0.5,0.05,0.9436703997121478,0,-0.9631429625151323,324.375,0.7016135871628553,244.96363636363637,45770,8,0.6480335469677648,0.011125010287027781,26.574074550664257,0.004975124378109453,0.0,0,0.8027470670306331,0.006768470495117779,20.82055802461801,0.004975124378109453,0.0,0,0.8612978256974645,0.006739198396962141,12.222903847409329,0.004975124378109453,0.0,0
whale,skip,zipf,1.0,7,0.5,1.0,0.5,0.05,0.930113819383073,0,-0.9112768359698737,341.75,0.6759634354174089,220.9090909090909,45785,8,0.6180498917714697,0.012380808741452233,25.20545580893927,0.004975124378109453,0.0,0,0.7825917227395571,0.008671993482362712,17.011324667569173,0.004975124378109453,0.0,0,0.8676149151750239,0.005662381903575115,11.037564274601223,0.004975124378109453,0.0,0
whale,skip,zipf,1.0,8,0.5,1.0,0.5,0.05,0.946420902374899,0,-0.9675578209355613,321.125,0.714699938633194,241.3272727272727,45455,8,0.6653001035673856,0.01050313147289552,26.765427009361577,0.004975124378109453,0.0,0,0.8062949462283814,0.007881207632730381,17.77975694544315,0.004975124378109453,0.0,0,0.8664192483840151,0.005920209203420933,13.513315364709703,0.004975124378109453,0.0,0
whale,skip,zipf,1.0,9,0.5,1.0,0.5,0.05,0.9464671546156911,0,-0.9571297903911062,321.125,0.7207413701616071,234.96363636363637,45951,8,0.6239857845261702,0.010502727795020043,30.704534705967358,0.004975124378109453,0.0,0,0.7953481770252127,0.006885083428026753,21.948750392090563,0.004975124378109453,0.0,0,0.8709652873166442,0.005789809426252944,13.040475383644921,0.004975124378109453,0.0,0
whale,skip,zipf,1.0,10,0.5,1.0,0.5,0.05,0.9435076165225005,0,-0.9490399181526797,322.0,0.7123642105317508,241.2,45641,8,0.6176598759785691,0.01221313375488988,26.68010905992648,0.004975124378109453,0.0,0,0.7978942683198588,0.00754077314861833,19.31013509262269,0.004975124378109453,0.0,0,0.8730108263971705,0.0048135361263254035,14.645530494677384,0.004975124378109453,0.0,0
whale,skip,zipf,1.0,11,0.5,1.0,0.5,0.05,0.938171720648169,0,-0.9147151378627107,333.875,0.7117524641526403,223.4909090909091,45858,8,0.6577909025822746,0.011151822328167029,25.142152539295278,0.004975124378109453,0.0,0,0.7686299684065354,0.007974294890193304,21.261033680875546,0.004975124378109453,0.0,0,0.8601515417050258,0.005754534170356455,13.558035565250687,0.004975124378109453,0.0,0
whale,skip,zipf,1.0,12,0.5,1.0,0.5,0.05,0.9453611411289575,0,-0.9503140198192216,328.875,0.705921577813191,234.29090909090908,45781,8,0.6034528424355371,0.012678881787699506,26.966754988213932,0.004975124378109453,0.0,0,0.7970141818041262,0.006095140837919198,24.33856136710289,0.004975124378109453,0.0,0,0.8708784327555509,0.005464769698152672,13.629615242264466,0.004975124378109453,0.0,0
whale,skip,zipf,1.0,13,0.5,1.0,0.5,0.05,0.9404547327901077,0,-0.9537368861029254,328.75,0.7019714362901733,233.4181818181818,45590,8,0.6270548343883491,0.010576655406856964,29.631285727487914,0.004975124378109453,0.0,0,0.8083596177556893,0.007105314515485939,18.591029960252826,0.004975124378109453,0.0,0,0.8701413374894287,0.005513009681951599,12.75408521970674,0.004975124378109453,0.0,0
whale,skip,zipf,1.0,14,0.5,1.0,0.5,0.05,0.9421326755575317,0,-0.9321468222697545,326.75,0.7090079475720329,238.56363636363636,45713,8,0.6262369183980085,0.011227196897911304,28.136654236311827,0.004975124378109453,0.0,0,0.7817188566717741,0.0081446329418622,19.695647431973814,0.004975124378109453,0.0,0,0.866587855378105,0.005647350996971496,13.377036458321621,0.004975124378109453,0.0,0
whale,skip,zipf,1.0,15,0.5,1.0,0.5,0.05,0.94509783653432,0,-0.9753373777468993,300.0,0.7067230652204964,241.3090909090909,45483,8,0.6192936312295213,0.011534761273818115,28.24542247305257,0.004975124378109453,0.0,0,0.8070060106630825,0.0063857340717812855,21.625051140395687,0.004975124378109453,0.0,0,0.876562542897932,0.005014931813105848,13.666246359976471,0.004975124378109453,0.0,0
whale,skip,zipf,1.0,16,0.5,1.0,0.5,0.05,0.9514912771705607,0,-0.951528170349369,308.5,0.7323042429891755,217.4181818181818,46024,8,0.6022950560748452,0.013187584420260206,26.479164793761786,0.004975124378109453,0.0,0,0.7747733522099929,0.007494833797858971,23.578631591677237,0.004975124378109453,0.0,0,0.867126982984233,0.005601099971117469,15.062093985352723,0.004975124378109453,0.0,0
whale,skip,zipf,1.0,17,0.5,1.0,0.5,0.05,0.9384946261713333,0,-0.9883605539188736,315.75,0.7180541582425202,254.01818181818183,45776,8,0.6172471325218507,0.012394815914410167,25.91789146912633,0.004975124378109453,0.0,0,0.8062389095154268,0.006894037203462152,19.18407353379067,0.004975124378109453,0.0,0,0.8788751692988983,0.0055141921475071395,10.81200206260273,0.004975124378109453,0.0,0
whale,skip,zipf,1.0,18,0.5,1.0,0.5,0.05,0.9457592143620754,0,-0.9354649366224866,351.5,0.7136992921166906,236.87272727272727,45856,8,0.6380895300801815,0.010689293488243356,28.782976594317024,0.004975124378109453,0.0,0,0.7955406259873575,0.007037310055563179,21.346023862621507,0.004975124378109453,0.0,0,0.86228851856969,0.0052860585177962926,15.790724887242368,0.004975124378109453,0.0,0
whale,skip,zipf,1.0,19,0.5,1.0,0.5,0.05,0.9401121111276665,0,-0.9388994127520701,324.0,0.7003421170074337,220.65454545454546,45726,8,0.610260815055258,0.012421695930144739,26.554449402672265,0.004975124378109453,0.0,0,0.796980161079297,0.006664080296527091,21.47812506445353,0.004975124378109453,0.0,0,0.8732101069773699,0.005212926386222677,12.833867043876335,0.004975124378109453,0.0,0
whale,skip,zipf,1.0,20,0.5,1.0,0.5,0.05,0.9411933173049916,0,-0.924119050158079,330.375,0.7000343034915004,221.72727272727272,45572,8,0.6395562292724646,0.011898109310937394,25.35168236815959,0.004975124378109453,0.0,0,0.762068364153339,0.009198369314816348,19.473555259748657,0.004975124378109453,0.0,0,0.8717000488660648,0.00512765386679305,13.552644200297676,0.004975124378109453,0.0,0
whale,skip,zipf,1.0,21,0.5,1.0,0.5,0.05,0.9482764911542719,0,-0.952139593232203,326.75,0.7379368228712716,229.6727272727273,45735,8,0.5957886403877845,0.013398142170363125,26.30871103504152,0.004975124378109453,0.0,0,0.7869380637673307,0.0071864433336706985,22.450386080555464,0.004975124378109453,0.0,0,0.8722078351967297,0.005066987726346947,15.012599213928631,0.004975124378109453,0.0,0
whale,skip,zipf,1.0,22,0.5,1.0,0.5,0.05,0.9443493797870284,0,-0.9681648894963399,310.0,0.7237754378452133,232.0909090909091,45738,8,0.6378358244365647,0.011513717536250514,26.62159761913709,0.004975124378109453,0.0,0,0.7869600245459218,0.008064585096712533,19.516113148246784,0.004975124378109453,0.0,0,0.866698605601433,0.00571786121062914,13.580388072597417,0.004975124378109453,0.0,0
whale,skip,zipf,1.0,23,0.5,1.0,0.5,0.05,0.9469113054715673,0,-0.9606328443026998,328.75,0.7201548196286475,238.2,45739,8,0.6205230007518664,0.011437687599631903,28.53621432449379,0.004975124378109453,0.0,0,0.8147725519346751,0.005673845577484135,23.289099382835943,0.004975124378109453,0.0,0,0.8641984946641346,0.005812269296419578,14.2307258299929,0.004975124378109453,0.0,0
whale,skip,zipf,1.0,24,0.5,1.0,0.5,0.05,0.94217021150465,0,-0.9372236206877878,342.125,0.6894559632433168,220.6,45937,8,0.6436448808514896,0.011092721958261286,26.91181945931982,0.004975124378109453,0.0,0,0.7967780001612148,0.006798835520597338,21.384869644656614,0.004975124378109453,0.0,0,0.868720675076668,0.005819386476146706,12.62152577922896,0.004975124378109453,0.0,0
whale,skip,zipf,1.0,25,0.5,1.0,0.5,0.05,0.9353197198035483,0,-0.936743842622853,329.5,0.720531998509173,223.16363636363636,45761,8,0.6247378379894105,0.010901345300694016,28.49023430111558,0.004975124378109453,0.0,0,0.783015268737325,0.006628864927381701,22.975947275242078,0.004975124378109453,0.0,0,0.8683656245717009,0.005791773374653716,11.560206330733822,0.004975124378109453,0.0,0
whale,skip,zipf,1.0,26,0.5,1.0,0.5,0.05,0.9445236028163093,0,-0.9531720288422992,331.25,0.7039097819558301,232.63636363636363,45853,8,0.6120583763681037,0.011280694252306765,29.472053670829748,0.004975124378109453,0.0,0,0.7997978948214669,0.007289836700819773,19.853079559185105,0.004975124378109453,0.0,0,0.8708685789644136,0.005264241463340938,13.991573974106942,0.004975124378109453,0.0,0
whale,skip,zipf,1.0,27,0.5,1.0,0.5,0.05,0.9431142920487665,0,-0.9578357201235568,335.375,0.7005841348293287,244.78181818181818,45927,8,0.6253952864313697,0.010998040786388047,28.88869133951825,0.004975124378109453,0.0,0,0.807238963634262,0.006546698719853903,20.75478561468562,0.004975124378109453,0.0,0,0.8717934024470501,0.0053410812185269085,13.353268127494799,0.004975124378109453,0.0,0
whale,skip,zipf,1.0,28,0.5,1.0,0.5,0.05,0.9455527180053301,0,-0.9428020988250337,332.625,0.7013325151235816,222.12727272727273,45658,8,0.6126554279972034,0.012097459043870483,27.517951397967202,0.004975124378109453,0.0,0,0.7981950421097977,0.00592046153833856,24.88955885302228,0.004975124378109453,0.0,0,0.8703758742768628,0.0057257399039376536,13.129629530808307,0.004975124378109453,0.0,0
whale,skip,zipf,1.0,29,0.5,1.0,0.5,0.05,0.9391752743445865,0,-0.9514355004800642,332.375,0.7169939997253616,242.01818181818183,45857,8,0.6207916898139927,0.012144770925630353,26.215692867345595,0.004975124378109453,0.0,0,0.8064273024634945,0.005807568067777988,22.857755661550463,0.004975124378109453,0.0,0,0.8705805974107983,0.005651680845705122,12.137040078247745,0.004975124378109453,0.0,0
whale,skip,zipf,5.0,0,0.5,1.0,0.5,0.05,0.9338620174934249,0,-1.1098669167366277,187.125,0.353713929354191,169.83636363636364,46448,8,0.6114239610635175,0.011231847184190059,28.707482495289913,0.004975124378109453,0.0,0,0.8901802646075865,0.007391995397784644,5.9093317210302505,0.004975124378109453,0.0,0,0.8776715258950794,0.006732330113293947,8.346366065352232,0.004975124378109453,0.0,0
whale,skip,zipf,5.0,1,0.5,1.0,0.5,0.05,0.9396595418079351,0,-1.1354732037768158,187.625,0.41671552454143307,162.01818181818183,45733,8,0.6373504921138518,0.011777398896398889,25.6685752391828,0.004975124378109453,0.0,0,0.9072585527503861,0.004292890716937874,7.547592332063983,0.004975124378109453,0.0,0,0.8930515354573926,0.005625338488149049,8.285369218000309,0.004975124378109453,0.0,0
whale,skip,zipf,5.0,2,0.5,1.0,0.5,0.05,0.9320780277664328,0,-1.0363904173720213,190.375,0.353101169759221,144.4181818181818,45890,8,0.5910926170587272,0.011999426946410706,28.416807921790124,0.004975124378109453,0.0,0,0.8844016091709953,0.005096555090470176,9.354636170731386,0.004975124378109453,0.0,0,0.8843506611929939,0.006195189285789736,7.70394000436983,0.004975124378109453,0.0,0
whale,skip,zipf,5.0,3,0.5,1.0,0.5,0.05,0.9307813389276565,0,-1.0287502213942168,207.125,0.377355722791376,153.63636363636363,45882,8,0.6282042336664102,0.012314548685512424,24.57070193869274,0.004975124378109453,0.0,0,0.8861613178511284,0.004233976658957104,10.5385609488737,0.004975124378109453,0.0,0,0.8702162552721887,0.006899509504678439,8.77817236347013,0.004975124378109453,0.0,0
whale,skip,zipf,5.0,4,0.5,1.0,0.5,0.05,0.9306682883864406,0,-1.0916850961059676,198.125,0.4153668245481774,155.38181818181818,45101,8,0.6342035988306993,0.011197997999175363,26.474793938842758,0.004975124378109453,0.0,0,0.8965903667008215,0.004564387339787149,7.4660450896808035,0.004975124378109453,0.0,0,0.8885449541570825,0.005371908543857535,7.8414094144479956,0.004975124378109453,0.0,0
whale,skip,zipf,5.0,5,0.5,1.0,0.5,0.05,0.9306033625825669,0,-1.057790742711112,197.5,0.42228365694208453,155.38181818181818,45098,8,0.6093104014689522,0.01351582107774014,23.771619886472724,0.004975124378109453,0.0,0,0.8891689850379905,0.005246847670701288,7.897004095611258,0.004975124378109453,0.0,0,0.876310479730904,0.005899901308768361,9.202337464691736,0.004975124378109453,0.0,0
whale,skip,zipf,5.0,6,0.5,1.0,0.5,0.05,0.9360422612394832,0,-1.0493464838558482,201.0,0.3433637035322409,144.45454545454547,45628,8,0.6246642121085747,0.011744538307338853,26.51258320953635,0.004975124378109453,0.0,0,0.8944935054344693,0.0036484640350835057,11.388012984500469,0.004975124378109453,0.0,0,0.8853991788500067,0.005460541933657176,9.274369285093734,0.004975124378109453,0.0,0
whale,skip,zipf,5.0,7,0.5,1.0,0.5,0.05,0.9344769531537376,0,-1.096178461734731,197.25,0.3900733506229769,161.8,45647,8,0.6358484913334489,0.011386602365088365,26.226301072556264,0.004975124378109453,0.0,0,0.8980985464919625,0.0043726910107756145,8.319455130062428,0.004975124378109453,0.0,0,0.8857275148325567,0.005780141733794993,8.433952066634541,0.004975124378109453,0.0,0
whale,skip,zipf,5.0,8,0.5,1.0,0.5,0.05,0.9282780336136582,0,-1.1108138688304963,183.375,0.3740540566082044,171.5818181818182,46446,8,0.6192728028204904,0.011557228781691832,26.736965809889714,0.004975124378109453,0.0,0,0.9022700757585166,0.004268967736879952,6.0923294478093215,0.004975124378109453,0.0,0,0.8841285793421304,0.005816031921775626,7.590992426679988,0.004975124378109453,0.0,0
whale,skip,zipf,5.0,9,0.5,1.0,0.5,0.05,0.9384293710586165,0,-1.0282790333512921,196.875,0.3548560110007152,149.83636363636364,44784,8,0.6036833137957648,0.011652955933193465,28.72627848092405,0.004975124378109453,0.0,0,0.8869515502409976,0.004634037201130714,11.108633483792097,0.004975124378109453,0.0,0,0.8867985973936373,0.0054015865578051075,9.558446044037645,0.004975124378109453,0.0,0
whale,skip,zipf,5.0,10,0.5,1.0,0.5,0.05,0.9335588847979787,0,-1.057725444528458,197.375,0.37108827145713075,155.4,45423,8,0.637029490272652,0.010826357422766799,27.389581088626688,0.004975124378109453,0.0,0,0.8803487286217834,0.008230803535060408,6.464758385926505,0.004975124378109453,0.0,0,0.8742638062057363,0.0068149953355949346,8.700677795411291,0.004975124378109453,0.0,0
whale,skip,zipf,5.0,11,0.5,1.0,0.5,0.05,0.9345162769631853,0,-1.0435384656978484,206.75,0.3645012156230336,144.54545454545453,45356,8,0.6349763253185007,0.010783639361871468,27.777259753677477,0.004975124378109453,0.0,0,0.8851186156474127,0.004430244923822303,11.150097153805564,0.004975124378109453,0.0,0,0.87500637312246,0.0059739694688184545,9.961534646492812,0.004975124378109453,0.0,0
whale,skip,zipf,5.0,12,0.5,1.0,0.5,0.05,0.945223773792663,0,-1.1127331344864249,192.0,0.32431833827533835,172.12727272727273,45690,8,0.6572825797350539,0.010172862234039178,28.30483569256799,0.004975124378109453,0.0,0,0.8994737301303632,0.004049510606060374,11.297672265342785,0.004975124378109453,0.0,0,0.8924952786141621,0.0052371555302435065,10.068155294224994,0.004975124378109453,0.0,0
whale,skip,zipf,5.0,13,0.5,1.0,0.5,0.05,0.9336500032071005,0,-1.0913436905987504,190.125,0.37600037748455784,175.43636363636364,46132,8,0.6252690746487627,0.011348305322113382,27.17418326394732,0.004975124378109453,0.0,0,0.9026999812584557,0.004312854276249341,7.176227149404244,0.004975124378109453,0.0,0,0.8860667379561744,0.005759850605640085,8.261197817237166,0.004975124378109453,0.0,0
whale,skip,zipf,5.0,14,0.5,1.0,0.5,0.05,0.9210921133094204,0,-1.0262365931162818,194.0,0.35299583604148993,150.1090909090909,46035,8,0.6179419164798603,0.01325432901331381,22.871787513728496,0.004975124378109453,0.0,0,0.8768489601179286,0.007247679369459668,6.104457845903618,0.004975124378109453,0.0,0,0.8764434210987421,0.006730785758003157,6.633503697185634,0.004975124378109453,0.0,0
whale,skip,zipf,5.0,15,0.5,1.0,0.5,0.05,0.9382106776264724,0,-1.0207568381236163,202.625,0.3610253608475927,146.8,45264,8,0.6206089724996311,0.011654864076418194,27.250571353248038,0.004975124378109453,0.0,0,0.8897069423837811,0.004506235354989798,10.763693287564884,0.004975124378109453,0.0,0,0.8895530266425724,0.005133562415197315,9.478340195076743,0.004975124378109453,0.0,0
whale,skip,zipf,5.0,16,0.5,1.0,0.5,0.05,0.9355784341314394,0,-1.0583468013565764,193.75,0.3755934984871482,149.8181818181818,45569,8,0.6214082567799187,0.012105408983630783,25.9528759231802,0.004975124378109453,0.0,0,0.8884822849671913,0.005214534419439264,9.03170741162976,0.004975124378109453,0.0,0,0.879319616459222,0.005574907530589943,10.091435124891486,0.004975124378109453,0.0,0
whale,skip,zipf,5.0,17,0.5,1.0,0.5,0.05,0.9328648290046184,0,-1.0356621876298924,188.5,0.38420613791570374,136.87272727272727,45974,8,0.5885774185740068,0.013869185962134399,24.823909014601423,0.004975124378109453,0.0,0,0.8830704035702243,0.005392792735419166,9.233513668595274,0.004975124378109453,0.0,0,0.8789348416319703,0.006855550075803088,7.866617087809764,0.004975124378109453,0.0,0
whale,skip,zipf,5.0,18,0.5,1.0,0.5,0.05,0.9327430327021631,0,-1.0597105232181212,194.75,0.36360078858233574,164.56363636363636,46619,8,0.619990421701449,0.011307562832217545,27.65871086823575,0.004975124378109453,0.0,0,0.8835511867865202,0.0057834257832448865,8.505658714970654,0.004975124378109453,0.0,0,0.868714360073525,0.00741843884747253,8.631017110891563,0.004975124378109453,0.0,0
whale,skip,zipf,5.0,19,0.5,1.0,0.5,0.05,0.9333987711438003,0,-1.0616898322044714,205.75,0.3607553647232575,147.3090909090909,45979,8,0.5921374153762072,0.011724768930769017,29.10601972479214,0.004975124378109453,0.0,0,0.8891881235345805,0.004165480947892538,10.61357575806162,0.004975124378109453,0.0,0,0.8822912954152529,0.005537553288645004,9.229252174122744,0.004975124378109453,0.0,0
whale,skip,zipf,5.0,20,0.5,1.0,0.5,0.05,0.9315211828984408,0,-1.054601742163165,195.5,0.34440731717184847,154.45454545454547,45963,8,0.6349993546472963,0.011301258620360197,26.23794731295988,0.004975124378109453,0.0,0,0.891813774529783,0.004364311320455749,9.098207128933968,0.004975124378109453,0.0,0,0.8835052964396226,0.007656323444631833,6.271402561040455,0.004975124378109453,0.0,0
whale,skip,zipf,5.0,21,0.5,1.0,0.5,0.05,0.9364743342874567,0,-1.0746579561634348,188.0,0.38534068487536566,162.43636363636364,46047,8,0.6248459503869241,0.012170540871029341,25.605138440669496,0.004975124378109453,0.0,0,0.8949850115528162,0.004838042028198886,8.5756433062832,0.004975124378109453,0.0,0,0.8953913343526908,0.00569257112717641,7.21694977839366,0.004975124378109453,0.0,0
whale,skip,zipf,5.0,22,0.5,1.0,0.5,0.05,0.9355310266492466,0,-0.9820811883479958,205.75,0.35735560866382476,129.65454545454546,46120,8,0.5978800293754398,0.012213810146247051,27.64501766695277,0.004975124378109453,0.0,0,0.8760095011958239,0.005668664397007871,10.500096898458189,0.004975124378109453,0.0,0,0.8677288475833085,0.006937022109765717,9.773960352596884,0.004975124378109453,0.0,0
whale,skip,zipf,5.0,23,0.5,1.0,0.5,0.05,0.9364905473709664,0,-1.1033421219694668,190.25,0.3875209664989721,164.34545454545454,46112,8,0.636641910268272,0.01049979696931586,28.557565253781448,0.004975124378109453,0.0,0,0.8958318851189638,0.005085904660637635,7.994381524034515,0.004975124378109453,0.0,0,0.8833417580754619,0.006643346694458492,8.000303422345581,0.004975124378109453,0.0,0
whale,skip,zipf,5.0,24,0.5,1.0,0.5,0.05,0.9343163077150314,0,-1.0664904829674817,187.875,0.3853189235084098,156.85454545454544,45197,8,0.6059103455652637,0.012022620319972286,27.315672741008985,0.004975124378109453,0.0,0,0.8923655938924243,0.0053769869950441905,7.801899811413305,0.004975124378109453,0.0,0,0.8846491849852299,0.006205443090701212,8.003799568193138,0.004975124378109453,0.0,0
whale,skip,zipf,5.0,25,0.5,1.0,0.5,0.05,0.9360752822209127,0,-1.0854958434106683,190.0,0.3602789291579279,152.8181818181818,45588,8,0.6337929767650049,0.011670151765275204,25.90217432778857,0.004975124378109453,0.0,0,0.8902523690727456,0.004991351008592693,9.180462978717026,0.004975124378109453,0.0,0,0.890692636927606,0.005594158704748404,8.11250586344382,0.004975124378109453,0.0,0
whale,skip,zipf,5.0,26,0.5,1.0,0.5,0.05,0.9401556735160137,0,-1.0530225617917097,198.625,0.3868632494944964,151.38181818181818,45573,8,0.6187826287586679,0.012971792021307884,24.774760821746767,0.004975124378109453,0.0,0,0.8874722318744116,0.00544254682470294,9.679924369686542,0.004975124378109453,0.0,0,0.8737834237820082,0.0072168119369706435,9.196893353142597,0.004975124378109453,0.0,0
whale,skip,zipf,5.0,27,0.5,1.0,0.5,0.05,0.9316430670824716,0,-1.1066486115578922,194.375,0.3854760639448256,169.61818181818182,46251,8,0.6296466490937573,0.010729701202412638,28.14583670986183,0.004975124378109453,0.0,0,0.901203541739842,0.005807697017223331,5.241238524041118,0.004975124378109453,0.0,0,0.8852553867664992,0.0053394366313450565,8.687748075078641,0.004975124378109453,0.0,0
whale,skip,zipf,5.0,28,0.5,1.0,0.5,0.05,0.924864400027053,0,-1.0416403625551756,203.25,0.3855248155257614,156.5090909090909,45425,8,0.6567686462250315,0.010917575037986921,24.556346337826984,0.004975124378109453,0.0,0,0.8885234430369529,0.005600412260449999,6.488978900131909,0.004975124378109453,0.0,0,0.876450223901967,0.007092760633392981,6.825857889120094,0.004975124378109453,0.0,0
whale,skip,zipf,5.0,29,0.5,1.0,0.5,0.05,0.9388401225369902,0,-1.0535661154295486,183.375,0.3117078895425713,144.85454545454544,45940,8,0.6126421993704539,0.010885378761604043,29.966612123514988,0.004975124378109453,0.0,0,0.8812681652815653,0.006615637893270303,8.702404542725882,0.004975124378109453,0.0,0,0.8898020821183181,0.005458199306754846,8.984289078265173,0.004975124378109453,0.0,0
whale,skip,lognormal,1.0,0,0.5,1.0,0.5,0.05,0.8680958103815755,0,-0.8430568023213372,390.375,0.7482573374184054,210.36363636363637,45682,8,0.3546627808623411,0.019429677536036444,26.425195609498118,0.004975124378109453,0.0,0,0.683137185051948,0.01081935358921541,17.09516412459168,0.004975124378109453,0.0,0,0.7468657754465018,0.009147732451682652,13.252468365837961,0.004975124378109453,0.0,0
whale,skip,lognormal,1.0,1,0.5,1.0,0.5,0.05,0.8749494067054221,0,-0.8461608561208536,409.875,0.7151441777686942,213.27272727272728,45913,8,0.3941086196741805,0.018572864058330862,25.88942585920454,0.004975124378109453,0.004375,0,0.7083585506904295,0.010124596152545589,16.45407416799605,0.004975124378109453,0.0,0,0.763129871212106,0.008937170609832608,12.511737816697057,0.004975124378109453,0.0,0
whale,skip,lognormal,1.0,2,0.5,1.0,0.5,0.05,0.8732921817331104,0,-0.8389197281964219,403.0,0.7415273852327934,212.16363636363636,45508,8,0.35562344025029785,0.020198611647702956,25.62892690407676,0.004975124378109453,0.001875,0,0.6869100412732208,0.0109398921960294,17.03692660952696,0.004975124378109453,0.0,0,0.7502908325576516,0.009683660299471252,12.7019479588906,0.004975124378109453,0.0,0
whale,skip,lognormal,1.0,3,0.5,1.0,0.5,0.05,0.8780358873924152,0,-0.8502492864087439,392.875,0.7261186029087887,213.70909090909092,45811,8,0.3731180453016605,0.01739552096411356,29.02573847212654,0.004975124378109453,0.0,0,0.6979682046663871,0.01050051441088374,17.148462987621706,0.004975124378109453,0.0,0,0.7531489856063545,0.010293289638038675,12.13284636667984,0.004975124378109453,0.0,0
whale,skip,lognormal,1.0,4,0.5,1.0,0.5,0.05,0.882715827112174,0,-0.8428601703813419,412.0,0.7243161892215273,218.23636363636365,45748,8,0.3889790409276287,0.019750111986432856,24.99918919567205,0.004975124378109453,0.001875,0,0.7030787369183195,0.009574423489869475,18.76218347599992,0.004975124378109453,0.0,0,0.7561130419034526,0.00864195136708973,14.649791445349942,0.004975124378109453,0.0,0
whale,skip,lognormal,1.0,5,0.5,1.0,0.5,0.05,0.8708071564143808,0,-0.8539492834254426,400.625,0.7214713231728861,217.4,45732,8,0.39026798210269625,0.018782451232708955,25.584476081313767,0.004975124378109453,0.0,0,0.7061829028303882,0.01043225587179408,15.78031210191947,0.004975124378109453,0.0,0,0.7512412668503713,0.00949136241822926,12.597336851701012,0.004975124378109453,0.0,0
whale,skip,lognormal,1.0,6,0.5,1.0,0.5,0.05,0.8729162742614429,0,-0.8263223304480132,418.75,0.7101296957308968,213.70909090909092,45971,8,0.4043006743509147,0.01860858327308297,25.182766094201995,0.004975124378109453,0.0,0,0.7011063415018401,0.009436409111620928,18.20713056495389,0.004975124378109453,0.0,0,0.7548977598148761,0.008375944664073643,14.090173607852911,0.004975124378109453,0.0,0
whale,skip,lognormal,1.0,7,0.5,1.0,0.5,0.05,0.8725607910607371,0,-0.8163425160549077,405.875,0.7286294010393394,205.1090909090909,45571,8,0.38322723196499353,0.019383769751073886,25.24449915469275,0.004975124378109453,0.0,0,0.6749423627028783,0.010099879044833452,19.566415348206533,0.004975124378109453,0.0,0,0.7613414734328208,0.01016054817224056,10.946192640646746,0.004975124378109453,0.0,0
whale,skip,lognormal,1.0,8,0.5,1.0,0.5,0.05,0.8702494802724534,0,-0.8186609427147529,408.5,0.7345545398201809,206.85454545454544,45938,8,0.37266680375942085,0.019413390623018,25.63090014389658,0.004975124378109453,0.0,0,0.6757794531009023,0.011260631891300497,17.269903594112755,0.004975124378109453,0.0,0,0.7574290239970606,0.008772363094492067,12.86089678005118,0.004975124378109453,0.0,0
whale,skip,lognormal,1.0,9,0.5,1.0,0.5,0.05,0.87045215718556,0,-0.8568678542925279,393.875,0.7310179639093233,224.52727272727273,46031,8,0.36970197750304296,0.019316830681457408,25.922998857322735,0.004975124378109453,0.00125,0,0.6997900852157994,0.010090900529264746,16.91247193199669,0.004975124378109453,0.0,0,0.7652648996594299,0.010012121686537992,10.50599071998514,0.004975124378109453,0.0,0
whale,skip,lognormal,1.0,10,0.5,1.0,0.5,0.05,0.8626407174495117,0,-0.8166560703916035,412.5,0.7258771657600027,206.23636363636365,45671,8,0.360379835757014,0.019756352770872017,25.422753253981735,0.004975124378109453,0.0,0,0.687412509224437,0.010358432133466855,16.916479826993633,0.004975124378109453,0.0,0,0.7470043824216444,0.010491869470510774,11.021518648595787,0.004975124378109453,0.0,0
whale,skip,lognormal,1.0,11,0.5,1.0,0.5,0.05,0.8755900556776931,0,-0.8344911808438615,406.125,0.7216112079390493,209.54545454545453,45752,8,0.39628406341257116,0.019553016171977917,24.513148664605076,0.004975124378109453,0.000625,0,0.6912764960467832,0.00930680243674643,19.80417666363875,0.004975124378109453,0.0,0,0.7594667345287531,0.009547953392614713,12.162116463488468,0.004975124378109453,0.0,0
whale,skip,lognormal,1.0,12,0.5,1.0,0.5,0.05,0.8709886167147467,0,-0.8325534503958272,420.625,0.7149202044914563,210.34545454545454,45924,8,0.38131529950206783,0.019959527809827692,24.533311703474922,0.004975124378109453,0.001875,0,0.7115109149222557,0.00830235774553895,19.208724398582085,0.004975124378109453,0.0,0,0.7488226833602877,0.008849845045904529,13.804301964698709,0.004975124378109453,0.0,0
whale,skip,lognormal,1.0,13,0.5,1.0,0.5,0.05,0.8769470462208365,0,-0.8439211026831117,407.75,0.7277449078397684,208.3090909090909,45838,8,0.37445746422599346,0.01942174455760893,25.872525534683795,0.004975124378109453,0.0,0,0.7018971351903732,0.008116291494017725,21.567721065647696,0.004975124378109453,0.0,0,0.7553812697392979,0.009302035355244076,13.068728707100135,0.004975124378109453,0.0,0
whale,skip,lognormal,1.0,14,0.5,1.0,0.5,0.05,0.8630237315437457,0,-0.8147704063455778,410.25,0.7384708672528392,204.52727272727273,45817,8,0.37245647327361014,0.01894467687413277,25.894728188262764,0.004975124378109453,0.0025,0,0.6768463120240108,0.011220602396275463,16.592462057254085,0.004975124378109453,0.001875,0,0.7470380705539144,0.009101569222471264,12.74347952037427,0.004975124378109453,0.0,0
whale,skip,lognormal,1.0,15,0.5,1.0,0.5,0.05,0.8734934042210363,0,-0.8306428623814557,410.125,0.7135339177715802,214.4909090909091,45926,8,0.3496389557402,0.020990111737622604,24.957201516077753,0.004975124378109453,0.000625,0,0.6947880224374728,0.009441221745679393,18.928205119781744,0.004975124378109453,0.0,0,0.7482622305793925,0.009862851625661005,12.697258196181258,0.004975124378109453,0.0,0
whale,skip,lognormal,1.0,16,0.5,1.0,0.5,0.05,0.867701434475193,0,-0.8527054647830128,401.5,0.7193782310398767,221.8181818181818,45584,8,0.3698152993022212,0.019850710320466307,25.081527418172314,0.004975124378109453,0.000625,0,0.7091264561803813,0.009636463761347537,16.45572299362199,0.004975124378109453,0.0,0,0.7562186035757925,0.008690910429209773,12.827520408530678,0.004975124378109453,0.0,0
whale,skip,lognormal,1.0,17,0.5,1.0,0.5,0.05,0.8659623706891113,0,-0.8331633748702625,406.0,0.7336351966146493,203.3272727272727,45628,8,0.362907149964806,0.019993287204212094,25.161206138144404,0.004975124378109453,0.0,0,0.6954403218104588,0.009560723941847999,17.835683774140247,0.004975124378109453,0.0,0,0.7516587107880816,0.00912845424816277,12.521688425401813,0.004975124378109453,0.0,0
whale,skip,lognormal,1.0,18,0.5,1.0,0.5,0.05,0.8676135377577944,0,-0.8115085749439457,404.375,0.7408763485993016,204.1090909090909,45823,8,0.36017681081924907,0.018946714549057744,26.78230706567441,0.004975124378109453,0.00125,0,0.6671472498630808,0.01199772326567538,16.70869409600679,0.004975124378109453,0.0,0,0.7421493163268218,0.010328309969102256,12.147604187549186,0.004975124378109453,0.0,0
whale,skip,lognormal,1.0,19,0.5,1.0,0.5,0.05,0.8766264309157026,0,-0.8447290597900106,408.625,0.7138635484896351,218.61818181818182,46024,8,0.3958610326332229,0.018751645958011303,25.638570574498356,0.004975124378109453,0.000625,0,0.7067192601622324,0.00847895799378153,20.038685281620705,0.004975124378109453,0.0,0,0.7564794324618334,0.009309605903373893,12.905701884794796,0.004975124378109453,0.0,0
whale,skip,lognormal,1.0,20,0.5,1.0,0.5,0.05,0.8615175013704991,0,-0.8434500791492908,410.125,0.7123417457095781,215.4,45820,8,0.36862235265268667,0.018057955211395058,27.29518059756745,0.004975124378109453,0.0,0,0.7081344306406484,0.008347040229211844,18.375743559143437,0.004975124378109453,0.0,0,0.7502456744474428,0.008613607306514046,12.918144856558166,0.004975124378109453,0.0,0
whale,skip,lognormal,1.0,21,0.5,1.0,0.5,0.05,0.8778326916092125,0,-0.8445921580970543,397.0,0.7263698867274473,213.27272727272728,45899,8,0.37983620820248165,0.019859706278827705,25.075722491306,0.004975124378109453,0.001875,0,0.6832833496554076,0.00988465920142808,19.681947347835475,0.004975124378109453,0.0,0,0.7508239310484451,0.009851810425488466,12.891920883107138,0.004975124378109453,0.0,0
whale,skip,lognormal,1.0,22,0.5,1.0,0.5,0.05,0.8729195471363764,0,-0.8360498353413358,413.875,0.7265895140429854,216.47272727272727,45533,8,0.380262329460072,0.01773609814488895,27.777091311274376,0.004975124378109453,0.003125,0,0.7008656394602383,0.010612686092624671,16.21209806589,0.004975124378109453,0.0,0,0.747580111989279,0.009649010732969969,12.989874155577597,0.004975124378109453,0.0,0
whale,skip,lognormal,1.0,23,0.5,1.0,0.5,0.05,0.870462100907397,0,-0.8245548260764126,406.375,0.7402738075693907,202.4181818181818,45814,8,0.38481653273141425,0.019383290350959027,25.05485701254815,0.004975124378109453,0.0025,0,0.6739496468213839,0.010704685146734083,18.357611773940633,0.004975124378109453,0.0,0,0.7520438844330357,0.009881253585289464,11.984128881243793,0.004975124378109453,0.0,0
whale,skip,lognormal,1.0,24,0.5,1.0,0.5,0.05,0.8721761036895712,0,-0.8298159383679917,426.625,0.6980739014165879,226.85454545454544,45997,8,0.4064554674060916,0.01937369498800985,24.03881327602755,0.004975124378109453,0.0,0,0.7155888930740341,0.009703423824478238,16.137315389700294,0.004975124378109453,0.0,0,0.7684993171857435,0.008147628051725758,12.724781475741008,0.004975124378109453,0.0,0
whale,skip,lognormal,1.0,25,0.5,1.0,0.5,0.05,0.8620581548804418,0,-0.8368699623420157,407.5,0.7319682055068398,208.8909090909091,45650,8,0.35258198496826454,0.017992227712387298,28.316458531781077,0.004975124378109453,0.00125,0,0.6900571213917249,0.010615582085439702,16.202694501758216,0.004975124378109453,0.0,0,0.7554664762570468,0.008928879077046401,11.937856667519643,0.004975124378109453,0.0,0
whale,skip,lognormal,1.0,26,0.5,1.0,0.5,0.05,0.8763219458990432,0,-0.8370039922355317,402.125,0.7258277765871642,207.1090909090909,45874,8,0.36457322912308116,0.018986517842557945,26.953268683575367,0.004975124378109453,0.0,0,0.7037335254168535,0.009378519484893409,18.402522995254113,0.004975124378109453,0.0,0,0.7645568804482885,0.009015357412653881,12.397186304991322,0.004975124378109453,0.0,0
whale,skip,lognormal,1.0,27,0.5,1.0,0.5,0.05,0.8800984184639443,0,-0.8319771590743431,416.0,0.7154483271849014,219.52727272727273,45996,8,0.3888879896887209,0.020697590852025025,23.73273451422797,0.004975124378109453,0.00125,0,0.6926609526008238,0.010343709411411552,18.120913727171487,0.004975124378109453,0.0,0,0.7523627504312302,0.009644032820947284,13.245047005156009,0.004975124378109453,0.0,0
whale,skip,lognormal,1.0,28,0.5,1.0,0.5,0.05,0.8716385231120225,0,-0.8350417664179629,402.5,0.7343716812777289,216.61818181818182,45729,8,0.39060989446829397,0.01873018469172655,25.682001355609017,0.004975124378109453,0.000625,0,0.6959771232473105,0.009999804470538042,17.566483462977196,0.004975124378109453,0.0,0,0.7568551687443192,0.009345665364335006,12.281988482675649,0.004975124378109453,0.0,0
whale,skip,lognormal,1.0,29,0.5,1.0,0.5,0.05,0.86494679969361,0,-0.8249497744702354,403.375,0.7329503681566534,201.4,45312,8,0.3734547439490705,0.019217918408802295,25.57467699100146,0.004975124378109453,0.0,0,0.7022252314011539,0.009059412589257283,17.961602553063155,0.004975124378109453,0.0,0,0.7529682592288789,0.009108614342391009,12.293696522377603,0.004975124378109453,0.0,0
whale,skip,lognormal,5.0,0,0.5,1.0,0.5,0.05,0.9130593825881803,0,-0.9475496296342022,230.125,0.3778719677624267,138.85454545454544,46335,8,0.451031196737069,0.015581467301106938,29.652418281446955,0.004975124378109453,0.0,0,0.8469561613999985,0.0075724020390088706,8.729491758051696,0.004975124378109453,0.0,0,0.8002193198436872,0.009099784370476014,12.400300726971004,0.004975124378109453,0.0,0
whale,skip,lognormal,5.0,1,0.5,1.0,0.5,0.05,0.9081155517969446,0,-0.9373416993306903,233.25,0.3496416593417549,139.3090909090909,46534,8,0.4713005987745468,0.014145579997731616,30.87996060200044,0.004975124378109453,0.0,0,0.8505589581318947,0.005973947588848504,9.63459970296526,0.004975124378109453,0.0,0,0.787361941446878,0.009208564313693263,13.113185317118793,0.004975124378109453,0.0,0
whale,skip,lognormal,5.0,2,0.5,1.0,0.5,0.05,0.9146247448192197,0,-0.9557294962030749,236.875,0.3591863726222221,133.47272727272727,45536,8,0.4304895997722049,0.01662866054390122,29.114500459544097,0.004975124378109453,0.0,0,0.8568152610846873,0.0058016209332082975,9.964367613821983,0.004975124378109453,0.0,0,0.7985721736996308,0.007859605948915773,14.765698417183149,0.004975124378109453,0.0,0
whale,skip,lognormal,5.0,3,0.5,1.0,0.5,0.05,0.9157816865383501,0,-0.9756107316848764,229.5,0.391260324098326,145.1090909090909,46055,8,0.45223123065722376,0.016079613355685227,28.828457850774754,0.004975124378109453,0.0,0,0.852668867463223,0.007476076752259914,8.441970456770523,0.004975124378109453,0.0,0,0.8057472109225592,0.007741745198803616,14.213135771091421,0.004975124378109453,0.0,0
whale,skip,lognormal,5.0,4,0.5,1.0,0.5,0.05,0.9131673225697845,0,-0.9618539721527026,226.375,0.37662903054380253,134.63636363636363,46011,8,0.43814255626327403,0.015733203155338892,30.19250190927052,0.004975124378109453,0.0,0,0.8585375591928164,0.006773033960602328,8.06577431838388,0.004975124378109453,0.0,0,0.8033463762333904,0.008149185468053962,13.476309597678044,0.004975124378109453,0.0,0
whale,skip,lognormal,5.0,5,0.5,1.0,0.5,0.05,0.9139008074194891,0,-0.9964273734663738,234.875,0.3644674470382862,158.6727272727273,45386,8,0.4833817257653419,0.01594636411519225,26.99794627441046,0.004975124378109453,0.0,0,0.8762731231286429,0.004311268780017928,8.727751901074862,0.004975124378109453,0.0,0,0.8163319461158096,0.007914848339987256,12.327319123822477,0.004975124378109453,0.0,0
whale,skip,lognormal,5.0,6,0.5,1.0,0.5,0.05,0.9125659855336724,0,-0.9495263869649815,240.75,0.3386931119672248,144.61818181818182,46130,8,0.4701196933264194,0.017254189560897713,25.642832463713415,0.004975124378109453,0.0,0,0.8550685476536358,0.006273354303333912,9.165342032328724,0.004975124378109453,0.0,0,0.807459888416206,0.008560195455984645,12.278469301070006,0.004975124378109453,0.0,0
whale,skip,lognormal,5.0,7,0.5,1.0,0.5,0.05,0.9162547513350501,0,-0.9644866375933188,230.375,0.3503601693925187,136.1090909090909,45728,8,0.47477690284365565,0.014668038902759294,30.09794638657151,0.004975124378109453,0.0,0,0.8511260927740197,0.007429490204512369,8.766235201639253,0.004975124378109453,0.0,0,0.7939567870895428,0.009037803132039862,13.531824322655307,0.004975124378109453,0.0,0
whale,skip,lognormal,5.0,8,0.5,1.0,0.5,0.05,0.9207379763923673,0,-0.9920893108864285,231.625,0.3609386109978448,143.0,45655,8,0.4768435989973983,0.01573932561543457,28.2028841794638,0.004975124378109453,0.0,0,0.8656887855748184,0.005455783814941848,10.090060875723251,0.004975124378109453,0.0,0,0.8029564295034385,0.008552308936502068,13.771900402969072,0.004975124378109453,0.0,0
whale,skip,lognormal,5.0,9,0.5,1.0,0.5,0.05,0.9106584848375057,0,-0.949813313448498,237.25,0.35554334679769145,127.67272727272727,45081,8,0.4463488815681415,0.016435817657443435,28.249863374402192,0.004975124378109453,0.0,0,0.8590592923876795,0.005445114935395321,9.476235683183054,0.004975124378109453,0.0,0,0.7947991256756359,0.00769118185179482,15.063921435537598,0.004975124378109453,0.0,0
whale,skip,lognormal,5.0,10,0.5,1.0,0.5,0.05,0.920522593076331,0,-0.9688505913839274,233.25,0.3607200814821888,143.87272727272727,46281,8,0.46259552455989694,0.016083893821834516,28.47115714571431,0.004975124378109453,0.0,0,0.8569339394214717,0.0056983788656867086,11.15907789806045,0.004975124378109453,0.0,0,0.8056066658562295,0.007956859572483318,14.442372166213367,0.004975124378109453,0.0,0
whale,skip,lognormal,5.0,11,0.5,1.0,0.5,0.05,0.9111669498907111,0,-0.9635125020835357,234.25,0.3317971747626046,139.83636363636364,45575,8,0.47013578659036737,0.015633266553733014,28.211069118822863,0.004975124378109453,0.0,0,0.8600386822334671,0.005737716448334112,8.910908741767566,0.004975124378109453,0.0,0,0.8107466034869469,0.008423594457284226,11.92131778339906,0.004975124378109453,0.0,0
whale,skip,lognormal,5.0,12,0.5,1.0,0.5,0.05,0.9178249429372978,0,-0.998915755390585,232.25,0.3431204158695794,154.27272727272728,46060,8,0.4935524625967773,0.014114622130946422,30.059074653532498,0.004975124378109453,0.0,0,0.863811932050064,0.006296150057078277,8.578736274957595,0.004975124378109453,0.0,0,0.8072679175980991,0.007603192086698915,14.540869687168366,0.004975124378109453,0.0,0
whale,skip,lognormal,5.0,13,0.5,1.0,0.5,0.05,0.9149678515486728,0,-0.9747449367249651,225.875,0.38610436482517113,142.54545454545453,45181,8,0.4245239394547624,0.016967431702877695,28.905017605624458,0.004975124378109453,0.0,0,0.8480158998544343,0.006781900466240105,9.872151917817332,0.004975124378109453,0.0,0,0.7954986567121876,0.010736902657798001,11.126970099679268,0.004975124378109453,0.0,0
whale,skip,lognormal,5.0,14,0.5,1.0,0.5,0.05,0.9060368154153613,0,-0.9538926913727992,224.125,0.3910199388644173,138.05454545454546,46642,8,0.44926454750092704,0.016389450319093293,27.869895513353867,0.004975124378109453,0.0,0,0.8449452919034991,0.006671344202900586,9.157303483951653,0.004975124378109453,0.0,0,0.7860348867062575,0.010269237828413717,11.685573040004313,0.004975124378109453,0.0,0
whale,skip,lognormal,5.0,15,0.5,1.0,0.5,0.05,0.9074856682020472,0,-0.9815452879246641,232.5,0.3489589377786551,140.27272727272728,46569,8,0.4606729032439686,0.015709483081007683,28.44223216346708,0.004975124378109453,0.0,0,0.8606863334616952,0.006266728206565787,7.467905611626709,0.004975124378109453,0.0,0,0.8086306507849517,0.007846415780047659,12.598748293261503,0.004975124378109453,0.0,0
whale,skip,lognormal,5.0,16,0.5,1.0,0.5,0.05,0.9103707472605415,0,-0.9150389605499585,241.875,0.36266810977040115,142.96363636363637,46488,8,0.46809011868797923,0.015455845931531778,28.61575034662171,0.004975124378109453,0.0,0,0.8257054763709383,0.010233404572609229,8.273421644661502,0.004975124378109453,0.0,0,0.787066281184718,0.007727409513113155,15.956766089150564,0.004975124378109453,0.0,0
whale,skip,lognormal,5.0,17,0.5,1.0,0.5,0.05,0.906596942690642,0,-0.969345052573187,228.5,0.3502767798260483,137.74545454545455,45875,8,0.4429518354965845,0.017250552314856175,26.877116670332132,0.004975124378109453,0.0,0,0.8605081490206626,0.008363592679410227,5.5106454171832455,0.004975124378109453,0.0,0,0.7984031458127399,0.00806625387047639,13.413140550151345,0.004975124378109453,0.0,0
whale,skip,lognormal,5.0,18,0.5,1.0,0.5,0.05,0.9016358899022636,0,-0.926393919804908,237.5,0.3559987833305473,135.07272727272726,46253,8,0.45849307927028243,0.016953352599465583,26.13894850779841,0.004975124378109453,0.0,0,0.8479923966115439,0.006484132682991247,8.27304065375371,0.004975124378109453,0.0,0,0.7908724970364704,0.008408356586438733,13.173013266877373,0.004975124378109453,0.0,0
whale,skip,lognormal,5.0,19,0.5,1.0,0.5,0.05,0.9045494369130693,0,-0.9463249808873524,229.125,0.3847983962020532,127.83636363636364,45998,8,0.4420750257115658,0.018083988492138513,25.573695283125776,0.004975124378109453,0.0,0,0.8452834966801533,0.007526133373471345,7.874686414915369,0.004975124378109453,0.0,0,0.7915680417276343,0.008801456295991996,12.83667059017091,0.004975124378109453,0.0,0
whale,skip,lognormal,5.0,20,0.5,1.0,0.5,0.05,0.9149654857839968,0,-0.9325408175597516,235.875,0.37308751598733003,134.8181818181818,45056,8,0.44241229472999416,0.0178383275695805,26.4908909880006,0.004975124378109453,0.0,0,0.8413105417814342,0.007552051510859379,9.752971612634191,0.004975124378109453,0.0,0,0.8022276505973422,0.008241681458331046,13.67898477472632,0.004975124378109453,0.0,0
whale,skip,lognormal,5.0,21,0.5,1.0,0.5,0.05,0.8993937441906237,0,-0.9335118569874074,230.375,0.399303619959572,134.21818181818182,46439,8,0.4491125818703037,0.014918126127840114,30.183493453645504,0.004975124378109453,0.0,0,0.8396177817401221,0.00872402432376736,6.851879388695703,0.004975124378109453,0.0,0,0.79342227809545,0.009523688671925346,11.127145137321055,0.004975124378109453,0.0,0
whale,skip,lognormal,5.0,22,0.5,1.0,0.5,0.05,0.9159617167786039,0,-0.9650619358294599,233.0,0.3861132497199329,143.16363636363636,46536,8,0.4451688306591933,0.015911379266213815,29.588439709880532,0.004975124378109453,0.0,0,0.8599860753782957,0.006198890414472553,9.029945305956987,0.004975124378109453,0.0,0,0.7964391266270989,0.008039301870287735,14.867284756807768,0.004975124378109453,0.0,0
whale,skip,lognormal,5.0,23,0.5,1.0,0.5,0.05,0.908948727366534,0,-0.9396617337896304,229.375,0.3660030802735486,126.03636363636363,45476,8,0.4260434076950459,0.018387902252778286,26.26212131394838,0.004975124378109453,0.0,0,0.8374268987321644,0.006778985488106174,10.550520982801288,0.004975124378109453,0.0,0,0.7854602007499062,0.009283733244066473,13.301602207878304,0.004975124378109453,0.0,0
whale,skip,lognormal,5.0,24,0.5,1.0,0.5,0.05,0.9118067951509461,0,-0.9622172517755457,237.75,0.37824484101512973,140.29090909090908,45384,8,0.47606994014926274,0.014797253525564645,29.447143974986815,0.004975124378109453,0.0,0,0.864376677443104,0.005964470376448388,7.952108856995434,0.004975124378109453,0.0,0,0.8046972025525051,0.007840755271916777,13.660621825817634,0.004975124378109453,0.0,0
whale,skip,lognormal,5.0,25,0.5,1.0,0.5,0.05,0.9077199530964892,0,-0.9034060743442015,229.75,0.3587067175736237,123.49090909090908,46180,8,0.4115467201625263,0.016844174898966512,29.456665934073506,0.004975124378109453,0.000625,0,0.834963052986812,0.010605927731389757,6.860022239671014,0.004975124378109453,0.0,0,0.7769492431456243,0.011292503076661149,11.580312094059652,0.004975124378109453,0.0,0
whale,skip,lognormal,5.0,26,0.5,1.0,0.5,0.05,0.9111145437627023,0,-0.8942576158964203,244.375,0.3420391925251783,124.94545454545455,45282,8,0.4355125442495563,0.01573363898239264,30.228353405425626,0.004975124378109453,0.0,0,0.8249754039063759,0.006303724864822923,13.664800051317929,0.004975124378109453,0.0,0,0.7812423948520615,0.009544831703195037,13.606541524159866,0.004975124378109453,0.0,0
whale,skip,lognormal,5.0,27,0.5,1.0,0.5,0.05,0.9089488770308718,0,-0.95912280758897,232.5,0.3643180896821047,138.43636363636364,45786,8,0.43705434484982475,0.017604879114596742,26.804758448456763,0.004975124378109453,0.0,0,0.8485478870705697,0.007672696952359951,7.8721980465713655,0.004975124378109453,0.0,0,0.813758471958894,0.007692475932444778,12.37448201436556,0.004975124378109453,0.0,0
whale,skip,lognormal,5.0,28,0.5,1.0,0.5,0.05,0.9110014835599123,0,-0.9632443234043665,226.875,0.3840088839276412,147.23636363636365,45975,8,0.45221929434151276,0.016631478648458365,27.58517140392239,0.004975124378109453,0.000625,0,0.8521615904940364,0.007500678595965444,7.844609299420643,0.004975124378109453,0.0,0,0.7866658279455695,0.0102777541962225,12.097551005845352,0.004975124378109453,0.0,0
whale,skip,lognormal,5.0,29,0.5,1.0,0.5,0.05,0.9055052298302828,0,-0.9164466681277348,236.75,0.3688907457566929,139.03636363636363,46459,8,0.43520733505810905,0.016698832363897412,28.16351973141246,0.004975124378109453,0.0,0,0.8323049421668907,0.009086635764947497,8.055818408147132,0.004975124378109453,0.0,0,0.7907612714468507,0.009279019333708213,12.365957463478685,0.004975124378109453,0.0,0
