regime,undefined_policy,law,mean_repeats,dataset,threshold,observed_mean_r2,observed_undefined_groups,boundary_f1,cuts_per_sequence,elements_total,n_groups,shuffle_mean,shuffle_sd,shuffle_z,shuffle_p,shuffle_undefined_rate,shuffle_dropped_replicates,rotate_mean,rotate_sd,rotate_z,rotate_p,rotate_undefined_rate,rotate_dropped_replicates,bigram_mean,bigram_sd,bigram_z,bigram_p,bigram_undefined_rate,bigram_dropped_replicates
whale,skip,zipf,1.0,0,0.5,0.9397139802098329,0,0.6862300180782025,224.4181818181818,45596,8,0.6253762454959777,0.012309833291712523,25.53549891902111,0.004975124378109453,0.0,0,0.7924747658593305,0.006592788640304521,22.33337399144975,0.004975124378109453,0.0,0,0.8659356235859996,0.00533341461967866,13.833231032069737,0.004975124378109453,0.0,0
whale,skip,zipf,1.0,1,0.5,0.942657010894188,0,0.753162174352876,219.65454545454546,45628,8,0.5833421532096328,0.014104077556825374,25.475955888421236,0.004975124378109453,0.0,0,0.796416004431816,0.005806113100279288,25.187419524317804,0.004975124378109453,0.0,0,0.8832122957594613,0.004584314236482847,12.966980897961648,0.004975124378109453,0.0,0
whale,skip,zipf,1.0,2,0.5,0.9453532362976927,0,0.6924397174238388,249.05454545454546,45657,8,0.63445567965208,0.011260257029195751,27.610165188904052,0.004975124378109453,0.0,0,0.8077421561886876,0.005938273341872919,23.173584674632522,0.004975124378109453,0.0,0,0.8700899919198024,0.005527196673445342,13.616892762199376,0.004975124378109453,0.0,0
whale,skip,zipf,1.0,3,0.5,0.9462360984422186,0,0.7288088235403662,228.07272727272726,45626,8,0.6116277142227561,0.011122400603848422,30.084187410376664,0.004975124378109453,0.0,0,0.7811943270732519,0.007499331022734792,22.007532521051548,0.004975124378109453,0.0,0,0.866459590254878,0.005962276412345598,13.38020961627239,0.004975124378109453,0.0,0
whale,skip,zipf,1.0,4,0.5,0.94045333573249,0,0.7141671070240897,225.4,45741,8,0.6171850452771726,0.011222383181253162,28.80567213168525,0.004975124378109453,0.0,0,0.797559609913947,0.006130770179715629,23.307630465634414,0.004975124378109453,0.0,0,0.8690338107180131,0.004861958816588459,14.68945495194272,0.004975124378109453,0.0,0
whale,skip,zipf,1.0,5,0.5,0.952673491931276,0,0.7260896007068872,228.03636363636363,45577,8,0.649464760727792,0.01142905797903841,26.529634529773787,0.004975124378109453,0.0,0,0.8083520566060659,0.005667508150616003,25.464707149918045,0.004975124378109453,0.0,0,0.8710536301591296,0.006302456359967593,12.950484241443618,0.004975124378109453,0.0,0
whale,skip,zipf,1.0,6,0.5,0.9436703997121478,0,0.7016135871628553,244.96363636363637,45770,8,0.6480335469677648,0.011125010287027781,26.574074550664257,0.004975124378109453,0.0,0,0.8027470670306331,0.006768470495117779,20.82055802461801,0.004975124378109453,0.0,0,0.8612978256974645,0.006739198396962141,12.222903847409329,0.004975124378109453,0.0,0
whale,skip,zipf,1.0,7,0.5,0.930113819383073,0,0.6759634354174089,220.9090909090909,45785,8,0.6180498917714697,0.012380808741452233,25.20545580893927,0.004975124378109453,0.0,0,0.7825917227395571,0.008671993482362712,17.011324667569173,0.004975124378109453,0.0,0,0.8676149151750239,0.005662381903575115,11.037564274601223,0.004975124378109453,0.0,0
whale,skip,zipf,1.0,8,0.5,0.946420902374899,0,0.714699938633194,241.3272727272727,45455,8,0.6653001035673856,0.01050313147289552,26.765427009361577,0.004975124378109453,0.0,0,0.8062949462283814,0.007881207632730381,17.77975694544315,0.004975124378109453,0.0,0,0.8664192483840151,0.005920209203420933,13.513315364709703,0.004975124378109453,0.0,0
whale,skip,zipf,1.0,9,0.5,0.9464671546156911,0,0.7207413701616071,234.96363636363637,45951,8,0.6239857845261702,0.010502727795020043,30.704534705967358,0.004975124378109453,0.0,0,0.7953481770252127,0.006885083428026753,21.948750392090563,0.004975124378109453,0.0,0,0.8709652873166442,0.005789809426252944,13.040475383644921,0.004975124378109453,0.0,0
whale,skip,zipf,1.0,10,0.5,0.9435076165225005,0,0.7123642105317508,241.2,45641,8,0.6176598759785691,0.01221313375488988,26.68010905992648,0.004975124378109453,0.0,0,0.7978942683198588,0.00754077314861833,19.31013509262269,0.004975124378109453,0.0,0,0.8730108263971705,0.0048135361263254035,14.645530494677384,0.004975124378109453,0.0,0
whale,skip,zipf,1.0,11,0.5,0.938171720648169,0,0.7117524641526403,223.4909090909091,45858,8,0.6577909025822746,0.011151822328167029,25.142152539295278,0.004975124378109453,0.0,0,0.7686299684065354,0.007974294890193304,21.261033680875546,0.004975124378109453,0.0,0,0.8601515417050258,0.005754534170356455,13.558035565250687,0.004975124378109453,0.0,0
whale,skip,zipf,1.0,12,0.5,0.9453611411289575,0,0.705921577813191,234.29090909090908,45781,8,0.6034528424355371,0.012678881787699506,26.966754988213932,0.004975124378109453,0.0,0,0.7970141818041262,0.006095140837919198,24.33856136710289,0.004975124378109453,0.0,0,0.8708784327555509,0.005464769698152672,13.629615242264466,0.004975124378109453,0.0,0
whale,skip,zipf,1.0,13,0.5,0.9404547327901077,0,0.7019714362901733,233.4181818181818,45590,8,0.6270548343883491,0.010576655406856964,29.631285727487914,0.004975124378109453,0.0,0,0.8083596177556893,0.007105314515485939,18.591029960252826,0.004975124378109453,0.0,0,0.8701413374894287,0.005513009681951599,12.75408521970674,0.004975124378109453,0.0,0
whale,skip,zipf,1.0,14,0.5,0.9421326755575317,0,0.7090079475720329,238.56363636363636,45713,8,0.6262369183980085,0.011227196897911304,28.136654236311827,0.004975124378109453,0.0,0,0.7817188566717741,0.0081446329418622,19.695647431973814,0.004975124378109453,0.0,0,0.866587855378105,0.005647350996971496,13.377036458321621,0.004975124378109453,0.0,0
whale,skip,zipf,1.0,15,0.5,0.94509783653432,0,0.7067230652204964,241.3090909090909,45483,8,0.6192936312295213,0.011534761273818115,28.24542247305257,0.004975124378109453,0.0,0,0.8070060106630825,0.0063857340717812855,21.625051140395687,0.004975124378109453,0.0,0,0.876562542897932,0.005014931813105848,13.666246359976471,0.004975124378109453,0.0,0
whale,skip,zipf,1.0,16,0.5,0.9514912771705607,0,0.7323042429891755,217.4181818181818,46024,8,0.6022950560748452,0.013187584420260206,26.479164793761786,0.004975124378109453,0.0,0,0.7747733522099929,0.007494833797858971,23.578631591677237,0.004975124378109453,0.0,0,0.867126982984233,0.005601099971117469,15.062093985352723,0.004975124378109453,0.0,0
whale,skip,zipf,1.0,17,0.5,0.9384946261713333,0,0.7180541582425202,254.01818181818183,45776,8,0.6172471325218507,0.012394815914410167,25.91789146912633,0.004975124378109453,0.0,0,0.8062389095154268,0.006894037203462152,19.18407353379067,0.004975124378109453,0.0,0,0.8788751692988983,0.0055141921475071395,10.81200206260273,0.004975124378109453,0.0,0
whale,skip,zipf,1.0,18,0.5,0.9457592143620754,0,0.7136992921166906,236.87272727272727,45856,8,0.6380895300801815,0.010689293488243356,28.782976594317024,0.004975124378109453,0.0,0,0.7955406259873575,0.007037310055563179,21.346023862621507,0.004975124378109453,0.0,0,0.86228851856969,0.0052860585177962926,15.790724887242368,0.004975124378109453,0.0,0
whale,skip,zipf,1.0,19,0.5,0.9401121111276665,0,0.7003421170074337,220.65454545454546,45726,8,0.610260815055258,0.012421695930144739,26.554449402672265,0.004975124378109453,0.0,0,0.796980161079297,0.006664080296527091,21.47812506445353,0.004975124378109453,0.0,0,0.8732101069773699,0.005212926386222677,12.833867043876335,0.004975124378109453,0.0,0
whale,skip,zipf,1.0,20,0.5,0.9411933173049916,0,0.7000343034915004,221.72727272727272,45572,8,0.6395562292724646,0.011898109310937394,25.35168236815959,0.004975124378109453,0.0,0,0.762068364153339,0.009198369314816348,19.473555259748657,0.004975124378109453,0.0,0,0.8717000488660648,0.00512765386679305,13.552644200297676,0.004975124378109453,0.0,0
whale,skip,zipf,1.0,21,0.5,0.9482764911542719,0,0.7379368228712716,229.6727272727273,45735,8,0.5957886403877845,0.013398142170363125,26.30871103504152,0.004975124378109453,0.0,0,0.7869380637673307,0.0071864433336706985,22.450386080555464,0.004975124378109453,0.0,0,0.8722078351967297,0.005066987726346947,15.012599213928631,0.004975124378109453,0.0,0
whale,skip,zipf,1.0,22,0.5,0.9443493797870284,0,0.7237754378452133,232.0909090909091,45738,8,0.6378358244365647,0.011513717536250514,26.62159761913709,0.004975124378109453,0.0,0,0.7869600245459218,0.008064585096712533,19.516113148246784,0.004975124378109453,0.0,0,0.866698605601433,0.00571786121062914,13.580388072597417,0.004975124378109453,0.0,0
whale,skip,zipf,1.0,23,0.5,0.9469113054715673,0,0.7201548196286475,238.2,45739,8,0.6205230007518664,0.011437687599631903,28.53621432449379,0.004975124378109453,0.0,0,0.8147725519346751,0.005673845577484135,23.289099382835943,0.004975124378109453,0.0,0,0.8641984946641346,0.005812269296419578,14.2307258299929,0.004975124378109453,0.0,0
whale,skip,zipf,1.0,24,0.5,0.94217021150465,0,0.6894559632433168,220.6,45937,8,0.6436448808514896,0.011092721958261286,26.91181945931982,0.004975124378109453,0.0,0,0.7967780001612148,0.006798835520597338,21.384869644656614,0.004975124378109453,0.0,0,0.868720675076668,0.005819386476146706,12.62152577922896,0.004975124378109453,0.0,0
whale,skip,zipf,1.0,25,0.5,0.9353197198035483,0,0.720531998509173,223.16363636363636,45761,8,0.6247378379894105,0.010901345300694016,28.49023430111558,0.004975124378109453,0.0,0,0.783015268737325,0.006628864927381701,22.975947275242078,0.004975124378109453,0.0,0,0.8683656245717009,0.005791773374653716,11.560206330733822,0.004975124378109453,0.0,0
whale,skip,zipf,1.0,26,0.5,0.9445236028163093,0,0.7039097819558301,232.63636363636363,45853,8,0.6120583763681037,0.011280694252306765,29.472053670829748,0.004975124378109453,0.0,0,0.7997978948214669,0.007289836700819773,19.853079559185105,0.004975124378109453,0.0,0,0.8708685789644136,0.005264241463340938,13.991573974106942,0.004975124378109453,0.0,0
whale,skip,zipf,1.0,27,0.5,0.9431142920487665,0,0.7005841348293287,244.78181818181818,45927,8,0.6253952864313697,0.010998040786388047,28.88869133951825,0.004975124378109453,0.0,0,0.807238963634262,0.006546698719853903,20.75478561468562,0.004975124378109453,0.0,0,0.8717934024470501,0.0053410812185269085,13.353268127494799,0.004975124378109453,0.0,0
whale,skip,zipf,1.0,28,0.5,0.9455527180053301,0,0.7013325151235816,222.12727272727273,45658,8,0.6126554279972034,0.012097459043870483,27.517951397967202,0.004975124378109453,0.0,0,0.7981950421097977,0.00592046153833856,24.88955885302228,0.004975124378109453,0.0,0,0.8703758742768628,0.0057257399039376536,13.129629530808307,0.004975124378109453,0.0,0
whale,skip,zipf,1.0,29,0.5,0.9391752743445865,0,0.7169939997253616,242.01818181818183,45857,8,0.6207916898139927,0.012144770925630353,26.215692867345595,0.004975124378109453,0.0,0,0.8064273024634945,0.005807568067777988,22.857755661550463,0.004975124378109453,0.0,0,0.8705805974107983,0.005651680845705122,12.137040078247745,0.004975124378109453,0.0,0
whale,skip,zipf,5.0,0,0.5,0.9338620174934249,0,0.353713929354191,169.83636363636364,46448,8,0.6114239610635175,0.011231847184190059,28.707482495289913,0.004975124378109453,0.0,0,0.8901802646075865,0.007391995397784644,5.9093317210302505,0.004975124378109453,0.0,0,0.8776715258950794,0.006732330113293947,8.346366065352232,0.004975124378109453,0.0,0
whale,skip,zipf,5.0,1,0.5,0.9396595418079351,0,0.41671552454143307,162.01818181818183,45733,8,0.6373504921138518,0.011777398896398889,25.6685752391828,0.004975124378109453,0.0,0,0.9072585527503861,0.004292890716937874,7.547592332063983,0.004975124378109453,0.0,0,0.8930515354573926,0.005625338488149049,8.285369218000309,0.004975124378109453,0.0,0
whale,skip,zipf,5.0,2,0.5,0.9320780277664328,0,0.353101169759221,144.4181818181818,45890,8,0.5910926170587272,0.011999426946410706,28.416807921790124,0.004975124378109453,0.0,0,0.8844016091709953,0.005096555090470176,9.354636170731386,0.004975124378109453,0.0,0,0.8843506611929939,0.006195189285789736,7.70394000436983,0.004975124378109453,0.0,0
whale,skip,zipf,5.0,3,0.5,0.9307813389276565,0,0.377355722791376,153.63636363636363,45882,8,0.6282042336664102,0.012314548685512424,24.57070193869274,0.004975124378109453,0.0,0,0.8861613178511284,0.004233976658957104,10.5385609488737,0.004975124378109453,0.0,0,0.8702162552721887,0.006899509504678439,8.77817236347013,0.004975124378109453,0.0,0
whale,skip,zipf,5.0,4,0.5,0.9306682883864406,0,0.4153668245481774,155.38181818181818,45101,8,0.6342035988306993,0.011197997999175363,26.474793938842758,0.004975124378109453,0.0,0,0.8965903667008215,0.004564387339787149,7.4660450896808035,0.004975124378109453,0.0,0,0.8885449541570825,0.005371908543857535,7.8414094144479956,0.004975124378109453,0.0,0
whale,skip,zipf,5.0,5,0.5,0.9306033625825669,0,0.42228365694208453,155.38181818181818,45098,8,0.6093104014689522,0.01351582107774014,23.771619886472724,0.004975124378109453,0.0,0,0.8891689850379905,0.005246847670701288,7.897004095611258,0.004975124378109453,0.0,0,0.876310479730904,0.005899901308768361,9.202337464691736,0.004975124378109453,0.0,0
whale,skip,zipf,5.0,6,0.5,0.9360422612394832,0,0.3433637035322409,144.45454545454547,45628,8,0.6246642121085747,0.011744538307338853,26.51258320953635,0.004975124378109453,0.0,0,0.8944935054344693,0.0036484640350835057,11.388012984500469,0.004975124378109453,0.0,0,0.8853991788500067,0.005460541933657176,9.274369285093734,0.004975124378109453,0.0,0
whale,skip,zipf,5.0,7,0.5,0.9344769531537376,0,0.3900733506229769,161.8,45647,8,0.6358484913334489,0.011386602365088365,26.226301072556264,0.004975124378109453,0.0,0,0.8980985464919625,0.0043726910107756145,8.319455130062428,0.004975124378109453,0.0,0,0.8857275148325567,0.005780141733794993,8.433952066634541,0.004975124378109453,0.0,0
whale,skip,zipf,5.0,8,0.5,0.9282780336136582,0,0.3740540566082044,171.5818181818182,46446,8,0.6192728028204904,0.011557228781691832,26.736965809889714,0.004975124378109453,0.0,0,0.9022700757585166,0.004268967736879952,6.0923294478093215,0.004975124378109453,0.0,0,0.8841285793421304,0.005816031921775626,7.590992426679988,0.004975124378109453,0.0,0
whale,skip,zipf,5.0,9,0.5,0.9384293710586165,0,0.3548560110007152,149.83636363636364,44784,8,0.6036833137957648,0.011652955933193465,28.72627848092405,0.004975124378109453,0.0,0,0.8869515502409976,0.004634037201130714,11.108633483792097,0.004975124378109453,0.0,0,0.8867985973936373,0.0054015865578051075,9.558446044037645,0.004975124378109453,0.0,0
whale,skip,zipf,5.0,10,0.5,0.9335588847979787,0,0.37108827145713075,155.4,45423,8,0.637029490272652,0.010826357422766799,27.389581088626688,0.004975124378109453,0.0,0,0.8803487286217834,0.008230803535060408,6.464758385926505,0.004975124378109453,0.0,0,0.8742638062057363,0.0068149953355949346,8.700677795411291,0.004975124378109453,0.0,0
whale,skip,zipf,5.0,11,0.5,0.9345162769631853,0,0.3645012156230336,144.54545454545453,45356,8,0.6349763253185007,0.010783639361871468,27.777259753677477,0.004975124378109453,0.0,0,0.8851186156474127,0.004430244923822303,11.150097153805564,0.004975124378109453,0.0,0,0.87500637312246,0.0059739694688184545,9.961534646492812,0.004975124378109453,0.0,0
whale,skip,zipf,5.0,12,0.5,0.945223773792663,0,0.32431833827533835,172.12727272727273,45690,8,0.6572825797350539,0.010172862234039178,28.30483569256799,0.004975124378109453,0.0,0,0.8994737301303632,0.004049510606060374,11.297672265342785,0.004975124378109453,0.0,0,0.8924952786141621,0.0052371555302435065,10.068155294224994,0.004975124378109453,0.0,0
whale,skip,zipf,5.0,13,0.5,0.9336500032071005,0,0.37600037748455784,175.43636363636364,46132,8,0.6252690746487627,0.011348305322113382,27.17418326394732,0.004975124378109453,0.0,0,0.9026999812584557,0.004312854276249341,7.176227149404244,0.004975124378109453,0.0,0,0.8860667379561744,0.005759850605640085,8.261197817237166,0.004975124378109453,0.0,0
whale,skip,zipf,5.0,14,0.5,0.9210921133094204,0,0.35299583604148993,150.1090909090909,46035,8,0.6179419164798603,0.01325432901331381,22.871787513728496,0.004975124378109453,0.0,0,0.8768489601179286,0.007247679369459668,6.104457845903618,0.004975124378109453,0.0,0,0.8764434210987421,0.006730785758003157,6.633503697185634,0.004975124378109453,0.0,0
whale,skip,zipf,5.0,15,0.5,0.9382106776264724,0,0.3610253608475927,146.8,45264,8,0.6206089724996311,0.011654864076418194,27.250571353248038,0.004975124378109453,0.0,0,0.8897069423837811,0.004506235354989798,10.763693287564884,0.004975124378109453,0.0,0,0.8895530266425724,0.005133562415197315,9.478340195076743,0.004975124378109453,0.0,0
whale,skip,zipf,5.0,16,0.5,0.9355784341314394,0,0.3755934984871482,149.8181818181818,45569,8,0.6214082567799187,0.012105408983630783,25.9528759231802,0.004975124378109453,0.0,0,0.8884822849671913,0.005214534419439264,9.03170741162976,0.004975124378109453,0.0,0,0.879319616459222,0.005574907530589943,10.091435124891486,0.004975124378109453,0.0,0
whale,skip,zipf,5.0,17,0.5,0.9328648290046184,0,0.38420613791570374,136.87272727272727,45974,8,0.5885774185740068,0.013869185962134399,24.823909014601423,0.004975124378109453,0.0,0,0.8830704035702243,0.005392792735419166,9.233513668595274,0.004975124378109453,0.0,0,0.8789348416319703,0.006855550075803088,7.866617087809764,0.004975124378109453,0.0,0
whale,skip,zipf,5.0,18,0.5,0.9327430327021631,0,0.36360078858233574,164.56363636363636,46619,8,0.619990421701449,0.011307562832217545,27.65871086823575,0.004975124378109453,0.0,0,0.8835511867865202,0.0057834257832448865,8.505658714970654,0.004975124378109453,0.0,0,0.868714360073525,0.00741843884747253,8.631017110891563,0.004975124378109453,0.0,0
whale,skip,zipf,5.0,19,0.5,0.9333987711438003,0,0.3607553647232575,147.3090909090909,45979,8,0.5921374153762072,0.011724768930769017,29.10601972479214,0.004975124378109453,0.0,0,0.8891881235345805,0.004165480947892538,10.61357575806162,0.004975124378109453,0.0,0,0.8822912954152529,0.005537553288645004,9.229252174122744,0.004975124378109453,0.0,0
whale,skip,zipf,5.0,20,0.5,0.9315211828984408,0,0.34440731717184847,154.45454545454547,45963,8,0.6349993546472963,0.011301258620360197,26.23794731295988,0.004975124378109453,0.0,0,0.891813774529783,0.004364311320455749,9.098207128933968,0.004975124378109453,0.0,0,0.8835052964396226,0.007656323444631833,6.271402561040455,0.004975124378109453,0.0,0
whale,skip,zipf,5.0,21,0.5,0.9364743342874567,0,0.38534068487536566,162.43636363636364,46047,8,0.6248459503869241,0.012170540871029341,25.605138440669496,0.004975124378109453,0.0,0,0.8949850115528162,0.004838042028198886,8.5756433062832,0.004975124378109453,0.0,0,0.8953913343526908,0.00569257112717641,7.21694977839366,0.004975124378109453,0.0,0
whale,skip,zipf,5.0,22,0.5,0.9355310266492466,0,0.35735560866382476,129.65454545454546,46120,8,0.5978800293754398,0.012213810146247051,27.64501766695277,0.004975124378109453,0.0,0,0.8760095011958239,0.005668664397007871,10.500096898458189,0.004975124378109453,0.0,0,0.8677288475833085,0.006937022109765717,9.773960352596884,0.004975124378109453,0.0,0
whale,skip,zipf,5.0,23,0.5,0.9364905473709664,0,0.3875209664989721,164.34545454545454,46112,8,0.636641910268272,0.01049979696931586,28.557565253781448,0.004975124378109453,0.0,0,0.8958318851189638,0.005085904660637635,7.994381524034515,0.004975124378109453,0.0,0,0.8833417580754619,0.006643346694458492,8.000303422345581,0.004975124378109453,0.0,0
whale,skip,zipf,5.0,24,0.5,0.9343163077150314,0,0.3853189235084098,156.85454545454544,45197,8,0.6059103455652637,0.012022620319972286,27.315672741008985,0.004975124378109453,0.0,0,0.8923655938924243,0.0053769869950441905,7.801899811413305,0.004975124378109453,0.0,0,0.8846491849852299,0.006205443090701212,8.003799568193138,0.004975124378109453,0.0,0
whale,skip,zipf,5.0,25,0.5,0.9360752822209127,0,0.3602789291579279,152.8181818181818,45588,8,0.6337929767650049,0.011670151765275204,25.90217432778857,0.004975124378109453,0.0,0,0.8902523690727456,0.004991351008592693,9.180462978717026,0.004975124378109453,0.0,0,0.890692636927606,0.005594158704748404,8.11250586344382,0.004975124378109453,0.0,0
whale,skip,zipf,5.0,26,0.5,0.9401556735160137,0,0.3868632494944964,151.38181818181818,45573,8,0.6187826287586679,0.012971792021307884,24.774760821746767,0.004975124378109453,0.0,0,0.8874722318744116,0.00544254682470294,9.679924369686542,0.004975124378109453,0.0,0,0.8737834237820082,0.0072168119369706435,9.196893353142597,0.004975124378109453,0.0,0
whale,skip,zipf,5.0,27,0.5,0.9316430670824716,0,0.3854760639448256,169.61818181818182,46251,8,0.6296466490937573,0.010729701202412638,28.14583670986183,0.004975124378109453,0.0,0,0.901203541739842,0.005807697017223331,5.241238524041118,0.004975124378109453,0.0,0,0.8852553867664992,0.0053394366313450565,8.687748075078641,0.004975124378109453,0.0,0
whale,skip,zipf,5.0,28,0.5,0.924864400027053,0,0.3855248155257614,156.5090909090909,45425,8,0.6567686462250315,0.010917575037986921,24.556346337826984,0.004975124378109453,0.0,0,0.8885234430369529,0.005600412260449999,6.488978900131909,0.004975124378109453,0.0,0,0.876450223901967,0.007092760633392981,6.825857889120094,0.004975124378109453,0.0,0
whale,skip,zipf,5.0,29,0.5,0.9388401225369902,0,0.3117078895425713,144.85454545454544,45940,8,0.6126421993704539,0.010885378761604043,29.966612123514988,0.004975124378109453,0.0,0,0.8812681652815653,0.006615637893270303,8.702404542725882,0.004975124378109453,0.0,0,0.8898020821183181,0.005458199306754846,8.984289078265173,0.004975124378109453,0.0,0
whale,skip,uniform,1.0,0,0.5,0.834315716421601,0,0.7433288177842803,192.98181818181817,45792,8,0.3100761554813964,0.01999687291896045,26.216077036881906,0.004975124378109453,0.000625,0,0.6447918650830756,0.01189181570998048,15.93733505132131,0.004975124378109453,0.0,0,0.6958123508671116,0.010722174855904478,12.917469395513399,0.004975124378109453,0.0,0
whale,skip,uniform,1.0,1,0.5,0.833446455253402,0,0.7181275112115992,204.87272727272727,45582,8,0.3675359899080516,0.021308135935568212,21.865378874725405,0.004975124378109453,0.000625,0,0.6659742276858013,0.01199924977194191,13.956891534936162,0.004975124378109453,0.0,0,0.7059541020007358,0.01120090200796213,11.382329134032116,0.004975124378109453,0.0,0
whale,skip,uniform,1.0,2,0.5,0.8276818238651925,0,0.7111210410498209,208.3272727272727,45631,8,0.3273594027620434,0.020843886902337058,24.003316821252376,0.004975124378109453,0.000625,0,0.6508144343311066,0.02203412626752691,8.026975401096188,0.004975124378109453,0.0125,0,0.698864596779723,0.011265105521158121,11.43506617346149,0.004975124378109453,0.0,0
whale,skip,uniform,1.0,3,0.5,0.8350752432659501,0,0.6983401442776024,202.8,45717,8,0.3502684852682185,0.018831957267332736,25.743832736850575,0.004975124378109453,0.000625,0,0.663199060255003,0.010357036266601798,16.595112596563364,0.004975124378109453,0.0,0,0.7001788701376642,0.01172389174104769,11.506108731453622,0.004975124378109453,0.0,0
whale,skip,uniform,1.0,4,0.5,0.8329885025832325,0,0.730293998568836,202.8909090909091,45697,8,0.3409401870856773,0.01968548426002432,24.995489518983636,0.004975124378109453,0.00375,0,0.6643838492666932,0.011495409393232053,14.667129072915458,0.004975124378109453,0.0,0,0.7060244874764912,0.011197816398389484,11.338283339330502,0.004975124378109453,0.0,0
whale,skip,uniform,1.0,5,0.5,0.8418212432921142,0,0.7082323938755293,197.34545454545454,45839,8,0.34345827941059326,0.022161074659850975,22.48821284756559,0.004975124378109453,0.000625,0,0.6755324630086658,0.009552874378503247,17.407198471870064,0.004975124378109453,0.0,0,0.7069433514032499,0.011166090102655457,12.079240866665435,0.004975124378109453,0.0,0
whale,skip,uniform,1.0,6,0.5,0.827215052703954,0,0.6974294804581103,208.61818181818182,45872,8,0.3502742277775782,0.01951009509170479,24.445848299794253,0.004975124378109453,0.003125,0,0.6750476444207959,0.010886986375688624,13.976999973377225,0.004975124378109453,0.0,0,0.7041124573788881,0.009501389513853105,12.956272884674537,0.004975124378109453,0.0,0
whale,skip,uniform,1.0,7,0.5,0.8347796019235805,0,0.7241849180105504,206.16363636363636,45878,8,0.33114270724532735,0.022903775221686438,21.989252418150897,0.004975124378109453,0.003125,0,0.6674635707853276,0.010554514677816845,15.852555635733074,0.004975124378109453,0.0,0,0.70150670996001,0.010804753357155195,12.334653791547556,0.004975124378109453,0.0,0
whale,skip,uniform,1.0,8,0.5,0.8354224670665461,0,0.69699307262042,203.56363636363636,45537,8,0.34171499284822476,0.018159865980156613,27.186735560592698,0.004975124378109453,0.000625,0,0.6546197236081364,0.01090972260466507,16.57262517207333,0.004975124378109453,0.0,0,0.7058839206758225,0.010188133927045892,12.714648955177609,0.004975124378109453,0.0,0
whale,skip,uniform,1.0,9,0.5,0.8315844685245032,0,0.7148102625131267,202.65454545454546,45714,8,0.35270724785452773,0.01964387717942203,24.377938036164466,0.004975124378109453,0.00125,0,0.6723374375076862,0.01128176396610715,14.115437221983143,0.004975124378109453,0.0,0,0.7099805381970876,0.010520840723052196,11.558385259171294,0.004975124378109453,0.0,0
whale,skip,uniform,1.0,10,0.5,0.8326550626209341,0,0.6986285421844239,203.5090909090909,45676,8,0.32580320370928106,0.020750125723808226,24.42644761087412,0.004975124378109453,0.00625,0,0.644436573202603,0.01318935925986274,14.27048014311879,0.004975124378109453,0.0,0,0.6917475733084808,0.011330742011754814,12.435857172131547,0.004975124378109453,0.0,0
whale,skip,uniform,1.0,11,0.5,0.8338425454333686,0,0.7080364482421956,204.78181818181818,46009,8,0.3416973080161215,0.018235507121622096,26.98829454727385,0.004975124378109453,0.00125,0,0.642765916078161,0.013841358129573015,13.804760166342286,0.004975124378109453,0.000625,0,0.7039021258140372,0.011391883655389491,11.406403326271388,0.004975124378109453,0.0,0
whale,skip,uniform,1.0,12,0.5,0.8390481001371315,0,0.7102045454817569,204.23636363636365,45806,8,0.34418385783789324,0.018524303047405315,26.71432447595126,0.004975124378109453,0.00125,0,0.6927909059783737,0.009063787941531917,16.136431600366652,0.004975124378109453,0.0,0,0.7011994031845715,0.010599053958413625,13.005754805421518,0.004975124378109453,0.0,0
whale,skip,uniform,1.0,13,0.5,0.8294198404603196,0,0.716499831535112,206.78181818181818,45655,8,0.34321612880487984,0.01981649147518989,24.53530748690622,0.004975124378109453,0.000625,0,0.6712383840347144,0.010798283829747254,14.648758906470384,0.004975124378109453,0.0,0,0.709095633851293,0.010634536665416118,11.31447569317477,0.004975124378109453,0.0,0
whale,skip,uniform,1.0,14,0.5,0.8382355364475164,0,0.7061832743786621,200.34545454545454,45874,8,0.3373542303911382,0.01997973826799893,25.069462839692342,0.004975124378109453,0.000625,0,0.6615679239238503,0.010615845214056917,16.641879093125105,0.004975124378109453,0.0,0,0.70502763366588,0.010742420023835353,12.400176355613896,0.004975124378109453,0.0,0
whale,skip,uniform,1.0,15,0.5,0.8318218938382858,0,0.7004564525466938,201.12727272727273,45791,8,0.34208400738515965,0.01969950598088333,24.86041461792872,0.004975124378109453,0.001875,0,0.6632565370687036,0.011399060561426625,14.78765340891265,0.004975124378109453,0.0,0,0.6994106501508687,0.010175650394312171,13.012558269634567,0.004975124378109453,0.0,0
whale,skip,uniform,1.0,16,0.5,0.8384527646863686,0,0.7169519505868002,208.03636363636363,45460,8,0.3624830923484734,0.020287207181682605,23.461567088822854,0.004975124378109453,0.001875,0,0.6711762602384077,0.012205188121086308,13.705360604722305,0.004975124378109453,0.0,0,0.7172704653115537,0.010552731502363225,11.483500679201102,0.004975124378109453,0.0,0
whale,skip,uniform,1.0,17,0.5,0.8354189635163417,0,0.7012061098049294,212.98181818181817,45751,8,0.3546800184542151,0.01868078472853514,25.734408487015624,0.004975124378109453,0.0,0,0.6958550272856583,0.009547398348725922,14.61800703532056,0.004975124378109453,0.0,0,0.721820680622919,0.01020372423321343,11.133021659254258,0.004975124378109453,0.0,0
whale,skip,uniform,1.0,18,0.5,0.832584851614266,0,0.7210359992975992,202.8909090909091,45806,8,0.35168464099693414,0.021062711664805736,22.83182803194715,0.004975124378109453,0.0,0,0.6804573991191936,0.010431307792025406,14.583737296235455,0.004975124378109453,0.0,0,0.7058007208844711,0.010195203036123599,12.43566511432621,0.004975124378109453,0.0,0
whale,skip,uniform,1.0,19,0.5,0.8283349973771523,0,0.7302345703075978,196.4181818181818,45623,8,0.3463010033509248,0.018428227158878395,26.15737205051719,0.004975124378109453,0.001875,0,0.6544628552216318,0.011603433373941936,14.984542639421592,0.004975124378109453,0.0,0,0.6955770851217359,0.01113027237548423,11.927642718594361,0.004975124378109453,0.0,0
whale,skip,uniform,1.0,20,0.5,0.8398942383987534,0,0.7009272727851887,212.92727272727274,45746,8,0.37010148921279806,0.017646675460525046,26.62216745793644,0.004975124378109453,0.000625,0,0.662204765469381,0.011580883175847125,15.343343873803882,0.004975124378109453,0.0,0,0.7103072128875959,0.010848761757380991,11.94486784844294,0.004975124378109453,0.0,0
whale,skip,uniform,1.0,21,0.5,0.8314302462790786,0,0.73585127038508,199.5090909090909,45730,8,0.3239876801166944,0.021897771661917392,23.173251324237803,0.004975124378109453,0.000625,0,0.6541454365767265,0.011583913855381892,15.304396416931697,0.004975124378109453,0.0,0,0.7005047991091999,0.010789658996714304,12.134345229052041,0.004975124378109453,0.0,0
whale,skip,uniform,1.0,22,0.5,0.8302780033281543,0,0.7178534050551256,202.29090909090908,45844,8,0.3115273809313499,0.020313681166677616,25.537007209099958,0.004975124378109453,0.00125,0,0.6497675371079964,0.012093067485860816,14.926772419918292,0.004975124378109453,0.0,0,0.703165161510494,0.010342140145071657,12.290767678122537,0.004975124378109453,0.0,0
whale,skip,uniform,1.0,23,0.5,0.8361406137551952,0,0.715739281620993,202.70909090909092,45796,8,0.3619624265657428,0.02048757518540391,23.14467099685248,0.004975124378109453,0.000625,0,0.6627859217361691,0.01122021582372631,15.450210115606655,0.004975124378109453,0.0,0,0.6992850097686144,0.01079036938043432,12.683125031357571,0.004975124378109453,0.0,0
whale,skip,uniform,1.0,24,0.5,0.8277411935975753,0,0.7188875236347203,200.94545454545454,45907,8,0.3459982858858822,0.01967574175388803,24.48410401689167,0.004975124378109453,0.000625,0,0.6613558160917896,0.011749278614864392,14.16132708737421,0.004975124378109453,0.0,0,0.704933857742046,0.010792165371486143,11.379304488791206,0.004975124378109453,0.0,0
whale,skip,uniform,1.0,25,0.5,0.8299795010909699,0,0.7223440544176402,200.70909090909092,45688,8,0.35875089103441143,0.019546225583525225,24.108419707062996,0.004975124378109453,0.0,0,0.6824572875076288,0.009953547867379252,14.821068381739078,0.004975124378109453,0.0,0,0.7135443248181779,0.01070498423568745,10.876725617645413,0.004975124378109453,0.0,0
whale,skip,uniform,1.0,26,0.5,0.8268224557301473,0,0.7146696100017367,203.0909090909091,45808,8,0.34338003833649716,0.02167613692277966,22.30297857574409,0.004975124378109453,0.005625,0,0.6466854104889345,0.01478410705791152,12.184506276611065,0.004975124378109453,0.001875,0,0.6969212320207648,0.01341118818466278,9.686033923372975,0.004975124378109453,0.0,0
whale,skip,uniform,1.0,27,0.5,0.8377835396784775,0,0.700654373329806,204.3272727272727,45930,8,0.36006258706184063,0.018933618823396104,25.231359998983468,0.004975124378109453,0.000625,0,0.6663717753707872,0.010360517382180991,16.544710846439067,0.004975124378109453,0.0,0,0.7155943220766438,0.009723159123925783,12.566822783056454,0.004975124378109453,0.0,0
whale,skip,uniform,1.0,28,0.5,0.8254971873798662,0,0.716314646288232,200.96363636363637,45887,8,0.3428555230353458,0.018878752673734168,25.56533647564626,0.004975124378109453,0.000625,0,0.6781856773674372,0.011322416094794546,13.010607345560738,0.004975124378109453,0.0,0,0.7058622574792293,0.010743622241548585,11.135437118961173,0.004975124378109453,0.0,0
whale,skip,uniform,1.0,29,0.5,0.8326185083091026,0,0.7057271716160493,202.36363636363637,45802,8,0.33736211269297944,0.019838710058488706,24.9641430393409,0.004975124378109453,0.000625,0,0.679023023534872,0.009423080734917334,16.299922402774364,0.004975124378109453,0.0,0,0.7033991764277013,0.010607901833718262,12.18142229320645,0.004975124378109453,0.0,0
whale,skip,uniform,5.0,0,0.5,0.8960252574643873,0,0.350823540698636,138.6727272727273,45861,8,0.4473768938908372,0.01682613057945791,26.663787105116135,0.004975124378109453,0.0,0,0.8596944671012872,0.005487018608123726,6.621226016859345,0.004975124378109453,0.0,0,0.7935277687941664,0.00911226082538817,11.24830496342324,0.004975124378109453,0.0,0
whale,skip,uniform,5.0,1,0.5,0.9045064080731482,0,0.3679354183038735,139.6909090909091,46025,8,0.43734694668125,0.016826636496405725,27.76309225504969,0.004975124378109453,0.0,0,0.8591042819730902,0.005486687450180525,8.274961260744707,0.004975124378109453,0.0,0,0.7868145861959109,0.009066212292060224,12.98136620739693,0.004975124378109453,0.0,0
whale,skip,uniform,5.0,2,0.5,0.8954814815342211,0,0.3573506292170429,137.4,45582,8,0.427952115809031,0.015932409328670946,29.344548968112072,0.004975124378109453,0.0,0,0.8651435998537782,0.00529568882497681,5.728788583150141,0.004975124378109453,0.0,0,0.7961237800980144,0.007561080512740898,13.140674969507693,0.004975124378109453,0.0,0
whale,skip,uniform,5.0,3,0.5,0.9025809338436421,0,0.33991961766951057,126.67272727272727,45619,8,0.3974626710327604,0.017308778844450964,29.182778713058546,0.004975124378109453,0.0,0,0.8465219091070444,0.00567876246070431,9.87169742078717,0.004975124378109453,0.0,0,0.7742359774299762,0.009781721338000425,13.120896821612194,0.004975124378109453,0.0,0
whale,skip,uniform,5.0,4,0.5,0.9069332023082575,0,0.39103308780935314,143.70909090909092,45767,8,0.4261405221123373,0.017218128985855414,27.923630993291336,0.004975124378109453,0.0,0,0.8539505745656415,0.006559825859626629,8.076834488656933,0.004975124378109453,0.0,0,0.7840467850979878,0.008558615545761875,14.358212090870422,0.004975124378109453,0.0,0
whale,skip,uniform,5.0,5,0.5,0.906403683858652,0,0.36710967616179235,144.52727272727273,45568,8,0.42758240257129465,0.01704081228787197,28.098501010314912,0.004975124378109453,0.0,0,0.8476861302844055,0.007879535671748079,7.451905292437104,0.004975124378109453,0.0,0,0.7884987225369645,0.008779649318613523,13.429347465133946,0.004975124378109453,0.0,0
whale,skip,uniform,5.0,6,0.5,0.8966334517103454,0,0.3519773520025929,140.56363636363636,45883,8,0.43746769893842113,0.016884254235568275,27.194908721798814,0.004975124378109453,0.0,0,0.8433297553263363,0.00923664133168658,5.77089598587629,0.004975124378109453,0.0,0,0.783419369377181,0.008507291227232608,13.3078884111497,0.004975124378109453,0.0,0
whale,skip,uniform,5.0,7,0.5,0.9032448988867949,0,0.3650073789787595,130.01818181818183,45015,8,0.43656075926211785,0.0158815750298359,29.385255476735875,0.004975124378109453,0.0,0,0.8452190328927756,0.007259535879338207,7.993054509058934,0.004975124378109453,0.0,0,0.7673086093252968,0.009155676549582178,14.847214056256897,0.004975124378109453,0.0,0
whale,skip,uniform,5.0,8,0.5,0.9182834648104603,0,0.3757383333372992,142.0,45948,8,0.4336943892231146,0.017351793721789906,27.927318832681376,0.004975124378109453,0.0,0,0.8518529575869794,0.007781955146806421,8.536480353622032,0.004975124378109453,0.0,0,0.7859952863976821,0.009432717909450456,14.024396752100605,0.004975124378109453,0.0,0
whale,skip,uniform,5.0,9,0.5,0.8888750998119489,0,0.34269946598504897,125.16363636363636,45387,8,0.410398071568434,0.017228886356454347,27.77179083686196,0.004975124378109453,0.0,0,0.8387594215368837,0.00785659618282284,6.378802869445544,0.004975124378109453,0.0,0,0.7745879180463882,0.008450195687917444,13.524797056353956,0.004975124378109453,0.0,0
whale,skip,uniform,5.0,10,0.5,0.8990432057698946,0,0.33273939880705183,126.50909090909092,45596,8,0.4270702340113381,0.018007703463387485,26.209503766993517,0.004975124378109453,0.0,0,0.8217163257415977,0.008225808904172143,9.400519867301634,0.004975124378109453,0.0,0,0.7679060559114487,0.009206344752086306,14.244214548746736,0.004975124378109453,0.0,0
whale,skip,uniform,5.0,11,0.5,0.8999717546093708,0,0.3781126735217994,137.6727272727273,45332,8,0.4218344719547174,0.019048845662158264,25.10059093000598,0.004975124378109453,0.0,0,0.8520509893395196,0.005382474336947116,8.903110775820512,0.004975124378109453,0.0,0,0.7802532740105513,0.007825296483759629,15.29890667366782,0.004975124378109453,0.0,0
whale,skip,uniform,5.0,12,0.5,0.9128800870032387,0,0.3655853226124172,144.70909090909092,46341,8,0.45429221154061883,0.015968740042648973,28.717849638595975,0.004975124378109453,0.0,0,0.8529380442595734,0.005814191310291167,10.30960963351299,0.004975124378109453,0.0,0,0.7841397965238991,0.008639548199357389,14.901275796912087,0.004975124378109453,0.0,0
whale,skip,uniform,5.0,13,0.5,0.9026434547022208,0,0.3408608190115211,146.52727272727273,45095,8,0.4396345916769169,0.015372838086405523,30.118632644335925,0.004975124378109453,0.0,0,0.8528146153836138,0.0057860775996984495,8.611851199714977,0.004975124378109453,0.0,0,0.7744999125515869,0.009219853380633372,13.89865292433001,0.004975124378109453,0.0,0
whale,skip,uniform,5.0,14,0.5,0.903359126712096,0,0.3559208991506607,143.2,46175,8,0.44027049046399297,0.016484140866335786,28.09297979210012,0.004975124378109453,0.0,0,0.8456510962073365,0.007243911726425742,7.96641823978072,0.004975124378109453,0.0,0,0.7798312081957468,0.009278070529905362,13.31396631640061,0.004975124378109453,0.0,0
whale,skip,uniform,5.0,15,0.5,0.9114329261782617,0,0.38059650868401274,136.1090909090909,45975,8,0.42355729706861595,0.017336902651109588,28.140876079639344,0.004975124378109453,0.0,0,0.8541605214741986,0.005899425595859804,9.708132389067945,0.004975124378109453,0.0,0,0.7823408044097939,0.008797800477151604,14.673226802963699,0.004975124378109453,0.0,0
whale,skip,uniform,5.0,16,0.5,0.9038833283718387,0,0.35071088932332106,143.96363636363637,46407,8,0.4271318554776794,0.015351619886764445,31.0554505915819,0.004975124378109453,0.0,0,0.8466708021284864,0.00887098014981544,6.44940302842889,0.004975124378109453,0.0,0,0.7859854381959592,0.010604513283888386,11.117708754724624,0.004975124378109453,0.0,0
whale,skip,uniform,5.0,17,0.5,0.9137120700578893,0,0.35201594780019374,138.87272727272727,46495,8,0.44912840679035143,0.015373832103430032,30.21911909418377,0.004975124378109453,0.0,0,0.8530689382739913,0.0062051047230395956,9.773103676837179,0.004975124378109453,0.0,0,0.7833801101517389,0.009759146571299103,13.354852184457057,0.004975124378109453,0.0,0
whale,skip,uniform,5.0,18,0.5,0.9018062840445578,0,0.36309733779674946,141.29090909090908,46284,8,0.4139380669502101,0.01783273482668902,27.358014451276933,0.004975124378109453,0.0,0,0.8420106567369652,0.006455690722460212,9.26246777894046,0.004975124378109453,0.0,0,0.7731119693295142,0.009580486225942722,13.432962762010547,0.004975124378109453,0.0,0
whale,skip,uniform,5.0,19,0.5,0.9010273045967343,0,0.3386562575118793,128.4909090909091,45445,8,0.41199955226145585,0.017734744101669253,27.57455926805561,0.004975124378109453,0.0,0,0.8364641588684524,0.006308191988060741,10.234809886965705,0.004975124378109453,0.0,0,0.7700975221972022,0.009393817212108118,13.93786779572108,0.004975124378109453,0.0,0
whale,skip,uniform,5.0,20,0.5,0.9041334105536939,0,0.347001922977125,131.8909090909091,45345,8,0.42422468784518635,0.01837604186870184,26.116000721890515,0.004975124378109453,0.0,0,0.8481014678117015,0.007281515142474062,7.695093898129871,0.004975124378109453,0.0,0,0.7748772913179056,0.00999340968605919,12.934135925208851,0.004975124378109453,0.0,0
whale,skip,uniform,5.0,21,0.5,0.8964300871021238,0,0.37143920965976207,127.2909090909091,45583,8,0.4133650243608101,0.016310411495496283,29.616975811720028,0.004975124378109453,0.0,0,0.8497824910701369,0.005336887960609973,8.740598711511145,0.004975124378109453,0.0,0,0.7717293317383143,0.008235357035888928,15.142118893009146,0.004975124378109453,0.0,0
whale,skip,uniform,5.0,22,0.5,0.9054949025897012,0,0.35338426930620137,137.14545454545456,45529,8,0.4173784643470521,0.018789924627211085,25.977562333367292,0.004975124378109453,0.0,0,0.8465951090320651,0.006562944386435056,8.97459891316099,0.004975124378109453,0.0,0,0.791247509844014,0.007576044433865627,15.080084830943,0.004975124378109453,0.0,0
whale,skip,uniform,5.0,23,0.5,0.903860553557982,0,0.3473020485761377,144.5818181818182,45080,8,0.4260435022968812,0.0191931297707975,24.895212868726773,0.004975124378109453,0.0,0,0.8408405221294957,0.00822281987372407,7.664041338162611,0.004975124378109453,0.0,0,0.7864028068803115,0.008953751389162785,13.118272059668314,0.004975124378109453,0.0,0
whale,skip,uniform,5.0,24,0.5,0.9049027820390569,0,0.3480741128934402,143.65454545454546,46665,8,0.44279215492064167,0.015264124331268336,30.274296585215072,0.004975124378109453,0.0,0,0.8609260737333467,0.0053542340476816835,8.213445268563031,0.004975124378109453,0.0,0,0.784318874994077,0.008751388578409583,13.778831320834115,0.004975124378109453,0.0,0
whale,skip,uniform,5.0,25,0.5,0.89541061429205,0,0.3698236127778328,139.07272727272726,45954,8,0.41695178319676357,0.01785533171607465,26.796412337976534,0.004975124378109453,0.0,0,0.8498351245396077,0.009207442890001437,4.949853102204274,0.004975124378109453,0.0,0,0.7815192620599046,0.009677865974031584,11.768229952527522,0.004975124378109453,0.0,0
whale,skip,uniform,5.0,26,0.5,0.8961741723778424,0,0.36355723960625935,144.92727272727274,46657,8,0.4297147469833724,0.01624983675339022,28.705483782607974,0.004975124378109453,0.0,0,0.8567834374340605,0.005712928864971742,6.895015827223451,0.004975124378109453,0.0,0,0.7877016564322387,0.007978769035505784,13.595144246298826,0.004975124378109453,0.0,0
whale,skip,uniform,5.0,27,0.5,0.9053628515264701,0,0.353319384786487,137.9090909090909,45616,8,0.41608819327351976,0.01710620345438804,28.602176956304284,0.004975124378109453,0.0,0,0.8565143904364138,0.00625847303934981,7.805172409136271,0.004975124378109453,0.0,0,0.7902713166212152,0.0076853916266535535,14.975363715507777,0.004975124378109453,0.0,0
whale,skip,uniform,5.0,28,0.5,0.9045219902838483,0,0.38180464181661405,151.4181818181818,46940,8,0.4594599855080172,0.01573803414957298,28.279389950866697,0.004975124378109453,0.0,0,0.8669706763127809,0.004879722641847822,7.6953787596517325,0.004975124378109453,0.0,0,0.8031265951205465,0.008032472551230815,12.623186013597389,0.004975124378109453,0.0,0
whale,skip,uniform,5.0,29,0.5,0.9002321191019661,0,0.35457215119448227,133.36363636363637,46331,8,0.42194576522376154,0.017404176510529723,27.481125210884635,0.004975124378109453,0.0,0,0.837657029277753,0.007509341392108081,8.33296644230028,0.004975124378109453,0.0,0,0.7721367324790266,0.009003150443042611,14.227840291386903,0.004975124378109453,0.0,0
whale,skip,lognormal,1.0,0,0.5,0.904680437651847,0,0.7295986742924463,216.8909090909091,45826,8,0.45950126837933297,0.01572783912293489,28.30517058273683,0.004975124378109453,0.0,0,0.7368340349511877,0.008958637052350157,18.73570742065362,0.004975124378109453,0.0,0,0.8068544255568285,0.007667458082769589,12.758597574188816,0.004975124378109453,0.0,0
whale,skip,lognormal,1.0,1,0.5,0.9149439602805551,0,0.7199726560458156,227.05454545454546,45820,8,0.4648862268192838,0.016375030805003236,27.484390033865488,0.004975124378109453,0.0,0,0.7570740576793028,0.007992991996414752,19.751039744824553,0.004975124378109453,0.0,0,0.8117286702857668,0.007419856637261312,13.910685211417423,0.004975124378109453,0.0,0
whale,skip,lognormal,1.0,2,0.5,0.9138848853292986,0,0.7251533388173154,227.4,45865,8,0.4862401816546508,0.01593477880946975,26.837191076697362,0.004975124378109453,0.0,0,0.766357103882813,0.007388762418272682,19.966507663264952,0.004975124378109453,0.0,0,0.8222477034499523,0.00699829832385992,13.094209140373373,0.004975124378109453,0.0,0
whale,skip,lognormal,1.0,3,0.5,0.919375770720411,0,0.739188523347173,234.83636363636364,45751,8,0.4635073141661907,0.016540632486605245,27.56052145668473,0.004975124378109453,0.0,0,0.7603309186568827,0.007219230050688313,22.030722244176747,0.004975124378109453,0.0,0,0.8315475327364803,0.00608220645092813,14.440193487764349,0.004975124378109453,0.0,0
whale,skip,lognormal,1.0,4,0.5,0.9268717489711327,0,0.7255279628474458,232.5818181818182,45950,8,0.5233652111779992,0.0148158551791351,27.234778749820965,0.004975124378109453,0.0,0,0.7746505756060248,0.007406316634573317,20.55288490563939,0.004975124378109453,0.0,0,0.8429855922229408,0.007291060830131273,11.505343145886433,0.004975124378109453,0.0,0
whale,skip,lognormal,1.0,5,0.5,0.9232651320728524,0,0.7195157630013842,218.4181818181818,45769,8,0.48372264869435044,0.016784876572643468,26.186816535480663,0.004975124378109453,0.0,0,0.7399720442540989,0.008678407120571465,21.120591056885548,0.004975124378109453,0.0,0,0.8176479154972534,0.008044147623475035,13.129696459992727,0.004975124378109453,0.0,0
whale,skip,lognormal,1.0,6,0.5,0.9174597406598746,0,0.7454077291533189,226.1090909090909,45669,8,0.4820688505417502,0.01572354141380282,27.690383397719742,0.004975124378109453,0.0,0,0.7690989256857865,0.0070898036058183785,20.92594142556121,0.004975124378109453,0.0,0,0.8390904448970368,0.005892439568558662,13.29997445896718,0.004975124378109453,0.0,0
whale,skip,lognormal,1.0,7,0.5,0.9203838821750698,0,0.7542605761796916,228.83636363636364,45884,8,0.47526555762173517,0.013181149137252367,33.7693110000059,0.004975124378109453,0.0,0,0.736228898287629,0.009011065325863248,20.436538547654905,0.004975124378109453,0.0,0,0.825132816251882,0.006817257510333257,13.97205045853279,0.004975124378109453,0.0,0
whale,skip,lognormal,1.0,8,0.5,0.9186355914447204,0,0.753520603398373,228.56363636363636,45848,8,0.46429219153933277,0.018178170767789742,24.99390096557172,0.004975124378109453,0.000625,0,0.7320212165264379,0.01034504728918505,18.03900646383448,0.004975124378109453,0.0,0,0.8306880149171186,0.006229739609042179,14.117376013589706,0.004975124378109453,0.0,0
whale,skip,lognormal,1.0,9,0.5,0.9049482564582212,0,0.723708362896028,227.3090909090909,45651,8,0.4501228795550391,0.017415379157350162,26.116306328663708,0.004975124378109453,0.0,0,0.7439785257915824,0.009132103995364448,17.62679561559403,0.004975124378109453,0.0,0,0.8173869418713682,0.007686879209273528,11.391009563571412,0.004975124378109453,0.0,0
whale,skip,lognormal,1.0,10,0.5,0.9225433998570832,0,0.7541638802593473,225.5818181818182,45824,8,0.4791880409238789,0.016889850219059824,26.249809985460235,0.004975124378109453,0.0,0,0.749913589457395,0.008525201388568127,20.249352775545727,0.004975124378109453,0.0,0,0.8223447038781313,0.007007768355477228,14.298231747434581,0.004975124378109453,0.0,0
whale,skip,lognormal,1.0,11,0.5,0.9246547832223325,0,0.7460945260790905,219.6727272727273,45690,8,0.47551463955960716,0.016468912717738676,27.271997329790704,0.004975124378109453,0.0,0,0.7542586033956653,0.0076549311258056205,22.259662043495442,0.004975124378109453,0.0,0,0.8290468933720712,0.007387994414577318,12.940980255969952,0.004975124378109453,0.0,0
whale,skip,lognormal,1.0,12,0.5,0.9134304467288797,0,0.7524415734679142,225.8181818181818,45756,8,0.46131116572120107,0.016848149124738743,26.834952472246087,0.004975124378109453,0.0,0,0.7596268466971872,0.00692990233800226,22.194194453255573,0.004975124378109453,0.0,0,0.8230044698062529,0.006677372846433981,13.542148836412279,0.004975124378109453,0.0,0
whale,skip,lognormal,1.0,13,0.5,0.9186104720893137,0,0.7345646987871072,216.0,45633,8,0.5032526601953048,0.01640691254604154,25.316025225856485,0.004975124378109453,0.000625,0,0.752299947317784,0.007439436868212023,22.355257221438094,0.004975124378109453,0.0,0,0.8407892209541404,0.0059977642392363365,12.97504337134162,0.004975124378109453,0.0,0
whale,skip,lognormal,1.0,14,0.5,0.918445847374616,0,0.7606719454555106,215.94545454545454,45492,8,0.46653680117968377,0.016348276836651274,27.642610331982837,0.004975124378109453,0.0,0,0.7471167409190871,0.007766481125460123,22.060068606086848,0.004975124378109453,0.0,0,0.8277416196333931,0.0065582666086970555,13.830518512458475,0.004975124378109453,0.0,0
whale,skip,lognormal,1.0,15,0.5,0.9148163174906476,0,0.7232155591695799,225.96363636363637,45919,8,0.4610344762033327,0.016542893535143023,27.430620908205686,0.004975124378109453,0.0,0,0.7615546864635339,0.006959157854502553,22.023014024312438,0.004975124378109453,0.0,0,0.8184172759743737,0.0071900520450330786,13.407280074261324,0.004975124378109453,0.0,0
whale,skip,lognormal,1.0,16,0.5,0.908717381996915,0,0.7299737786187569,230.8181818181818,45609,8,0.4679321613834759,0.017236731909454572,25.572435826518987,0.004975124378109453,0.0,0,0.7711204503107706,0.006389269831688181,21.535626966906225,0.004975124378109453,0.0,0,0.8180105307932942,0.006923898128410793,13.10054676157407,0.004975124378109453,0.0,0
whale,skip,lognormal,1.0,17,0.5,0.9146792452703995,0,0.7471383006431906,227.1818181818182,45928,8,0.46825571493434237,0.018378470592276853,24.290570213370025,0.004975124378109453,0.0,0,0.7724782372688235,0.006795088915966674,20.927026821892053,0.004975124378109453,0.0,0,0.8329494449211219,0.005926715183042137,13.790067149359166,0.004975124378109453,0.0,0
whale,skip,lognormal,1.0,18,0.5,0.9290275915765858,0,0.7788902503069574,223.5818181818182,45653,8,0.44164024508527405,0.017113995394632518,28.478875636730134,0.004975124378109453,0.000625,0,0.7470185770977357,0.007548414966648767,24.112216310711883,0.004975124378109453,0.0,0,0.8302031393520417,0.00687939161207845,14.365289519357152,0.004975124378109453,0.0,0
whale,skip,lognormal,1.0,19,0.5,0.9168206596540145,0,0.7179648848360036,231.72727272727272,45698,8,0.49124816879315875,0.016690967844453952,25.49717277193511,0.004975124378109453,0.000625,0,0.7429898657681088,0.008759098918521111,19.8457393280878,0.004975124378109453,0.0,0,0.8273693827022919,0.007721027330084194,11.585411257797892,0.004975124378109453,0.0,0
whale,skip,lognormal,1.0,20,0.5,0.920516494970613,0,0.7399333432563504,226.3090909090909,45660,8,0.49157382417097734,0.015680839348915124,27.354573390825028,0.004975124378109453,0.0,0,0.7651217923599085,0.006476429669868717,23.99388405832168,0.004975124378109453,0.0,0,0.8306390678892412,0.006103568444345166,14.725390220640755,0.004975124378109453,0.0,0
whale,skip,lognormal,1.0,21,0.5,0.9184849837780229,0,0.7246394843456188,236.27272727272728,45825,8,0.48378428319902717,0.015886361297475022,27.363138256718802,0.004975124378109453,0.0,0,0.7483086793137619,0.009366351695369392,18.168899695320437,0.004975124378109453,0.0,0,0.8225217823960662,0.007022332573861126,13.665431019196621,0.004975124378109453,0.0,0
whale,skip,lognormal,1.0,22,0.5,0.9078663124891055,0,0.7321294259834857,224.8909090909091,45864,8,0.4921879906707806,0.01607160227074352,25.86414937451625,0.004975124378109453,0.0,0,0.746216145381282,0.007965171935760552,20.294623695701606,0.004975124378109453,0.0,0,0.8177515718640206,0.007193723997567068,12.526855444490495,0.004975124378109453,0.0,0
whale,skip,lognormal,1.0,23,0.5,0.9171438346591017,0,0.7492337239689644,238.8,45815,8,0.4511230652639147,0.017670028379713668,26.373515615300814,0.004975124378109453,0.00125,0,0.7659307711113291,0.006853916067124416,22.062287029320814,0.004975124378109453,0.0,0,0.8185284885869437,0.0075536567330132445,13.055312090256859,0.004975124378109453,0.0,0
whale,skip,lognormal,1.0,24,0.5,0.9179749912115938,0,0.74412409592684,227.0,45546,8,0.4599330947867394,0.016381570891963192,27.960804213811386,0.004975124378109453,0.0,0,0.7670961240877108,0.006526810684352324,23.11678313048162,0.004975124378109453,0.0,0,0.8386019614312633,0.006841160734067239,11.60227523745685,0.004975124378109453,0.0,0
whale,skip,lognormal,1.0,25,0.5,0.9131599338881253,0,0.7597143797654287,226.94545454545454,45755,8,0.4538650215716442,0.018303677216720885,25.093040424516627,0.004975124378109453,0.0,0,0.7497651958561229,0.0077139210151970766,21.18180076126019,0.004975124378109453,0.0,0,0.827914489265402,0.006738988871163067,12.649589760787215,0.004975124378109453,0.0,0
whale,skip,lognormal,1.0,26,0.5,0.9192967649984396,0,0.758227810275708,219.96363636363637,45569,8,0.46325113218929276,0.017014985436197876,26.80258731452982,0.004975124378109453,0.0,0,0.7498313901918918,0.008242054696542215,20.561059231703897,0.004975124378109453,0.0,0,0.8331166855368285,0.006272221776199477,13.73996050149715,0.004975124378109453,0.0,0
whale,skip,lognormal,1.0,27,0.5,0.9262744547674122,0,0.7479711375846221,221.36363636363637,45753,8,0.4665326668051521,0.01651300900704586,27.841187984945385,0.004975124378109453,0.0,0,0.7424496695297698,0.008258357127440009,22.25924386665825,0.004975124378109453,0.0,0,0.8288450378267033,0.006729023686280248,14.47898261071023,0.004975124378109453,0.0,0
whale,skip,lognormal,1.0,28,0.5,0.9170512277806806,0,0.7397665664831614,218.4909090909091,45983,8,0.501258974037548,0.01645451575473842,25.26918810256671,0.004975124378109453,0.0,0,0.7189358534470199,0.009619602468185794,20.594964811578556,0.004975124378109453,0.0,0,0.8286399842297609,0.007441761321648706,11.880419127891669,0.004975124378109453,0.0,0
whale,skip,lognormal,1.0,29,0.5,0.9156188276625007,0,0.7413604517274126,226.63636363636363,45943,8,0.46888592028498566,0.01593128087304645,28.041242316763498,0.004975124378109453,0.0,0,0.7366426513073864,0.009505880275532974,18.827943458932268,0.004975124378109453,0.0,0,0.8367439665072296,0.005640749031652968,13.983047413147817,0.004975124378109453,0.0,0
whale,skip,lognormal,5.0,0,0.5,0.9308895030762367,0,0.38718275852776424,153.4181818181818,45991,8,0.5395017459739209,0.01276159311812334,30.669192590577712,0.004975124378109453,0.0,0,0.8802286896657489,0.005612945070874808,9.025709813795155,0.004975124378109453,0.0,0,0.8478651700968703,0.007016156463423091,11.833306941228035,0.004975124378109453,0.0,0
whale,skip,lognormal,5.0,1,0.5,0.9257429734685685,0,0.3753976449633069,150.29090909090908,45553,8,0.5160647328638615,0.013704019587433737,29.89475007612893,0.004975124378109453,0.0,0,0.8720865189797316,0.004509149543564281,11.89946218692581,0.004975124378109453,0.0,0,0.8433109281464556,0.00762756893518111,10.80711902083329,0.004975124378109453,0.0,0
whale,skip,lognormal,5.0,2,0.5,0.927755683773277,0,0.3900977591898574,151.03636363636363,46220,8,0.5381722571007785,0.012133441330796354,32.108238384412985,0.004975124378109453,0.0,0,0.8880683878450181,0.0046230260954386974,8.584700823431723,0.004975124378109453,0.0,0,0.8578030101529583,0.005652357968364483,12.375839253606145,0.004975124378109453,0.0,0
whale,skip,lognormal,5.0,3,0.5,0.9231300851693621,0,0.34633112338272104,152.6727272727273,45814,8,0.5197927172692678,0.015801245500142894,25.52566934653644,0.004975124378109453,0.0,0,0.8738807173488923,0.006151168019060848,8.006506677733244,0.004975124378109453,0.0,0,0.8373786796195166,0.007162128107140199,11.972894685359881,0.004975124378109453,0.0,0
whale,skip,lognormal,5.0,4,0.5,0.9246233468884122,0,0.36858144357726064,137.29090909090908,45461,8,0.505266472205511,0.01562985441503343,26.830504209914245,0.004975124378109453,0.0,0,0.875745159948309,0.006177216298710812,7.912655891668234,0.004975124378109453,0.0,0,0.8427983609918681,0.007307094105269734,11.198019995052958,0.004975124378109453,0.0,0
whale,skip,lognormal,5.0,5,0.5,0.9118045733513545,0,0.42283368187883186,149.0909090909091,45902,8,0.5523092949838396,0.011643759263794802,30.87450283220234,0.004975124378109453,0.0,0,0.8811354895882866,0.006319741819010938,4.852901374991248,0.004975124378109453,0.0,0,0.8478656776990405,0.0070992954468915345,9.006371988689374,0.004975124378109453,0.0,0
whale,skip,lognormal,5.0,6,0.5,0.9288991347162198,0,0.35975758476133873,144.72727272727272,45825,8,0.561405907969541,0.01429778808583291,25.702802737076,0.004975124378109453,0.0,0,0.8774882270102304,0.007015777371319624,7.327898960442534,0.004975124378109453,0.0,0,0.8568453052676941,0.008069024501894527,8.929682817496483,0.004975124378109453,0.0,0
whale,skip,lognormal,5.0,7,0.5,0.920978593572787,0,0.38547001076866866,148.0909090909091,45985,8,0.4959153292747359,0.015858996231227822,26.802658762290545,0.004975124378109453,0.0,0,0.8756701200167382,0.005003347440949376,9.055632072485382,0.004975124378109453,0.0,0,0.8445023123653874,0.00767700412516588,9.961735067551123,0.004975124378109453,0.0,0
whale,skip,lognormal,5.0,8,0.5,0.9259834176926103,0,0.3595599883300567,126.7090909090909,45832,8,0.4893527696401274,0.015278056010699478,28.578940131303558,0.004975124378109453,0.0,0,0.8691741575497229,0.006459095631887394,8.795234407496652,0.004975124378109453,0.0,0,0.8376829183658415,0.006612396222211799,13.35378225372479,0.004975124378109453,0.0,0
whale,skip,lognormal,5.0,9,0.5,0.920189751949968,0,0.34808670550174675,147.74545454545455,46245,8,0.534868481105176,0.013032345751837511,29.56653224078736,0.004975124378109453,0.0,0,0.8784730987915766,0.007870479151045605,5.300395612235277,0.004975124378109453,0.0,0,0.8570681812538209,0.006970213080337654,9.0559025913006,0.004975124378109453,0.0,0
whale,skip,lognormal,5.0,10,0.5,0.93008947373847,0,0.39041125042508096,141.61818181818182,45886,8,0.5121635251808647,0.014290357386732616,29.245311173645945,0.004975124378109453,0.0,0,0.8619554399754458,0.006670880336686173,10.213649522136452,0.004975124378109453,0.0,0,0.8303832771393173,0.00863726444699739,11.543723966193255,0.004975124378109453,0.0,0
whale,skip,lognormal,5.0,11,0.5,0.9209395397744925,0,0.35046386428793935,163.4,46250,8,0.5434731300765461,0.01455131098711718,25.940371285592864,0.004975124378109453,0.0,0,0.8817742724054218,0.004935698001013632,7.935102058721459,0.004975124378109453,0.0,0,0.8607277292744909,0.007155040696146594,8.415299514987963,0.004975124378109453,0.0,0
whale,skip,lognormal,5.0,12,0.5,0.91258355691731,0,0.3517172913764675,130.74545454545455,45389,8,0.49501679003331955,0.015416536193951932,27.08564113434289,0.004975124378109453,0.0,0,0.8568802781734902,0.007253805148118673,7.679180458585492,0.004975124378109453,0.0,0,0.8268929151491053,0.008672251572079404,9.881014296689505,0.004975124378109453,0.0,0
whale,skip,lognormal,5.0,13,0.5,0.9254680437082559,0,0.4324945036167342,151.52727272727273,46240,8,0.49844543066272295,0.01490244352148593,28.65453658186079,0.004975124378109453,0.0,0,0.8707225277685003,0.006134712212565344,8.923893092755636,0.004975124378109453,0.0,0,0.8283560376328964,0.008071835932818835,12.03096877632473,0.004975124378109453,0.0,0
whale,skip,lognormal,5.0,14,0.5,0.9186500479838604,0,0.3880272191724864,147.87272727272727,45645,8,0.545854416273774,0.013255852999915314,28.123096394661896,0.004975124378109453,0.0,0,0.8635622844613322,0.0065405378309515054,8.422512788143928,0.004975124378109453,0.0,0,0.8357042248620368,0.008246330511611376,10.058513056811202,0.004975124378109453,0.0,0
whale,skip,lognormal,5.0,15,0.5,0.9280684631011344,0,0.3796439756782589,140.61818181818182,45051,8,0.5014429385237638,0.013999885461407463,30.4735010692352,0.004975124378109453,0.0,0,0.8664705923989316,0.007340893184130394,8.391059392522642,0.004975124378109453,0.0,0,0.8484281774602497,0.007218062660865497,11.033471082576517,0.004975124378109453,0.0,0
whale,skip,lognormal,5.0,16,0.5,0.9248206970618582,0,0.4236993991672224,154.1818181818182,46476,8,0.5183288775432616,0.013463172099337112,30.192871079662652,0.004975124378109453,0.0,0,0.8750071027987416,0.00462950321259331,10.760030175076281,0.004975124378109453,0.0,0,0.8336050320784039,0.008036710736997667,11.34987533687575,0.004975124378109453,0.0,0
whale,skip,lognormal,5.0,17,0.5,0.916710648175362,0,0.30923942248935543,143.45454545454547,46391,8,0.5399063158561244,0.014202567273367118,26.530719768237052,0.004975124378109453,0.0,0,0.8737506601278898,0.006910335902115695,6.216772767054543,0.004975124378109453,0.0,0,0.8455963646027826,0.007455039393843775,9.539088905593724,0.004975124378109453,0.0,0
whale,skip,lognormal,5.0,18,0.5,0.925377306314513,0,0.3618191651891578,149.74545454545455,46208,8,0.526636712835111,0.013663688465014005,29.182500354891783,0.004975124378109453,0.0,0,0.8878721879546764,0.0036716850366099725,10.214688347687002,0.004975124378109453,0.0,0,0.8538830556405902,0.005828927469604262,12.265421219725123,0.004975124378109453,0.0,0
whale,skip,lognormal,5.0,19,0.5,0.9173942705334177,0,0.3873818505055023,135.21818181818182,45869,8,0.48259931469833545,0.0165924867520931,26.20432743634609,0.004975124378109453,0.000625,0,0.832209747218715,0.010312145011747483,8.260601767882573,0.004975124378109453,0.0,0,0.8133721637968142,0.010623215820084124,9.791960221681702,0.004975124378109453,0.0,0
whale,skip,lognormal,5.0,20,0.5,0.9286389408238933,0,0.35565081140898624,152.16363636363636,46522,8,0.5405994602269534,0.014725852927262976,26.35090018307435,0.004975124378109453,0.0,0,0.8632486964980614,0.007602260830937267,8.601420785212671,0.004975124378109453,0.0,0,0.8403905825150911,0.007605083708900029,11.603864163326362,0.004975124378109453,0.0,0
whale,skip,lognormal,5.0,21,0.5,0.931019455030839,0,0.3643382713920939,156.34545454545454,45467,8,0.5335389127418282,0.013704444964604184,29.003767997582017,0.004975124378109453,0.0,0,0.8791670589445029,0.0046117081562681225,11.243642123333338,0.004975124378109453,0.0,0,0.8609802609930256,0.006560450546607926,10.675973172913732,0.004975124378109453,0.0,0
whale,skip,lognormal,5.0,22,0.5,0.9229434274874793,0,0.3988344575829955,144.6727272727273,45217,8,0.5239322831398543,0.014859012502602622,26.853140091088584,0.004975124378109453,0.0,0,0.8721593254239786,0.006268916812364546,8.100937304405809,0.004975124378109453,0.0,0,0.8403432953597254,0.007724833276706553,10.692804513571332,0.004975124378109453,0.0,0
whale,skip,lognormal,5.0,23,0.5,0.9329527828476152,0,0.35716754046755045,170.4909090909091,45987,8,0.5296338333333671,0.01391160628575293,28.991544271008635,0.004975124378109453,0.0,0,0.8701105758396775,0.007086056736872891,8.868431250477142,0.004975124378109453,0.0,0,0.8516927738699991,0.0070440947102032875,11.535905225679594,0.004975124378109453,0.0,0
whale,skip,lognormal,5.0,24,0.5,0.9216463162926382,0,0.40213344061524875,151.74545454545455,46453,8,0.5334896160979028,0.012316616019104788,31.514881976725604,0.004975124378109453,0.0,0,0.8828539774867221,0.004596975194302548,8.438666115491538,0.004975124378109453,0.0,0,0.8420620960599233,0.006117053335859301,13.010221729828212,0.004975124378109453,0.0,0
whale,skip,lognormal,5.0,25,0.5,0.9206097935741797,0,0.38152458044630405,139.96363636363637,46334,8,0.49010595893489184,0.015037985769802234,28.62775914469757,0.004975124378109453,0.0,0,0.8555059046277566,0.008881845173255852,7.329995927249178,0.004975124378109453,0.0,0,0.8421546064198668,0.008216780365341467,9.548166516077066,0.004975124378109453,0.0,0
whale,skip,lognormal,5.0,26,0.5,0.9221838406202355,0,0.3965159265945342,140.29090909090908,46169,8,0.5032465988015922,0.016139855020097404,25.956691760674506,0.004975124378109453,0.0,0,0.8628795634428837,0.010355144372579495,5.727035282520054,0.004975124378109453,0.0,0,0.839818321718927,0.008897454633306332,9.25720021015731,0.004975124378109453,0.0,0
whale,skip,lognormal,5.0,27,0.5,0.9228237280665648,0,0.39652688162825545,147.05454545454546,46037,8,0.5487232103530029,0.01318617174735974,28.370669279995372,0.004975124378109453,0.0,0,0.8762423060276505,0.005021726444036626,9.275977606114003,0.004975124378109453,0.0,0,0.8492719056380733,0.006703572002603214,10.972034372112196,0.004975124378109453,0.0,0
whale,skip,lognormal,5.0,28,0.5,0.9179994695765663,0,0.37261776902557553,148.92727272727274,45506,8,0.5160706341328067,0.016010805097318385,25.103599288150583,0.004975124378109453,0.0,0,0.8773411040597197,0.004609544510801553,8.820473567740118,0.004975124378109453,0.0,0,0.8441810713534994,0.007178990386377518,10.282559837820774,0.004975124378109453,0.0,0
whale,skip,lognormal,5.0,29,0.5,0.9167712630946727,0,0.3012214362680452,151.27272727272728,45627,8,0.520327254828098,0.016482084365797255,24.05302627192312,0.004975124378109453,0.0,0,0.8639327013344834,0.007122403716082858,7.418641776915333,0.004975124378109453,0.0,0,0.8418254859235509,0.007882173294795517,9.508263059961829,0.004975124378109453,0.0,0
whale,skip,geometric,1.0,0,0.5,0.8951201045324456,0,0.7426229490174672,227.16363636363636,45607,8,0.44119637284718166,0.018488688818706255,24.551429045958017,0.004975124378109453,0.0,0,0.7444863006388328,0.00855663618862261,17.604324944176554,0.004975124378109453,0.0,0,0.8050240328789491,0.007841708176783098,11.489342579751115,0.004975124378109453,0.0,0
whale,skip,geometric,1.0,1,0.5,0.8947607821582227,0,0.7625060113042673,218.16363636363636,45803,8,0.3823068354224021,0.01919349965799903,26.699349043531612,0.004975124378109453,0.000625,0,0.729402726896966,0.009024287937127486,18.323667907463932,0.004975124378109453,0.0,0,0.7891048217834313,0.00996967549029523,10.597733143635415,0.004975124378109453,0.0,0
whale,skip,geometric,1.0,2,0.5,0.8931798925668193,0,0.7219273648162415,214.29090909090908,45647,8,0.45240457629273884,0.015813177020394312,27.873925379170228,0.004975124378109453,0.0,0,0.7186246166331347,0.010531344184392258,16.574833456908596,0.004975124378109453,0.0,0,0.7897683515993625,0.008413647478309397,12.29092866489289,0.004975124378109453,0.0,0
whale,skip,geometric,1.0,3,0.5,0.8850042857295245,0,0.7458081179522641,219.61818181818182,45587,8,0.38646636993917355,0.019201918936412113,25.96292159347606,0.004975124378109453,0.0,0,0.7209004655425804,0.010059136457325488,16.313907350112228,0.004975124378109453,0.0,0,0.7911679893230876,0.007760219789326811,12.091963752817502,0.004975124378109453,0.0,0
whale,skip,geometric,1.0,4,0.5,0.8910152207529641,0,0.7487198431179624,215.21818181818182,45983,8,0.4110953775776078,0.018596440557294404,25.807080752725504,0.004975124378109453,0.0,0,0.7242085620507308,0.008315678739189043,20.059295691177766,0.004975124378109453,0.0,0,0.7926542879112591,0.007463719694210977,13.178540576489747,0.004975124378109453,0.0,0
whale,skip,geometric,1.0,5,0.5,0.8998084028934663,0,0.7365916498847532,220.61818181818182,45782,8,0.40702989664667766,0.01705009399862574,28.901805836760033,0.004975124378109453,0.00125,0,0.7250655545377954,0.010545251994902914,16.570760797383834,0.004975124378109453,0.0,0,0.782886884726676,0.00883877123076484,13.228254823456133,0.004975124378109453,0.0,0
whale,skip,geometric,1.0,6,0.5,0.8895079069647935,0,0.7431021044328717,221.1818181818182,45642,8,0.396372447360049,0.019700558974878924,25.031546578630785,0.004975124378109453,0.001875,0,0.7321199010657361,0.008755540807125503,17.975817755423023,0.004975124378109453,0.0,0,0.7912052544554338,0.008007258817098326,12.276692280690225,0.004975124378109453,0.0,0
whale,skip,geometric,1.0,7,0.5,0.8957904063651279,0,0.740300289023082,220.56363636363636,45822,8,0.41357401780649,0.01813797978329755,26.586003199909243,0.004975124378109453,0.000625,0,0.726518611194264,0.009141850716615834,18.51614081415733,0.004975124378109453,0.0,0,0.7945764896453142,0.008143019423751108,12.42953153526792,0.004975124378109453,0.0,0
whale,skip,geometric,1.0,8,0.5,0.8918784279994953,0,0.7463524048126149,225.52727272727273,45799,8,0.4380301209201457,0.01600693626080261,28.353227606129856,0.004975124378109453,0.000625,0,0.7254360972234803,0.00890608681528929,18.68860412300041,0.004975124378109453,0.0,0,0.7833816854518044,0.009034314250848823,12.009405421944125,0.004975124378109453,0.0,0
whale,skip,geometric,1.0,9,0.5,0.885041986126637,0,0.7637380021883143,216.5818181818182,45703,8,0.3909001124934665,0.01821804841070089,27.123754558853964,0.004975124378109453,0.000625,0,0.7127265617359856,0.008844471789598898,19.48283950583622,0.004975124378109453,0.0,0,0.7870755483921986,0.008169300035391474,11.992023467129739,0.004975124378109453,0.0,0
whale,skip,geometric,1.0,10,0.5,0.8923174080634249,0,0.7381942811424584,229.43636363636364,45719,8,0.4186602802156333,0.019940975670542038,23.752956508918732,0.004975124378109453,0.000625,0,0.7283549739885009,0.009778509999870207,16.76762963652952,0.004975124378109453,0.0,0,0.796710412726602,0.008151267676314305,11.729095293316718,0.004975124378109453,0.0,0
whale,skip,geometric,1.0,11,0.5,0.889422495724664,0,0.7361126895655213,222.54545454545453,45745,8,0.4260979399782353,0.01922898064216247,24.0951179039891,0.004975124378109453,0.0,0,0.7058266422937423,0.008834490145055664,20.781714667900054,0.004975124378109453,0.0,0,0.7896758229923866,0.008157853933278827,12.227072652695435,0.004975124378109453,0.0,0
whale,skip,geometric,1.0,12,0.5,0.8937172693041902,0,0.7371148991713679,220.6,45822,8,0.42158434118328136,0.018516092955549984,25.498517924613918,0.004975124378109453,0.0,0,0.7447884892848498,0.007896190950899221,18.86083821242701,0.004975124378109453,0.0,0,0.8005349232156231,0.007795710794729519,11.953027574030225,0.004975124378109453,0.0,0
whale,skip,geometric,1.0,13,0.5,0.8948042376885357,0,0.7438528097261449,218.34545454545454,45826,8,0.42231165926882225,0.017143998003526256,27.560232935312346,0.004975124378109453,0.0,0,0.7141526810658277,0.010023968089014701,18.02196046700154,0.004975124378109453,0.0,0,0.8014045063047894,0.0064618274362391245,14.454073914128882,0.004975124378109453,0.0,0
whale,skip,geometric,1.0,14,0.5,0.8913508824584613,0,0.7240735557390252,222.92727272727274,45792,8,0.42047994820754087,0.01645813946959771,28.610216550949545,0.004975124378109453,0.000625,0,0.699726793518955,0.012914417728289596,14.837996801028465,0.004975124378109453,0.000625,0,0.7891474616451021,0.008960594549317987,11.405874939530452,0.004975124378109453,0.0,0
whale,skip,geometric,1.0,15,0.5,0.8917148269717792,0,0.7366952429799573,224.1090909090909,45995,8,0.4161892481234027,0.017448871923838746,27.252511275454477,0.004975124378109453,0.000625,0,0.7377619026097361,0.008572657396385136,17.95859991173344,0.004975124378109453,0.0,0,0.7870495432253738,0.00782330863482331,13.378646891229193,0.004975124378109453,0.0,0
whale,skip,geometric,1.0,16,0.5,0.8949028157374905,0,0.7320808237320754,223.5818181818182,45869,8,0.4140044197574016,0.017385926249917947,27.660211430055877,0.004975124378109453,0.00125,0,0.7161707831552617,0.010662708540633828,16.762348131444316,0.004975124378109453,0.0,0,0.8005969092610121,0.007676202602686938,12.285489500168751,0.004975124378109453,0.0,0
whale,skip,geometric,1.0,17,0.5,0.8897695560586354,0,0.760429199782695,220.54545454545453,45923,8,0.38415615558072574,0.018861646001665733,26.80643038435019,0.004975124378109453,0.001875,0,0.7239370521909007,0.009184531893646111,18.055629376436507,0.004975124378109453,0.0,0,0.7908034749276781,0.008130894753524251,12.17161015250646,0.004975124378109453,0.0,0
whale,skip,geometric,1.0,18,0.5,0.8876065913646192,0,0.7368090462872361,229.29090909090908,45999,8,0.4234571180359501,0.018113312243333717,25.624770726264657,0.004975124378109453,0.00125,0,0.7459400350643851,0.00948259087157244,14.9396465817092,0.004975124378109453,0.0,0,0.7927001804075899,0.009079997517526146,10.452250760404015,0.004975124378109453,0.0,0
whale,skip,geometric,1.0,19,0.5,0.8910027632527766,0,0.749539101443908,211.36363636363637,45572,8,0.421053989474489,0.018226026259229675,25.784489010066313,0.004975124378109453,0.0,0,0.7128296011441725,0.01023418316332781,17.409612400435897,0.004975124378109453,0.0,0,0.7738884876735286,0.00889414926167159,13.16756354471583,0.004975124378109453,0.0,0
whale,skip,geometric,1.0,20,0.5,0.8954431572423203,0,0.7389299418296797,224.98181818181817,45900,8,0.39338133963116334,0.01865793145168562,26.908760969094406,0.004975124378109453,0.000625,0,0.699229339767297,0.010689305871260477,18.356085964624558,0.004975124378109453,0.0,0,0.7804469416242884,0.009461798728279992,12.153737245997874,0.004975124378109453,0.0,0
whale,skip,geometric,1.0,21,0.5,0.8911516792015071,0,0.750903169561611,215.29090909090908,45897,8,0.4026574793235196,0.018493719981221336,26.414058414099934,0.004975124378109453,0.001875,0,0.7375710305628681,0.007846353195767654,19.573506928222503,0.004975124378109453,0.0,0,0.7969353307058893,0.007174089877817318,13.13286425180425,0.004975124378109453,0.0,0
whale,skip,geometric,1.0,22,0.5,0.8986957344880995,0,0.7476867750494633,211.2,45499,8,0.41295943638852123,0.017876505336871313,27.171770373805632,0.004975124378109453,0.003125,0,0.7235250951833266,0.008011399352150084,21.865173811084684,0.004975124378109453,0.0,0,0.7863808637613662,0.009012260870781132,12.46245224557048,0.004975124378109453,0.0,0
whale,skip,geometric,1.0,23,0.5,0.8952935557942788,0,0.7471647974536308,212.94545454545454,45642,8,0.4292165118241171,0.018092207791620855,25.76120334998687,0.004975124378109453,0.000625,0,0.7197804546287628,0.008504215441554148,20.638364864077445,0.004975124378109453,0.0,0,0.7871793728425015,0.007460522601384719,14.491502637055302,0.004975124378109453,0.0,0
whale,skip,geometric,1.0,24,0.5,0.8928503581263085,0,0.7299073569274,238.1818181818182,45738,8,0.44264792631121835,0.01908492531498934,23.589425915201264,0.004975124378109453,0.0,0,0.723547083619343,0.01024356027856523,16.527776466668005,0.004975124378109453,0.0,0,0.7912313556191856,0.008997003970871484,11.29476021530307,0.004975124378109453,0.0,0
whale,skip,geometric,1.0,25,0.5,0.8915565604370559,0,0.7435764870355271,213.1090909090909,45870,8,0.391625618876732,0.01741274067412304,28.71064072660704,0.004975124378109453,0.001875,0,0.7209140614792298,0.009593201945949486,17.78785643409457,0.004975124378109453,0.0,0,0.7905184287058113,0.007536308080594946,13.406847311803128,0.004975124378109453,0.0,0
whale,skip,geometric,1.0,26,0.5,0.8888056395967748,0,0.7350763859075168,218.01818181818183,45639,8,0.3808550514042209,0.020528851750356947,24.743253756690113,0.004975124378109453,0.0,0,0.7247283498149807,0.008198240227455836,20.01372065584279,0.004975124378109453,0.0,0,0.7888956157062071,0.008269495363154083,12.0817558391448,0.004975124378109453,0.0,0
whale,skip,geometric,1.0,27,0.5,0.894481473751622,0,0.7414394038549299,217.0,45675,8,0.41062638062447154,0.01650394741560463,29.317537249886122,0.004975124378109453,0.0,0,0.7388465409363724,0.007485396925260095,20.791807618116632,0.004975124378109453,0.0,0,0.7961234199751119,0.008039342422914661,12.234589423154636,0.004975124378109453,0.0,0
whale,skip,geometric,1.0,28,0.5,0.8937730657994836,0,0.7475841218135775,221.47272727272727,45639,8,0.4324793764953316,0.01762222259089769,26.176816625981193,0.004975124378109453,0.0,0,0.7321083150146867,0.00795265851595347,20.328390872120124,0.004975124378109453,0.0,0,0.7894805501946475,0.00851967559011293,12.241371693291631,0.004975124378109453,0.0,0
whale,skip,geometric,1.0,29,0.5,0.8951576319912551,0,0.7615923424101244,215.3090909090909,45744,8,0.39701546824419476,0.018166075160364892,27.42156240957964,0.004975124378109453,0.0,0,0.7216549075120551,0.009072198523910498,19.124661351040746,0.004975124378109453,0.0,0,0.7918428724814639,0.008247424683095025,12.52691154871148,0.004975124378109453,0.0,0
whale,skip,geometric,5.0,0,0.5,0.9089618947462369,0,0.39549333925287294,133.78181818181818,45465,8,0.4313306133851457,0.0170976675273037,27.935464331514787,0.004975124378109453,0.0,0,0.8385648166072965,0.008487493061575698,8.29421333581287,0.004975124378109453,0.0,0,0.7962116289259672,0.009535437241303254,11.824341450425148,0.004975124378109453,0.0,0
whale,skip,geometric,5.0,1,0.5,0.9227447385901653,0,0.3817318887994046,153.0909090909091,46847,8,0.48394950598596076,0.015401525507497257,28.490374696363997,0.004975124378109453,0.0,0,0.8728036405517137,0.004989425795474735,10.00938787059359,0.004975124378109453,0.0,0,0.8241509651954211,0.008014890823612139,12.301324567551637,0.004975124378109453,0.0,0
whale,skip,geometric,5.0,2,0.5,0.9160052135961321,0,0.39658893631419745,146.6,45560,8,0.48976579273887394,0.014456402643598345,29.484473514301815,0.004975124378109453,0.0,0,0.8699472181088129,0.0045943510733952074,10.024918590577466,0.004975124378109453,0.0,0,0.8215060702435564,0.006986229169105942,13.526487761160741,0.004975124378109453,0.0,0
whale,skip,geometric,5.0,3,0.5,0.9236822356198237,0,0.3711897469903226,147.43636363636364,45726,8,0.4677881802910938,0.014779092967332553,30.847228333729955,0.004975124378109453,0.0,0,0.8616501019437376,0.005812830771032421,10.67158775466441,0.004975124378109453,0.0,0,0.8188822189712229,0.007893070412121773,13.277471399172397,0.004975124378109453,0.0,0
whale,skip,geometric,5.0,4,0.5,0.9076731345834075,0,0.3572049862641258,130.34545454545454,45051,8,0.43734410618673814,0.01638406445836777,28.706492799255315,0.004975124378109453,0.0,0,0.8515185487100771,0.006464476383728491,8.686641042525128,0.004975124378109453,0.0,0,0.80713371962845,0.00889727488675384,11.300023460513662,0.004975124378109453,0.0,0
whale,skip,geometric,5.0,5,0.5,0.9107255911927672,0,0.368817659358633,143.43636363636364,45249,8,0.4723898911353101,0.017637550177623963,24.852414062217985,0.004975124378109453,0.0,0,0.8526977288275368,0.0062273830192517,9.318177826197559,0.004975124378109453,0.0,0,0.8144544413557031,0.007850739135592007,12.262686120929745,0.004975124378109453,0.0,0
whale,skip,geometric,5.0,6,0.5,0.9183983061209233,0,0.36822886471066524,135.56363636363636,46082,8,0.45500687011771873,0.01647327337163079,28.129894135140592,0.004975124378109453,0.0,0,0.8595028446637133,0.006198358431707148,9.50178375550784,0.004975124378109453,0.0,0,0.8123413747919437,0.008973136128693885,11.819382856550636,0.004975124378109453,0.0,0
whale,skip,geometric,5.0,7,0.5,0.9193175396492022,0,0.38242966995811767,148.6909090909091,45266,8,0.49276011266771014,0.014791594090204625,28.837826699420404,0.004975124378109453,0.0,0,0.8511084500805017,0.008861154369191538,7.697539928414947,0.004975124378109453,0.0,0,0.8287718787869963,0.00796395874329929,11.369428669929897,0.004975124378109453,0.0,0
whale,skip,geometric,5.0,8,0.5,0.9156811551935965,0,0.3814013009778487,143.76363636363635,46626,8,0.4900903170845908,0.014005311334309779,30.387817018134143,0.004975124378109453,0.0,0,0.869313693559234,0.006478511454334796,7.157116563147822,0.004975124378109453,0.0,0,0.8263415604107043,0.006581785183211171,13.573763393369296,0.004975124378109453,0.0,0
whale,skip,geometric,5.0,9,0.5,0.917592198059521,0,0.3933615470404314,133.47272727272727,45809,8,0.4690364296811941,0.016800479163571,26.69898661884265,0.004975124378109453,0.0,0,0.8573087992324067,0.006739091904919314,8.945329679078784,0.004975124378109453,0.0,0,0.8123760888830286,0.008031011261686998,13.101227946029631,0.004975124378109453,0.0,0
whale,skip,geometric,5.0,10,0.5,0.9198868063057168,0,0.3702990412132685,134.4909090909091,45691,8,0.46147075778475327,0.01633610822307231,28.06152127919424,0.004975124378109453,0.0,0,0.8589254157225651,0.0048744370607177534,12.506344799162363,0.004975124378109453,0.0,0,0.808126059746198,0.007964009217192175,14.033226671593644,0.004975124378109453,0.0,0
whale,skip,geometric,5.0,11,0.5,0.9238899513334231,0,0.35500832593711856,158.16363636363636,45427,8,0.501631805297696,0.014208643657030694,29.718399322850647,0.004975124378109453,0.0,0,0.8576128446125505,0.007208569229440963,9.194211030142595,0.004975124378109453,0.0,0,0.8179380648211848,0.008360033696284212,12.673619552434435,0.004975124378109453,0.0,0
whale,skip,geometric,5.0,12,0.5,0.9158665753255333,0,0.3455090463661961,140.3272727272727,44746,8,0.48692051147613635,0.015106959949446802,28.393936654681102,0.004975124378109453,0.0,0,0.8632037021893787,0.006384872625751552,8.24806949534968,0.004975124378109453,0.0,0,0.8223847991924067,0.007760540271392943,12.045781977025614,0.004975124378109453,0.0,0
whale,skip,geometric,5.0,13,0.5,0.9208990904601617,0,0.35571144131760546,131.9090909090909,45551,8,0.4561749396934043,0.016885603050896848,27.521916117889226,0.004975124378109453,0.0,0,0.8636343370636018,0.006417712652290064,8.922922620433283,0.004975124378109453,0.0,0,0.8217744224284975,0.007416102157093921,13.366141125341139,0.004975124378109453,0.0,0
whale,skip,geometric,5.0,14,0.5,0.9259897046062728,0,0.38283029264618257,136.56363636363636,46137,8,0.46866570048744627,0.01618149949023317,28.26215236695822,0.004975124378109453,0.0,0,0.8636842303116399,0.006624535442728421,9.405259407740665,0.004975124378109453,0.0,0,0.8258942070601265,0.007832308800278978,12.77982011416366,0.004975124378109453,0.0,0
whale,skip,geometric,5.0,15,0.5,0.9043465259918156,0,0.3924293986169865,141.2,45109,8,0.48414119289163543,0.016395188950954865,25.62979507934901,0.004975124378109453,0.0,0,0.8519775996404636,0.0073205377364112005,7.153699391627647,0.004975124378109453,0.0,0,0.8144926309210024,0.008086781624515796,11.111205822401974,0.004975124378109453,0.0,0
whale,skip,geometric,5.0,16,0.5,0.9153165786158539,0,0.370333924216793,154.12727272727273,45762,8,0.5036353858760684,0.014101053481941649,29.195066401740856,0.004975124378109453,0.0,0,0.8704701854717366,0.005830857278469294,7.691217775079947,0.004975124378109453,0.0,0,0.832235772289572,0.007496743985827765,11.082252039464356,0.004975124378109453,0.0,0
whale,skip,geometric,5.0,17,0.5,0.9229578736906318,0,0.36333483985844184,132.4,45831,8,0.4798554234325115,0.014980222229582884,29.579164011538047,0.004975124378109453,0.0,0,0.8609617301528951,0.007308252640274946,8.483032345663991,0.004975124378109453,0.0,0,0.8231355425263512,0.008285315695868559,12.048102308769785,0.004975124378109453,0.0,0
whale,skip,geometric,5.0,18,0.5,0.911721932303911,0,0.3712651803356591,138.03636363636363,45496,8,0.4978672472144626,0.01498194954921708,27.623553512171277,0.004975124378109453,0.0,0,0.8761856069269597,0.004206281376275856,8.448394721613779,0.004975124378109453,0.0,0,0.821768610278767,0.007225101651678663,12.45011161943229,0.004975124378109453,0.0,0
whale,skip,geometric,5.0,19,0.5,0.9132776127299127,0,0.3986051708969128,153.6,46527,8,0.5046171103692798,0.01559023648214639,26.21259163250168,0.004975124378109453,0.0,0,0.8626768234714106,0.006969494914008279,7.260323722569543,0.004975124378109453,0.0,0,0.8159879498909962,0.009294702310120057,10.467216656631129,0.004975124378109453,0.0,0
whale,skip,geometric,5.0,20,0.5,0.9257579943827476,0,0.37012248689937594,153.85454545454544,46034,8,0.4987130609434527,0.015417112878409137,27.69941018187323,0.004975124378109453,0.0,0,0.8785258639887181,0.0065699734561105675,7.1890899878903,0.004975124378109453,0.0,0,0.8248304353444132,0.008025108121057514,12.576473427629606,0.004975124378109453,0.0,0
whale,skip,geometric,5.0,21,0.5,0.9204408107914267,0,0.38139343103243456,130.54545454545453,45389,8,0.4814968868727465,0.015708163346294875,27.943682163339293,0.004975124378109453,0.0,0,0.8575727749181193,0.00626031998510281,10.042303911446933,0.004975124378109453,0.0,0,0.8095289500313771,0.00964262479699034,11.50224789360957,0.004975124378109453,0.0,0
whale,skip,geometric,5.0,22,0.5,0.9230362442216923,0,0.3905238582609243,157.9090909090909,46189,8,0.4956618992202435,0.015443149084669166,27.67404126310708,0.004975124378109453,0.0,0,0.8772686838242353,0.004555085400455468,10.047574605929595,0.004975124378109453,0.0,0,0.8226772170549834,0.008456598914391135,11.867540152096073,0.004975124378109453,0.0,0
whale,skip,geometric,5.0,23,0.5,0.9184455742196015,0,0.36518899415459133,156.16363636363636,44837,8,0.48578593409654225,0.01581726115775178,27.353638269481305,0.004975124378109453,0.0,0,0.8668209645591365,0.005759924615564803,8.962723144147057,0.004975124378109453,0.0,0,0.8350071642514857,0.0071204754529365895,11.718095304114076,0.004975124378109453,0.0,0
whale,skip,geometric,5.0,24,0.5,0.9198366147402559,0,0.3920104425949353,146.05454545454546,45674,8,0.4584447578080156,0.015104146933310185,30.54736285137044,0.004975124378109453,0.0,0,0.8649416687946626,0.0065062878716247744,8.43721443451667,0.004975124378109453,0.0,0,0.8240953078977927,0.008692253841461751,11.01455486559544,0.004975124378109453,0.0,0
whale,skip,geometric,5.0,25,0.5,0.9237788657003334,0,0.35773938581442655,138.72727272727272,44919,8,0.45756864625488675,0.014343278702401851,32.50374123786478,0.004975124378109453,0.0,0,0.8589099425717899,0.006673393844364791,9.720529709679992,0.004975124378109453,0.0,0,0.8225693943610872,0.008570693078388415,11.808784938811161,0.004975124378109453,0.0,0
whale,skip,geometric,5.0,26,0.5,0.9275457468827519,0,0.37240522219936134,141.3272727272727,45833,8,0.4660196928866682,0.016253727451426447,28.395090010911904,0.004975124378109453,0.0,0,0.8734645256528818,0.00443044073031293,12.206736196660572,0.004975124378109453,0.0,0,0.8327066647958978,0.007658270131859489,12.383877880242181,0.004975124378109453,0.0,0
whale,skip,geometric,5.0,27,0.5,0.9159511747975488,0,0.38604702958696296,163.56363636363636,45748,8,0.5229426934965739,0.013805841794918765,28.46682492375232,0.004975124378109453,0.0,0,0.8798319688152897,0.00458659925824193,7.874942620581998,0.004975124378109453,0.0,0,0.8404562376334481,0.006451553448873244,11.701823097704603,0.004975124378109453,0.0,0
whale,skip,geometric,5.0,28,0.5,0.9171400582398981,0,0.3596588708356043,129.8909090909091,45451,8,0.46640274468911064,0.016063298575142135,28.0600719361776,0.004975124378109453,0.0,0,0.8550973130157328,0.005929859786344765,10.46276766392299,0.004975124378109453,0.0,0,0.8148787797114612,0.007664083815461068,13.342922779907637,0.004975124378109453,0.0,0
whale,skip,geometric,5.0,29,0.5,0.9083214667842765,0,0.37831377987065357,129.98181818181817,45049,8,0.4705697873278063,0.015606820158582434,28.0487424733823,0.004975124378109453,0.0,0,0.8576802254908368,0.006995364349239897,7.239257137327279,0.004975124378109453,0.0,0,0.8146158107051061,0.008186374321927724,11.446539382907742,0.004975124378109453,0.0,0
