regime,structure,undefined_policy,law,stickiness,dataset,threshold,n_themes,variants_per_theme,phrases_per_cycle,observed_mean_r2,observed_undefined_groups,observed_mean_slope,observed_mean_unit_types,boundary_f1,cuts_per_sequence,elements_total,n_groups,shuffle_mean,shuffle_sd,shuffle_z,shuffle_p,shuffle_undefined_rate,shuffle_dropped_replicates,rotate_mean,rotate_sd,rotate_z,rotate_p,rotate_undefined_rate,rotate_dropped_replicates,bigram_mean,bigram_sd,bigram_z,bigram_p,bigram_undefined_rate,bigram_dropped_replicates
whale,song,zero,zipf,0.0,0,0.5,8,3,40.0,0.9135020036061292,0,-1.1666947649250758,123.5,0.5058040355484044,178.4181818181818,45732,8,0.6711348653598861,0.010026793622089325,24.171948419512802,0.004975124378109453,0.0,0,0.894149582666592,0.004952408664683446,3.907678515616654,0.004975124378109453,0.0,0,0.9002675594178765,0.0061714318418015085,2.1444689866961935,0.004975124378109453,0.0,0
whale,song,zero,zipf,0.0,1,0.5,8,3,40.0,0.899687627428565,0,-1.2797990354086943,100.625,0.6442285535554001,205.85454545454544,45668,8,0.6719951656783946,0.010799349937819249,21.083904407319277,0.004975124378109453,0.0,0,0.9021667948562585,0.004404412172792938,-0.5628827027152183,0.7014925373134329,0.0,0,0.9229818700435607,0.004015106698376513,-5.801649710682555,1.0,0.0,0
whale,song,zero,zipf,0.0,2,0.5,8,3,40.0,0.9223279804508274,0,-1.249792711925088,108.25,0.6048147516449307,188.72727272727272,45814,8,0.6610236041544821,0.010323254331354836,25.312209494120967,0.004975124378109453,0.0,0,0.8901570473734298,0.00551709451531825,5.831136839884615,0.004975124378109453,0.0,0,0.9196195386766034,0.004700444735245919,0.576209683716731,0.30845771144278605,0.0,0
whale,song,zero,zipf,0.0,3,0.5,8,3,40.0,0.9214083357560061,0,-1.2249003200736506,116.5,0.5342501083096468,175.56363636363636,45646,8,0.6686210261254107,0.011796351087890455,21.429279931325052,0.004975124378109453,0.0,0,0.8884540683409514,0.004734178658041175,6.9609260223166,0.004975124378109453,0.0,0,0.9059431913208243,0.004743799307424984,3.2600756130167134,0.004975124378109453,0.0,0
whale,song,zero,zipf,0.0,4,0.5,8,3,40.0,0.915677447457216,0,-1.3002427278090147,107.0,0.5615113179462186,195.34545454545454,45835,8,0.6711058977465453,0.010527456021041333,23.231780709588634,0.004975124378109453,0.0,0,0.9084375493617048,0.004050211430878859,1.7875358407993491,0.03482587064676617,0.0,0,0.9158064824217892,0.005445685266689014,-0.02369489940273851,0.5572139303482587,0.0,0
whale,song,zero,zipf,0.0,5,0.5,8,3,40.0,0.8969865655790944,0,-1.2774559334379028,100.5,0.5977073055418737,176.29090909090908,45617,8,0.6757817800006279,0.00965619359896796,22.908072762968267,0.004975124378109453,0.0,0,0.8970835540587617,0.004337324976366899,-0.022361358716673108,0.4975124378109453,0.0,0,0.9209160326759936,0.00481275073501164,-4.972097749176568,1.0,0.0,0
whale,song,zero,zipf,0.0,6,0.5,8,3,40.0,0.8941002554550393,0,-1.2616848337602857,100.875,0.6000752826658221,190.5818181818182,45496,8,0.6877294801589323,0.009133495899001956,22.594938189949563,0.004975124378109453,0.0,0,0.9031836429538057,0.004942352578392276,-1.8378671603637682,0.9601990049751243,0.0,0,0.9198205997249792,0.005502475957850267,-4.67432197195613,1.0,0.0,0
whale,song,zero,zipf,0.0,7,0.5,8,3,40.0,0.9077608806695174,0,-1.2057910455452365,115.375,0.5570663437408462,186.45454545454547,46076,8,0.6751853657911547,0.009193934481183115,25.2966252211571,0.004975124378109453,0.0,0,0.8960720630251806,0.004152589555587632,2.814826143510526,0.009950248756218905,0.0,0,0.9183148250812262,0.004381707207199194,-2.4086375270279383,1.0,0.0,0
whale,song,zero,zipf,0.0,8,0.5,8,3,40.0,0.8977212955147683,0,-1.2558101857754238,110.5,0.5832595368614969,199.2,45737,8,0.6647648028323511,0.010373070343359866,22.45781480037298,0.004975124378109453,0.0,0,0.8998874221173071,0.004722291224835398,-0.45870246018431243,0.6766169154228856,0.0,0,0.9140472930637354,0.006077189810257892,-2.6864386433035103,0.9900497512437811,0.0,0
whale,song,zero,zipf,0.0,9,0.5,8,3,40.0,0.9176879889489107,0,-1.272757642629843,114.625,0.5670921872116567,198.27272727272728,45524,8,0.6626729951109489,0.010141615750487025,25.14540090179569,0.004975124378109453,0.0,0,0.9005263180043737,0.004363115854618671,3.9333521080743625,0.004975124378109453,0.0,0,0.9207762632235184,0.003912833715454214,-0.7892679574933521,0.7810945273631841,0.0,0
whale,song,zero,zipf,0.0,10,0.5,8,3,40.0,0.8977700835477116,0,-1.2420570472840535,102.0,0.5579284993282039,183.3272727272727,45612,8,0.6682212152830368,0.011613805900985269,19.765171746602103,0.004975124378109453,0.0,0,0.8961642925323057,0.0048502289085924155,0.3310753050358479,0.3781094527363184,0.0,0,0.9137251868995594,0.0055449681638361226,-2.8774021564101697,0.9950248756218906,0.0,0
whale,song,zero,zipf,0.0,11,0.5,8,3,40.0,0.9222980259423931,0,-1.2459684748361353,112.0,0.6014038719639558,195.5818181818182,45888,8,0.6651110091819696,0.011392311935045557,22.5754893499056,0.004975124378109453,0.0,0,0.8955842076470029,0.005584242342759617,4.783785633878632,0.004975124378109453,0.0,0,0.9124432432979387,0.004997832069149725,1.9718114790781611,0.01990049751243781,0.0,0
whale,song,zero,zipf,0.0,12,0.5,8,3,40.0,0.9123910837703229,0,-1.2458339658570445,116.375,0.5909511465520235,182.25454545454545,45737,8,0.6789684629329062,0.009628217887849016,24.243595601632588,0.004975124378109453,0.0,0,0.886585377667469,0.005816014418455045,4.437008618989772,0.004975124378109453,0.0,0,0.9219231640399346,0.004030314816144742,-2.365095707022156,0.9900497512437811,0.0,0
whale,song,zero,zipf,0.0,13,0.5,8,3,40.0,0.8899142416813739,0,-1.195347895591012,123.75,0.5176383556458671,176.21818181818182,45984,8,0.6573758180753925,0.011031900257639619,21.078727886879506,0.004975124378109453,0.0,0,0.888822547734683,0.004700312200805902,0.23225987978067983,0.43781094527363185,0.0,0,0.905113740080849,0.004839102174575533,-3.1409748856580686,0.9950248756218906,0.0,0
whale,song,zero,zipf,0.0,14,0.5,8,3,40.0,0.9059046022414338,0,-1.1880831919791945,118.875,0.5296357419624101,168.8,46024,8,0.6182870559167872,0.013785264222279717,20.864130109294504,0.004975124378109453,0.0,0,0.886571186674123,0.005844618067783474,3.307900592149859,0.004975124378109453,0.0,0,0.9004607768369257,0.005254729083133689,1.0359859316023186,0.14925373134328357,0.0,0
whale,song,zero,zipf,0.0,15,0.5,8,3,40.0,0.9060845083400526,0,-1.32105877665221,93.5,0.5630774151434128,214.96363636363637,45798,8,0.7025538796254236,0.009753927371913858,20.86653108579518,0.004975124378109453,0.0,0,0.9106281632919884,0.004670268222852641,-0.9728895076524012,0.8407960199004975,0.0,0,0.9267151445502271,0.004480871177731506,-4.6041574041900875,1.0,0.0,0
whale,song,zero,zipf,0.0,16,0.5,8,3,40.0,0.9080582755718495,0,-1.1832986678646433,122.5,0.5512198848365418,167.25454545454545,45933,8,0.6665901089341214,0.010434945132066836,23.14033888838482,0.004975124378109453,0.0,0,0.882042239746736,0.005695645654830212,4.567706174461622,0.004975124378109453,0.0,0,0.9090468874492881,0.005323197768560894,-0.18571766829280548,0.5970149253731343,0.0,0
whale,song,zero,zipf,0.0,17,0.5,8,3,40.0,0.8970368806655089,0,-1.2942869732264062,108.125,0.6065220179778092,207.14545454545456,45475,8,0.6908276651428602,0.009209900715365834,22.38994989149106,0.004975124378109453,0.0,0,0.9049219103141781,0.004794067797287379,-1.6447472130308196,0.9353233830845771,0.0,0,0.9166098328699916,0.004828321660571474,-4.053779673445805,1.0,0.0,0
whale,song,zero,zipf,0.0,18,0.5,8,3,40.0,0.9081852961643777,0,-1.2188040094554156,115.125,0.5073398230159998,186.6,45656,8,0.6747843983872706,0.011057194257525655,21.108510200790928,0.004975124378109453,0.0,0,0.8947036947512907,0.005413819824624085,2.4902198170259706,0.024875621890547265,0.0,0,0.9047132108500072,0.0055981526882792985,0.6202198310238839,0.31840796019900497,0.0,0
whale,song,zero,zipf,0.0,19,0.5,8,3,40.0,0.8794646918992424,0,-1.2920129787457881,90.875,0.6010961338506865,184.6727272727273,45645,8,0.6699931661136648,0.009622282155161454,21.76942251409825,0.004975124378109453,0.0,0,0.9050227284140249,0.0037491331302653545,-6.817052269619875,1.0,0.0,0,0.9210103172592875,0.005054383101944642,-8.219722273141645,1.0,0.0,0
whale,song,zero,zipf,0.0,20,0.5,8,3,40.0,0.9131751657956793,0,-1.2210391357280388,123.375,0.5561345357122148,183.8,45543,8,0.6607908682743964,0.009992953341028092,25.256226953954453,0.004975124378109453,0.0,0,0.8997920001375641,0.004564906788896362,2.931750039380484,0.009950248756218905,0.0,0,0.916768073642829,0.004067220925887818,-0.8833815306861985,0.8109452736318408,0.0,0
whale,song,zero,zipf,0.0,21,0.5,8,3,40.0,0.8775655912165345,0,-1.1898653961993528,103.625,0.5521351908456666,183.56363636363636,45468,8,0.6313275524720676,0.011651389848595336,21.133791070783953,0.004975124378109453,0.0,0,0.8953251639213115,0.004680672193373106,-3.7942355223937496,1.0,0.0,0,0.9178505301740987,0.0049926775800281,-8.068804426449143,1.0,0.0,0
whale,song,zero,zipf,0.0,22,0.5,8,3,40.0,0.9115572826653142,0,-1.1957408450739677,116.75,0.5185581413925405,163.43636363636364,45700,8,0.6652151586481715,0.009209525130066263,26.748623901672364,0.004975124378109453,0.0,0,0.895230848192106,0.004689504867192689,3.481483639653808,0.004975124378109453,0.0,0,0.9127006589361844,0.005328507096324673,-0.2145772258910521,0.582089552238806,0.0,0
whale,song,zero,zipf,0.0,23,0.5,8,3,40.0,0.8972135803841456,0,-1.2827042302000073,104.875,0.5729789841487314,186.6727272727273,45869,8,0.6923897197367004,0.00899036636641684,22.782593311498037,0.004975124378109453,0.0,0,0.9024056509137681,0.004400992748360379,-1.1797498488396518,0.9054726368159204,0.0,0,0.9155764009155933,0.0051759161913299415,-3.547743018367824,1.0,0.0,0
whale,song,zero,zipf,0.0,24,0.5,8,3,40.0,0.9109491800735319,0,-1.2335416996262585,119.0,0.5860020882643253,183.43636363636364,45739,8,0.6606403609293184,0.010941089301536176,22.877870040697776,0.004975124378109453,0.0,0,0.8927872946000128,0.004564164630514827,3.979235400952316,0.004975124378109453,0.0,0,0.914359530493768,0.004674559995772714,-0.7295553856020917,0.7611940298507462,0.0,0
whale,song,zero,zipf,0.0,25,0.5,8,3,40.0,0.9155138723803722,0,-1.2647884438407446,110.875,0.5554837488444672,198.0,45699,8,0.6764149380168121,0.008973519887812814,26.644943940926346,0.004975124378109453,0.0,0,0.9020082005689852,0.004646651919357269,2.906538308824965,0.014925373134328358,0.0,0,0.9184989449800249,0.005073191431485059,-0.5884013327640071,0.7213930348258707,0.0,0
whale,song,zero,zipf,0.0,26,0.5,8,3,40.0,0.8893395888443902,0,-1.1962886808306017,104.0,0.5350118485898246,169.4909090909091,46038,8,0.6757484740592762,0.010208039452880525,20.923813605054445,0.004975124378109453,0.0,0,0.8947522228573703,0.005504644956745287,-0.983284854066301,0.7960199004975125,0.0,0,0.9117960796968445,0.00557058001644741,-4.031266185235717,1.0,0.0,0
whale,song,zero,zipf,0.0,27,0.5,8,3,40.0,0.9073004026453555,0,-1.2444036679793316,103.875,0.5576895525737602,182.83636363636364,45828,8,0.6872585403031917,0.008589100135795717,25.61873291302344,0.004975124378109453,0.0,0,0.9015646530181946,0.0045603516683167195,1.2577428330824496,0.0945273631840796,0.0,0,0.9221018410866031,0.00454944348379307,-3.253461328616613,1.0,0.0,0
whale,song,zero,zipf,0.0,28,0.5,8,3,40.0,0.921794323186478,0,-1.2409896256693858,120.75,0.5500584922371856,178.23636363636365,45944,8,0.6483021336110184,0.010702680057220654,25.553617235427474,0.004975124378109453,0.0,0,0.8790970128055338,0.007848257190006811,5.440355654413411,0.004975124378109453,0.0,0,0.9073811610185379,0.005927789172762847,2.4314566101922184,0.009950248756218905,0.0,0
whale,song,zero,zipf,0.0,29,0.5,8,3,40.0,0.9114507621327194,0,-1.2084507587812858,110.875,0.5585410565173534,180.43636363636364,45773,8,0.6524587620227049,0.010893460647171851,23.77499754196603,0.004975124378109453,0.0,0,0.8927862406807079,0.006035539466964509,3.092436318935801,0.009950248756218905,0.0,0,0.9117230647302561,0.005438896495536944,-0.050065780395010404,0.5870646766169154,0.0,0
whale,song,zero,zipf,0.8,0,0.5,8,3,40.0,0.9180773635955671,0,-1.3185962112000567,104.875,0.47862420790335997,183.21818181818182,45796,8,0.6885535882921485,0.008822740768942428,26.015019744361293,0.004975124378109453,0.0,0,0.9130343138267338,0.003927547514648273,1.2840200532328687,0.10945273631840796,0.0,0,0.9105812032362971,0.005571026178812915,1.345561862153613,0.08955223880597014,0.0,0
whale,song,zero,zipf,0.8,1,0.5,8,3,40.0,0.9243897623468352,0,-1.2807298511667986,109.625,0.43129501517307,162.01818181818183,45906,8,0.6466440561291094,0.009981519256166319,27.82599513056511,0.004975124378109453,0.0,0,0.9094425581718129,0.0046621635841151,3.2060660046229215,0.014925373134328358,0.0,0,0.9094670113767139,0.004896180592102922,3.04783508071379,0.004975124378109453,0.0,0
whale,song,zero,zipf,0.8,2,0.5,8,3,40.0,0.9220673242700959,0,-1.2113975847115228,116.5,0.4377182513280117,157.12727272727273,45429,8,0.6605674214417279,0.01128827909726918,23.165612807325882,0.004975124378109453,0.0,0,0.9055569628070055,0.004667433016037791,3.5373537030652678,0.004975124378109453,0.0,0,0.909920437866457,0.005159719211237813,2.354175858481412,0.01990049751243781,0.0,0
whale,song,zero,zipf,0.8,3,0.5,8,3,40.0,0.9258951223984386,0,-1.1961438743976482,117.375,0.4291977915443346,143.6909090909091,45419,8,0.6390322028949501,0.011032011369582123,26.00277591214579,0.004975124378109453,0.0,0,0.8939513406484965,0.004749320182976129,6.72596930071049,0.004975124378109453,0.0,0,0.9048273199678403,0.005310144943211796,3.96746278225989,0.004975124378109453,0.0,0
whale,song,zero,zipf,0.8,4,0.5,8,3,40.0,0.919849419327444,0,-1.2781669481406952,106.25,0.4478652903581035,185.0,46041,8,0.6717643245775534,0.009657323845535349,25.68880351512517,0.004975124378109453,0.0,0,0.9119948716965185,0.004249719118563159,1.848251004781974,0.03482587064676617,0.0,0,0.9136365122301213,0.005124622597823862,1.2123638333798408,0.12437810945273632,0.0,0
whale,song,zero,zipf,0.8,5,0.5,8,3,40.0,0.9325173021226267,0,-1.1907124112375316,117.0,0.4194708738858547,143.83636363636364,45469,8,0.6398503114730886,0.0136231337683146,21.483088665710557,0.004975124378109453,0.0,0,0.8967072296272403,0.004938876545467086,7.250651472196255,0.004975124378109453,0.0,0,0.9098875557858784,0.004822027086933471,4.692994445856484,0.004975124378109453,0.0,0
whale,song,zero,zipf,0.8,6,0.5,8,3,40.0,0.930537649663279,0,-1.2153591299142836,109.375,0.41685439592966284,158.16363636363636,45637,8,0.653832260906841,0.010900308545388124,25.385096908427506,0.004975124378109453,0.0,0,0.8944891652295232,0.006458552527356132,5.581511380617761,0.004975124378109453,0.0,0,0.9032376591786618,0.007149103655835441,3.8186592052464667,0.004975124378109453,0.0,0
whale,song,zero,zipf,0.8,7,0.5,8,3,40.0,0.9291153046633631,0,-1.2537317676364874,119.875,0.4232728168488376,171.92727272727274,45851,8,0.6777367318475718,0.011710914359176473,21.465324150271442,0.004975124378109453,0.0,0,0.9052909954144605,0.004556881456922574,5.228204743555493,0.004975124378109453,0.0,0,0.9048483621992431,0.004821644961142238,5.0329177406648355,0.004975124378109453,0.0,0
whale,song,zero,zipf,0.8,8,0.5,8,3,40.0,0.9348374953951115,0,-1.303448521226228,103.75,0.4500141197064348,170.94545454545454,45911,8,0.6638746442153187,0.010036289094387625,26.998310693473094,0.004975124378109453,0.0,0,0.9058822867935932,0.0038901509660798188,7.443209493408703,0.004975124378109453,0.0,0,0.9066655364204262,0.00567024950073659,4.968380839507259,0.004975124378109453,0.0,0
whale,song,zero,zipf,0.8,9,0.5,8,3,40.0,0.9322914963661438,0,-1.207157819294483,121.375,0.3577011064739956,159.85454545454544,46173,8,0.6817337014648505,0.009408987273120365,26.629624169764575,0.004975124378109453,0.0,0,0.8998412535904922,0.00637250818785033,5.092224571405105,0.004975124378109453,0.0,0,0.9075952888850509,0.005643846923091984,4.375775568973633,0.004975124378109453,0.0,0
whale,song,zero,zipf,0.8,10,0.5,8,3,40.0,0.9234903142417796,0,-1.2205105654383592,117.5,0.44165374958176984,163.1818181818182,46363,8,0.6806763268768978,0.009192560796468997,26.41418346214804,0.004975124378109453,0.0,0,0.9031978096068368,0.004739831093330636,4.28127168149434,0.004975124378109453,0.0,0,0.9127380618117718,0.00472573933446163,2.275252964461868,0.009950248756218905,0.0,0
whale,song,zero,zipf,0.8,11,0.5,8,3,40.0,0.9249596309406553,0,-1.2355599973958062,116.0,0.4045748063980155,154.65454545454546,45720,8,0.6410156234769389,0.011384400960821012,24.941497443817994,0.004975124378109453,0.0,0,0.9059559405461047,0.004078544955914135,4.659428938497792,0.004975124378109453,0.0,0,0.9034721326507946,0.0066617863242818195,3.225485964858999,0.004975124378109453,0.0,0
whale,song,zero,zipf,0.8,12,0.5,8,3,40.0,0.9307940553015148,0,-1.2435129423137787,102.875,0.45521249503553496,162.23636363636365,45536,8,0.6305150712884905,0.012732153243054383,23.58430489177719,0.004975124378109453,0.0,0,0.9029258335935887,0.004809461754114419,5.794457494975464,0.004975124378109453,0.0,0,0.9049791283321582,0.0063872188609882165,4.041653735560673,0.004975124378109453,0.0,0
whale,song,zero,zipf,0.8,13,0.5,8,3,40.0,0.9370541177680498,0,-1.2802618638477203,108.375,0.4574995732900911,172.8909090909091,45977,8,0.6888457103742315,0.009932958219850867,24.988367201402053,0.004975124378109453,0.0,0,0.9049152839356006,0.006650259805122977,4.832718536453462,0.004975124378109453,0.0,0,0.9083323308118614,0.005123436953894968,5.605960845161449,0.004975124378109453,0.0,0
whale,song,zero,zipf,0.8,14,0.5,8,3,40.0,0.9329068558328587,0,-1.2373285203168076,107.75,0.44705143683272525,159.43636363636364,45844,8,0.677071053035609,0.009289274663403216,27.540988082219304,0.004975124378109453,0.0,0,0.9025567624226221,0.005178525608525171,5.860759549064055,0.004975124378109453,0.0,0,0.9133448456164415,0.004816459511767589,4.0614916763284885,0.004975124378109453,0.0,0
whale,song,zero,zipf,0.8,15,0.5,8,3,40.0,0.9164613423641319,0,-1.2587275784823144,116.75,0.3984711030173305,170.6727272727273,45698,8,0.6670636023340083,0.011211766351845958,22.244286243894262,0.004975124378109453,0.0,0,0.910064754890683,0.003954249994932648,1.617648727735007,0.05970149253731343,0.0,0,0.9038400860331276,0.005885635540729781,2.144416901736894,0.009950248756218905,0.0,0
whale,song,zero,zipf,0.8,16,0.5,8,3,40.0,0.9199200169309585,0,-1.2697399330048538,102.0,0.4225709629592727,167.25454545454545,46225,8,0.6647657811378694,0.011362585653241398,22.455649055574014,0.004975124378109453,0.0,0,0.9092587557730198,0.0039028854437089767,2.7316356863928517,0.009950248756218905,0.0,0,0.9131262159352128,0.005809308802128517,1.1694680429548583,0.12935323383084577,0.0,0
whale,song,zero,zipf,0.8,17,0.5,8,3,40.0,0.9244274641770505,0,-1.2477540213760778,105.375,0.444479806132562,162.54545454545453,45864,8,0.6756608263985615,0.010232932671417928,24.31039524703709,0.004975124378109453,0.0,0,0.9094452375133215,0.004128571667616798,3.6289128226221106,0.004975124378109453,0.0,0,0.9182245672910969,0.004713939794946661,1.315862559934059,0.07462686567164178,0.0,0
whale,song,zero,zipf,0.8,18,0.5,8,3,40.0,0.9210823181009995,0,-1.257856420388935,109.0,0.4248376252853458,174.5090909090909,45772,8,0.6777579130675159,0.010284374837826708,23.65962043103661,0.004975124378109453,0.0,0,0.9050999659149681,0.0045370705571417735,3.5226148645349307,0.004975124378109453,0.0,0,0.9151331875127461,0.0048413863730989645,1.2288072320171763,0.11940298507462686,0.0,0
whale,song,zero,zipf,0.8,19,0.5,8,3,40.0,0.9285467801627184,0,-1.2288192812895644,110.0,0.4258434066719628,154.07272727272726,45443,8,0.6525116265991671,0.010615150650111678,26.003884698579128,0.004975124378109453,0.0,0,0.8992642852552936,0.004943994794489459,5.922840966593029,0.004975124378109453,0.0,0,0.9018395764816742,0.006043564614018875,4.419114444328628,0.004975124378109453,0.0,0
whale,song,zero,zipf,0.8,20,0.5,8,3,40.0,0.9166124043063408,0,-1.23104376695786,105.25,0.4243762289377587,173.8909090909091,45981,8,0.6791520870347916,0.011104666259768275,21.383831960070488,0.004975124378109453,0.0,0,0.8960626657741732,0.00685214892533404,2.9990210014540644,0.004975124378109453,0.0,0,0.9037143333189337,0.005777669873473854,2.2324001318635585,0.004975124378109453,0.0,0
whale,song,zero,zipf,0.8,21,0.5,8,3,40.0,0.9317838462089298,0,-1.2685361799572874,112.375,0.44591622459249175,172.74545454545455,45457,8,0.6655365404844145,0.010504781432653314,25.34534463486369,0.004975124378109453,0.0,0,0.9092219501987961,0.005609537190301368,4.022060153044743,0.004975124378109453,0.0,0,0.915833384023794,0.004874074174529059,3.272511171145033,0.004975124378109453,0.0,0
whale,song,zero,zipf,0.8,22,0.5,8,3,40.0,0.9250099621585898,0,-1.2553526876956638,111.625,0.47102676396880466,154.14545454545456,45037,8,0.6630387472019382,0.011659473213019309,22.468529252601808,0.004975124378109453,0.0,0,0.8942676825550996,0.00577609366231285,5.322330523148136,0.004975124378109453,0.0,0,0.9051105836657848,0.006231665118371174,3.193268270167615,0.004975124378109453,0.0,0
whale,song,zero,zipf,0.8,23,0.5,8,3,40.0,0.9464711379108983,0,-1.2359409356128308,123.75,0.42948298747025815,151.92727272727274,45714,8,0.6570111967794107,0.009795239934488869,29.551082267245363,0.004975124378109453,0.0,0,0.9053109905482789,0.004257165563942862,9.668439421580327,0.004975124378109453,0.0,0,0.9175574597284468,0.004457079560892191,6.487135306299924,0.004975124378109453,0.0,0
whale,song,zero,zipf,0.8,24,0.5,8,3,40.0,0.9191742597275001,0,-1.3385365146095975,93.875,0.4115738366150528,180.34545454545454,46034,8,0.6900605835549857,0.008674047710522423,26.413697943415546,0.004975124378109453,0.0,0,0.9191785806803422,0.0049978143884063415,-0.0008645684906003362,0.527363184079602,0.0,0,0.9044064886351671,0.007047218067624906,2.095546207116318,0.009950248756218905,0.0,0
whale,song,zero,zipf,0.8,25,0.5,8,3,40.0,0.9256266215280557,0,-1.2709163995771235,106.625,0.4178306981189937,177.45454545454547,45698,8,0.6744388517267581,0.010985285271978657,22.86583949185454,0.004975124378109453,0.0,0,0.9021270964476554,0.004852763986459924,4.842503189103814,0.004975124378109453,0.0,0,0.8977578483049855,0.007218700500414685,3.8606357503638353,0.004975124378109453,0.0,0
whale,song,zero,zipf,0.8,26,0.5,8,3,40.0,0.9337896305981148,0,-1.2098581278591958,118.375,0.4307454471140033,152.07272727272726,45958,8,0.6677574220885848,0.010324918351117283,25.766035087409872,0.004975124378109453,0.0,0,0.902930999993497,0.004698777567345411,6.567374207937125,0.004975124378109453,0.0,0,0.9153170914054571,0.005557655445255487,3.3238007239954923,0.004975124378109453,0.0,0
whale,song,zero,zipf,0.8,27,0.5,8,3,40.0,0.9142727571587355,0,-1.2455439312488101,98.625,0.4276771808449264,166.63636363636363,45582,8,0.692440977686437,0.010165325577072965,21.822397894723743,0.004975124378109453,0.0,0,0.8931417972285374,0.005934183878254665,3.5608872868990082,0.004975124378109453,0.0,0,0.8887264644437923,0.0072437614621430006,3.5266612309712215,0.004975124378109453,0.0,0
whale,song,zero,zipf,0.8,28,0.5,8,3,40.0,0.9191474067029308,0,-1.2781382881105599,99.75,0.440198946194316,163.61818181818182,45785,8,0.6401852644324201,0.011160684064737997,24.99507562909044,0.004975124378109453,0.0,0,0.9048270836797897,0.005043190381199771,2.839536472096128,0.01990049751243781,0.0,0,0.9195635067341981,0.005151923441307735,-0.08076595780344532,0.5373134328358209,0.0,0
whale,song,zero,zipf,0.8,29,0.5,8,3,40.0,0.9356143795333118,0,-1.1903579632320502,110.25,0.4264348425362374,144.6909090909091,45852,8,0.6569930838327113,0.009618633855230775,28.96682625558947,0.004975124378109453,0.0,0,0.8955772754992789,0.005432191615874575,7.370340898327648,0.004975124378109453,0.0,0,0.9020237076834318,0.006795713755106707,4.942920355442873,0.004975124378109453,0.0,0
whale,song,zero,uniform,0.0,0,0.5,8,3,40.0,0.7356186421295499,0,-1.343420612427975,74.875,0.764662936294557,227.83636363636364,45756,8,0.5114569924514701,0.016375717799040464,13.688661005822565,0.004975124378109453,0.0,0,0.8850271058731163,0.003898172706153166,-38.32782049592851,1.0,0.0,0,0.8710688966153242,0.006512101782901859,-20.79977540299075,1.0,0.0,0
whale,song,zero,uniform,0.0,1,0.5,8,3,40.0,0.802750011096034,0,-1.2610542675058813,100.625,0.684362722527057,215.87272727272727,45836,8,0.5054265310041162,0.014934234384314987,19.908853205370107,0.004975124378109453,0.0,0,0.8580150494201121,0.007292446857281259,-7.578394386089736,1.0,0.0,0,0.8213893816420621,0.008583840018244585,-2.1714489676427866,0.9900497512437811,0.0,0
whale,song,zero,uniform,0.0,2,0.5,8,3,40.0,0.7527805224048028,0,-1.281765394510541,81.25,0.7194634280739343,212.25454545454545,45637,8,0.5135353110722689,0.014520688572263778,16.476161591229243,0.004975124378109453,0.0,0,0.875172849194757,0.005516119962102074,-22.188119118300175,1.0,0.0,0,0.843986104339973,0.007441409009448952,-12.256493604821241,1.0,0.0,0
whale,song,zero,uniform,0.0,3,0.5,8,3,40.0,0.8403062394878105,0,-1.3601718104456673,102.875,0.7102233258035209,231.0,45736,8,0.5421399361517735,0.015311170226016723,19.47377626495153,0.004975124378109453,0.0,0,0.8600698981340241,0.006752412146216111,-2.926903485488328,1.0,0.0,0,0.8546110837485554,0.007770022769538031,-1.8410299023609507,0.9651741293532339,0.0,0
whale,song,zero,uniform,0.0,4,0.5,8,3,40.0,0.8091002632517972,0,-1.2583008500558552,96.0,0.6788247735383018,209.54545454545453,45745,8,0.5274275597506801,0.014502122904380934,19.42286004320283,0.004975124378109453,0.0,0,0.8585905077102685,0.010405232635958953,-4.756284284066872,1.0,0.0,0,0.8472494203635736,0.008772579241954445,-4.348681962236365,1.0,0.0,0
whale,song,zero,uniform,0.0,5,0.5,8,3,40.0,0.8445083496047914,0,-1.3153508918614216,114.125,0.7085148047455764,189.2,45604,8,0.5141634418234172,0.015630065533310682,21.13522218300016,0.004975124378109453,0.0,0,0.8517152856598329,0.005805136784297842,-1.2414756659197714,0.900497512437811,0.0,0,0.835822595245906,0.008012259268609191,1.0840580749695496,0.14925373134328357,0.0,0
whale,song,zero,uniform,0.0,6,0.5,8,3,40.0,0.8103363233163308,0,-1.2563740404449633,107.0,0.6758399036279629,224.05454545454546,45930,8,0.5176745198463882,0.014629210842458412,20.005303541087063,0.004975124378109453,0.0,0,0.868554152258757,0.005762593268306013,-10.102713523548763,1.0,0.0,0,0.8633577227088999,0.007297066446246242,-7.266125337236636,1.0,0.0,0
whale,song,zero,uniform,0.0,7,0.5,8,3,40.0,0.7534469937153716,0,-1.254376763021373,87.25,0.6830854826086352,234.56363636363636,45929,8,0.5499349131838958,0.01382468019580884,14.720925015912744,0.004975124378109453,0.0,0,0.8609116715016569,0.006525900506437155,-16.46740977437245,1.0,0.0,0,0.8628528304652261,0.006117447395967951,-17.884230082953323,1.0,0.0,0
whale,song,zero,uniform,0.0,8,0.5,8,3,40.0,0.8350238149533717,0,-1.31058316069787,95.875,0.688318466328679,203.16363636363636,45804,8,0.5361793957414019,0.015580287303429037,19.180931223662203,0.004975124378109453,0.0,0,0.8652159865699249,0.005809799511894637,-5.196766524342111,1.0,0.0,0,0.8589899725246534,0.00713800312461815,-3.357543720963795,1.0,0.0,0
whale,song,zero,uniform,0.0,9,0.5,8,3,40.0,0.773829967934628,0,-1.275113877104298,85.25,0.668546147315295,243.1090909090909,45570,8,0.5286373564156848,0.015518654672130932,15.799862597578814,0.004975124378109453,0.0,0,0.8708107251747066,0.005710872985034602,-16.9817745017649,1.0,0.0,0,0.857309594002083,0.0066264424561138175,-12.597955331285396,1.0,0.0,0
whale,song,zero,uniform,0.0,10,0.5,8,3,40.0,0.7934461503531329,0,-1.326152576176024,87.125,0.7004308841117138,218.74545454545455,45911,8,0.5325972973844122,0.014845515245995759,17.57088579590249,0.004975124378109453,0.0,0,0.8714975866912006,0.005756809660577483,-13.558106128219302,1.0,0.0,0,0.855231759127054,0.006774079607322319,-9.120886135901769,1.0,0.0,0
whale,song,zero,uniform,0.0,11,0.5,8,3,40.0,0.7790749642939381,0,-1.326130994243043,88.25,0.7029841580124939,221.2,45917,8,0.5158883275000125,0.014896273010645203,17.667952017652112,0.004975124378109453,0.0,0,0.8685137467516074,0.006680327498782047,-13.388382900984386,1.0,0.0,0,0.8565382051581344,0.0061962977429954715,-12.501536252315132,1.0,0.0,0
whale,song,zero,uniform,0.0,12,0.5,8,3,40.0,0.7843819108908161,0,-1.2704258777527666,91.875,0.6927806949798749,216.8181818181818,45728,8,0.5069353280814904,0.01763655759312444,15.731334266585414,0.004975124378109453,0.000625,0,0.8723844909767542,0.004633241038555397,-18.993740958786056,1.0,0.0,0,0.8497717832750346,0.007656416539535473,-8.540532251160117,1.0,0.0,0
whale,song,zero,uniform,0.0,13,0.5,8,3,40.0,0.8411265789375104,0,-1.3035179229577296,101.625,0.7155251286154591,213.38181818181818,45570,8,0.5401931861155133,0.014515724811732297,20.731544357934407,0.004975124378109453,0.0,0,0.8549892677310663,0.010767216120198228,-1.2874905304028283,0.9253731343283582,0.0,0,0.8500389999021235,0.007695272387646299,-1.1581683552775537,0.8805970149253731,0.0,0
whale,song,zero,uniform,0.0,14,0.5,8,3,40.0,0.7689350925671006,0,-1.2590140904275042,84.5,0.7010077692837582,237.03636363636363,45566,8,0.5158833345535655,0.01651816941121586,15.31960059942917,0.004975124378109453,0.000625,0,0.8533754383390254,0.009162084504229187,-9.21628104750043,1.0,0.0,0,0.8635928941975212,0.007316021185726543,-12.93842639700069,1.0,0.0,0
whale,song,zero,uniform,0.0,15,0.5,8,3,40.0,0.7871882598116937,0,-1.3016335300514936,93.5,0.6864732386527781,224.65454545454546,45665,8,0.5328410200068032,0.013661948180847466,18.617201327220453,0.004975124378109453,0.0,0,0.8740029193600464,0.007819342192242425,-11.102552799707569,1.0,0.0,0,0.8710957054157507,0.00682989902692937,-12.285312751070142,1.0,0.0,0
whale,song,zero,uniform,0.0,16,0.5,8,3,40.0,0.8282722667676077,0,-1.290218195629871,103.5,0.6769914106108365,197.38181818181818,45860,8,0.517418262183138,0.015667580837912466,19.840587248304733,0.004975124378109453,0.0,0,0.8446234517399591,0.00967964494889109,-1.6892339604072615,0.9701492537313433,0.0,0,0.821437331463794,0.009057846564136635,0.754587225055861,0.263681592039801,0.0,0
whale,song,zero,uniform,0.0,17,0.5,8,3,40.0,0.8116274237436727,0,-1.3558858892443884,89.625,0.7115755188495326,232.6,45888,8,0.5344082115519738,0.014095259580420705,19.667549264348107,0.004975124378109453,0.0,0,0.8910482672193423,0.003616146849669368,-21.962836902746687,1.0,0.0,0,0.8834040078363745,0.005711941220792808,-12.566057898393314,1.0,0.0,0
whale,song,zero,uniform,0.0,18,0.5,8,3,40.0,0.8517759895378636,0,-1.271632676739379,112.25,0.6371575533966402,201.76363636363635,45740,8,0.5506001626272805,0.012735274769257881,23.648946125418654,0.004975124378109453,0.0,0,0.833650522925292,0.00832231447401315,2.1779357976881704,0.024875621890547265,0.0,0,0.8256890605554811,0.00865581187268251,3.0138049863019902,0.004975124378109453,0.0,0
whale,song,zero,uniform,0.0,19,0.5,8,3,40.0,0.8295265015111557,0,-1.3180420753536677,103.625,0.6766198167540616,213.92727272727274,45669,8,0.5523744885355942,0.014775671467918552,18.757321017682578,0.004975124378109453,0.0,0,0.8615792593089425,0.00786015980350649,-4.077876099095057,1.0,0.0,0,0.8520834870925398,0.007879223198816983,-2.8628438378000096,0.9900497512437811,0.0,0
whale,song,zero,uniform,0.0,20,0.5,8,3,40.0,0.8125202699839635,0,-1.2803960224303668,96.25,0.7008108061357367,202.43636363636364,45708,8,0.5253007146052427,0.015295045707459954,18.778600657507894,0.004975124378109453,0.0,0,0.8560263489407874,0.006913633269968113,-6.29279530139506,1.0,0.0,0,0.8285667871138203,0.00793536453106605,-2.0221524880219968,0.9751243781094527,0.0,0
whale,song,zero,uniform,0.0,21,0.5,8,3,40.0,0.759229544140084,0,-1.2626860426747974,82.0,0.7139449013253225,236.0,45781,8,0.5125260681499201,0.014628706544794408,16.864339662207033,0.004975124378109453,0.0,0,0.8754884404569867,0.006147820933645773,-18.910585973745818,1.0,0.0,0,0.8625158919021366,0.006888448715112332,-14.994137582160727,1.0,0.0,0
whale,song,zero,uniform,0.0,22,0.5,8,3,40.0,0.7769121322601771,0,-1.285236926478237,87.375,0.7495554170635432,211.8,45923,8,0.5020618125453716,0.014920584620584477,18.42088140002378,0.004975124378109453,0.0,0,0.8549914402437884,0.008677962010993967,-8.997424497214196,1.0,0.0,0,0.839820624935276,0.007558855794916911,-8.32248879749801,1.0,0.0,0
whale,song,zero,uniform,0.0,23,0.5,8,3,40.0,0.7677438880228895,0,-1.270102571257134,84.375,0.7141816131507241,228.29090909090908,45857,8,0.5155418469055778,0.014029109504684327,17.977052715505664,0.004975124378109453,0.0,0,0.8741629099379006,0.0049765452790093674,-21.38411607825155,1.0,0.0,0,0.862011072719938,0.006618439976972788,-14.24311242906602,1.0,0.0,0
whale,song,zero,uniform,0.0,24,0.5,8,3,40.0,0.7345811332339275,0,-1.2925377721216407,79.625,0.7351902077068813,232.83636363636364,45651,8,0.506976096375108,0.01548127349224667,14.70195827060407,0.004975124378109453,0.0,0,0.8897482882300011,0.0033747258918041417,-45.97918763503504,1.0,0.0,0,0.8732210176313657,0.006330174062829502,-21.901433202528413,1.0,0.0,0
whale,song,zero,uniform,0.0,25,0.5,8,3,40.0,0.8050403887420801,0,-1.334519947316997,90.5,0.7049104511400158,216.23636363636365,45791,8,0.5206723233427413,0.015445323358746982,18.411273030311516,0.004975124378109453,0.0,0,0.865941415258795,0.006278616633577146,-9.699752361216786,1.0,0.0,0,0.8574704076873068,0.0060841039991457,-8.617541539820598,1.0,0.0,0
whale,song,zero,uniform,0.0,26,0.5,8,3,40.0,0.8266899355882745,0,-1.3134737609377858,102.25,0.6516775950528383,234.8,45694,8,0.5403759465354351,0.015485327922127092,18.489372036075736,0.004975124378109453,0.0,0,0.8681099682143038,0.00627027251166205,-6.605778704034362,1.0,0.0,0,0.8636163671108773,0.00698794225430158,-5.284306907354866,1.0,0.0,0
whale,song,zero,uniform,0.0,27,0.5,8,3,40.0,0.7852350086671969,0,-1.2935742459585473,89.5,0.7330684779222678,212.27272727272728,45859,8,0.5381941834086816,0.01467908811722338,16.82943949145284,0.004975124378109453,0.0,0,0.8675353955658852,0.007620558672317016,-10.799783905300618,1.0,0.0,0,0.8526890646470929,0.007352272199572345,-9.174586325002988,1.0,0.0,0
whale,song,zero,uniform,0.0,28,0.5,8,3,40.0,0.7964034706244456,0,-1.2695397965850024,92.25,0.7163936534921209,221.29090909090908,46069,8,0.5229715068513654,0.01570827749130668,17.40687124507469,0.004975124378109453,0.0,0,0.8532254239667892,0.008291204985037862,-6.853280487562829,1.0,0.0,0,0.8501455754008117,0.007519074241937515,-7.147436379417612,1.0,0.0,0
whale,song,zero,uniform,0.0,29,0.5,8,3,40.0,0.7952198907663901,0,-1.2560625899064588,90.0,0.6809769032703535,220.85454545454544,45954,8,0.5300261841536981,0.014343682467283972,18.488537181268725,0.004975124378109453,0.0,0,0.8612554359375363,0.007580184442639851,-8.71160136944489,1.0,0.0,0,0.8485154579474361,0.006968059731982667,-7.648551997398201,1.0,0.0,0
whale,song,zero,uniform,0.8,0,0.5,8,3,40.0,0.9159039110610762,0,-1.2364666251345646,122.375,0.5082177195161732,172.23636363636365,45603,8,0.5254167126516284,0.014222068430418735,27.45642803786951,0.004975124378109453,0.0,0,0.846931149368045,0.007034234451618024,9.805297529877743,0.004975124378109453,0.0,0,0.8386146150258285,0.0084291628096423,9.169273127200109,0.004975124378109453,0.0,0
whale,song,zero,uniform,0.8,1,0.5,8,3,40.0,0.8966243173172883,0,-1.3021736737011707,114.375,0.4947132037690069,188.38181818181818,45799,8,0.5411390346300354,0.014003630220670391,25.385223480303726,0.004975124378109453,0.0,0,0.8734959584840086,0.005225071059763847,4.426419960367964,0.004975124378109453,0.0,0,0.8386335984662,0.008356298773281494,6.939761301559533,0.004975124378109453,0.0,0
whale,song,zero,uniform,0.8,2,0.5,8,3,40.0,0.9033930970091679,0,-1.2672826518412528,117.5,0.4938581858924787,180.38181818181818,46152,8,0.5477552384510476,0.014180862945984795,25.078717699532987,0.004975124378109453,0.0,0,0.8744569075541717,0.006319326588491666,4.578998893282847,0.004975124378109453,0.0,0,0.8523789739079475,0.007571371383926755,6.737765262646896,0.004975124378109453,0.0,0
whale,song,zero,uniform,0.8,3,0.5,8,3,40.0,0.9149002395815189,0,-1.2394343621317812,128.375,0.47249188000138426,159.6909090909091,45301,8,0.5241348646539611,0.01671846739876639,23.37327732303927,0.004975124378109453,0.0,0,0.8741549479956235,0.006078433991203334,6.703254760167115,0.004975124378109453,0.0,0,0.8209295269046809,0.0088573737183128,10.609320060928628,0.004975124378109453,0.0,0
whale,song,zero,uniform,0.8,4,0.5,8,3,40.0,0.9032573158772861,0,-1.2349570905451417,113.375,0.5271728766444419,174.05454545454546,45381,8,0.5150782595653982,0.015565821003486703,24.937910838428426,0.004975124378109453,0.0,0,0.8561272445942241,0.00868280693190587,5.427976419684941,0.004975124378109453,0.0,0,0.8261534190406964,0.008692966096782257,8.869687972800223,0.004975124378109453,0.0,0
whale,song,zero,uniform,0.8,5,0.5,8,3,40.0,0.9163530452316241,0,-1.2874734507096528,117.625,0.49585418605869863,173.6727272727273,45377,8,0.5481490632753893,0.013957244880881792,26.38084988109576,0.004975124378109453,0.0,0,0.8679677315666325,0.006218028346580542,7.781455948427754,0.004975124378109453,0.0,0,0.8359538357466662,0.008379447623630248,9.594810194675624,0.004975124378109453,0.0,0
whale,song,zero,uniform,0.8,6,0.5,8,3,40.0,0.894933244043495,0,-1.3294041225597455,114.0,0.4799545268448889,191.6,45343,8,0.5575501719493461,0.013685747579910387,24.652147800051566,0.004975124378109453,0.0,0,0.8732367996480193,0.006229774964347166,3.482701144045147,0.009950248756218905,0.0,0,0.86141026886063,0.0074044565640290745,4.52740520428196,0.004975124378109453,0.0,0
whale,song,zero,uniform,0.8,7,0.5,8,3,40.0,0.886475212689308,0,-1.2846005839626735,118.25,0.5064702109010255,177.94545454545454,45557,8,0.546887926416907,0.013798939348680872,24.609665836734347,0.004975124378109453,0.0,0,0.8743202051331699,0.005493197444984816,2.212738150753231,0.01990049751243781,0.0,0,0.8465062332859233,0.0066227496771090475,6.035103446765304,0.004975124378109453,0.0,0
whale,song,zero,uniform,0.8,8,0.5,8,3,40.0,0.9162696864450544,0,-1.2709008914459685,114.75,0.5041497279410718,179.54545454545453,45760,8,0.5357520496963162,0.012767320391846759,29.804032880050354,0.004975124378109453,0.0,0,0.8600990341250084,0.005915938534595735,9.494799851547873,0.004975124378109453,0.0,0,0.833786141414956,0.008068268381362322,10.223202939138108,0.004975124378109453,0.0,0
whale,song,zero,uniform,0.8,9,0.5,8,3,40.0,0.9178555602145617,0,-1.2593081901207244,113.5,0.5131102460611384,160.85454545454544,45696,8,0.4924597062979285,0.015328541103045096,27.751881347150906,0.004975124378109453,0.0,0,0.860735858579295,0.006526726685696511,8.7516613435715,0.004975124378109453,0.0,0,0.8125829662154007,0.008476578565982523,12.419231790245174,0.004975124378109453,0.0,0
whale,song,zero,uniform,0.8,10,0.5,8,3,40.0,0.9069801170415825,0,-1.2745368891269986,113.75,0.5118108581155858,163.0,45581,8,0.4751477981334729,0.015534435167517508,27.798392040096232,0.004975124378109453,0.0,0,0.8605520996888282,0.008066775103674116,5.755461972853084,0.004975124378109453,0.0,0,0.8253037843934269,0.010132774497609905,8.060608934642854,0.004975124378109453,0.0,0
whale,song,zero,uniform,0.8,11,0.5,8,3,40.0,0.9051719204443365,0,-1.2775751760121956,121.125,0.4980015428223532,168.16363636363636,46335,8,0.5082159140451941,0.01529849675743478,25.947386380052624,0.004975124378109453,0.0,0,0.8674063765128379,0.006178217198928828,6.112692823108631,0.004975124378109453,0.0,0,0.8205328299647046,0.00941983856987342,8.98519543108999,0.004975124378109453,0.0,0
whale,song,zero,uniform,0.8,12,0.5,8,3,40.0,0.9096046457637554,0,-1.2960134189426549,119.0,0.4836576542756174,177.74545454545455,45571,8,0.5288903935185495,0.01581740821364055,24.06931951828158,0.004975124378109453,0.0,0,0.8730962653318202,0.006632434321041752,5.504521969574653,0.004975124378109453,0.0,0,0.8389360209366266,0.00806190481363374,8.76574785497578,0.004975124378109453,0.0,0
whale,song,zero,uniform,0.8,13,0.5,8,3,40.0,0.8968189770336654,0,-1.3460892770540722,113.625,0.5364842625710254,194.01818181818183,45879,8,0.553039054313292,0.013850798457241891,24.820224175641513,0.004975124378109453,0.0,0,0.8822353234546902,0.005424678586336702,2.6883903528786854,0.014925373134328358,0.0,0,0.8664995217974711,0.006930222485107675,4.374961309156759,0.004975124378109453,0.0,0
whale,song,zero,uniform,0.8,14,0.5,8,3,40.0,0.9031547769293772,0,-1.3327379741917633,106.125,0.5503129062456871,179.5090909090909,46096,8,0.5164463104521276,0.015992202192514467,24.181064109998417,0.004975124378109453,0.0,0,0.8803840751836535,0.004921903802081407,4.6264012181819325,0.004975124378109453,0.0,0,0.8457645632629206,0.008066304063209443,7.114809114153577,0.004975124378109453,0.0,0
whale,song,zero,uniform,0.8,15,0.5,8,3,40.0,0.9107260514098694,0,-1.2713326343685547,120.5,0.47952359481995144,163.54545454545453,45553,8,0.5579551163256921,0.012836604186186904,27.481640001316226,0.004975124378109453,0.0,0,0.8720263403176349,0.0051142991338139375,7.5669627606186864,0.004975124378109453,0.0,0,0.8453503254701826,0.00688766499900221,9.491711044186601,0.004975124378109453,0.0,0
whale,song,zero,uniform,0.8,16,0.5,8,3,40.0,0.9081905138856041,0,-1.3041745540424285,112.25,0.5374311476322411,178.70909090909092,45966,8,0.5310565306360182,0.014292136036789357,26.387517042855325,0.004975124378109453,0.0,0,0.8719299224826851,0.005866065450816669,6.1814160968611205,0.004975124378109453,0.0,0,0.8305694269849677,0.00837999416589723,9.26266598329137,0.004975124378109453,0.0,0
whale,song,zero,uniform,0.8,17,0.5,8,3,40.0,0.8725040716200946,0,-1.3170144838122493,108.625,0.5317169910920488,187.63636363636363,45646,8,0.5148050389574699,0.012706194050330428,28.151548075351695,0.004975124378109453,0.0,0,0.8818479955189689,0.004668732593168997,-2.001383397401201,0.9900497512437811,0.0,0,0.8614890225702371,0.007226071103572564,1.524348278888603,0.05970149253731343,0.0,0
whale,song,zero,uniform,0.8,18,0.5,8,3,40.0,0.8946484939875419,0,-1.2870367050439688,105.5,0.5122559172382916,177.94545454545454,45834,8,0.521253625422053,0.013980734427134071,26.70781499438235,0.004975124378109453,0.0,0,0.8693964264831293,0.006097091228177012,4.141658138181205,0.004975124378109453,0.0,0,0.8468451862352052,0.007710096518096216,6.200092001460481,0.004975124378109453,0.0,0
whale,song,zero,uniform,0.8,19,0.5,8,3,40.0,0.91896460357703,0,-1.2485658898949632,119.75,0.4935346311727184,161.29090909090908,45792,8,0.5151988527722748,0.015831460515139253,25.504011485146524,0.004975124378109453,0.0,0,0.8562295237575057,0.008737672991075019,7.179838371566918,0.004975124378109453,0.0,0,0.8246678331377647,0.009362836775398365,10.071388907156638,0.004975124378109453,0.0,0
whale,song,zero,uniform,0.8,20,0.5,8,3,40.0,0.8600719683530261,0,-1.2954983813879077,102.375,0.4643473762703268,196.8,45767,8,0.5516771188296488,0.013635062713227645,22.617780057894226,0.004975124378109453,0.0,0,0.8774255915611218,0.004660356141771886,-3.723668895720429,1.0,0.0,0,0.8503504506657847,0.007616260006487264,1.2764162041423137,0.0845771144278607,0.0,0
whale,song,zero,uniform,0.8,21,0.5,8,3,40.0,0.8819247798210855,0,-1.3514125037200104,104.625,0.5409330308143598,191.43636363636364,45834,8,0.5371008204112607,0.014615526503794682,23.59298923102749,0.004975124378109453,0.0,0,0.8693311576271755,0.005634259035749651,2.2351869365612895,0.024875621890547265,0.0,0,0.8620478684875563,0.006471943311023061,3.071243114826841,0.004975124378109453,0.0,0
whale,song,zero,uniform,0.8,22,0.5,8,3,40.0,0.906403666568333,0,-1.2873950277742567,117.125,0.48845618317280387,170.0909090909091,45606,8,0.5126659159833316,0.014770941059346855,26.656240046117407,0.004975124378109453,0.0,0,0.8595037633536041,0.007578458944125687,6.188580496445465,0.004975124378109453,0.0,0,0.830855094005818,0.008478825197219481,8.910264194064311,0.004975124378109453,0.0,0
whale,song,zero,uniform,0.8,23,0.5,8,3,40.0,0.9143823436923242,0,-1.3018382886413744,113.875,0.532971974500278,181.4181818181818,45491,8,0.546823677622686,0.013696004848179526,26.836925814792924,0.004975124378109453,0.0,0,0.8820414067285712,0.005074893103691568,6.372732647359129,0.004975124378109453,0.0,0,0.8542962542617601,0.00702558012924346,8.552473721061142,0.004975124378109453,0.0,0
whale,song,zero,uniform,0.8,24,0.5,8,3,40.0,0.9072521678176642,0,-1.2848336591226563,115.375,0.492706594462703,180.8909090909091,45315,8,0.5378248601027901,0.014649732558824702,25.217341424594032,0.004975124378109453,0.0,0,0.8742155986484355,0.0055207361261269475,5.984087703971714,0.004975124378109453,0.0,0,0.8492865052077313,0.007421559031783882,7.810442841145191,0.004975124378109453,0.0,0
whale,song,zero,uniform,0.8,25,0.5,8,3,40.0,0.9057794215067325,0,-1.2852332459156943,111.875,0.5047582218094085,180.38181818181818,45624,8,0.51858574554275,0.01501489630354988,25.78730269835035,0.004975124378109453,0.0,0,0.8529368068434056,0.0069559665283328775,7.596732164838585,0.004975124378109453,0.0,0,0.8295019722875498,0.008942926561849586,8.529361019756253,0.004975124378109453,0.0,0
whale,song,zero,uniform,0.8,26,0.5,8,3,40.0,0.898928837886555,0,-1.274816607009222,125.375,0.4805838325953104,169.07272727272726,45645,8,0.5434550698812513,0.013241175172446195,26.84608906504127,0.004975124378109453,0.0,0,0.87884220356725,0.005585157580156073,3.59643108202933,0.004975124378109453,0.0,0,0.8307565124969359,0.008642637325963185,7.887907685866192,0.004975124378109453,0.0,0
whale,song,zero,uniform,0.8,27,0.5,8,3,40.0,0.8903048340883286,0,-1.2984093886400165,114.875,0.5051354388549697,179.5090909090909,45684,8,0.5371255181235776,0.012846926948990756,27.491346169170562,0.004975124378109453,0.0,0,0.8785885358633533,0.0050544760425291916,2.3180045026215326,0.01990049751243781,0.0,0,0.8473953525608892,0.006979101110208775,6.148281970678577,0.004975124378109453,0.0,0
whale,song,zero,uniform,0.8,28,0.5,8,3,40.0,0.9107842758589126,0,-1.2673227947090273,125.0,0.5055259361893093,167.70909090909092,45577,8,0.5274763993524941,0.013529301729575229,28.331682164239307,0.004975124378109453,0.0,0,0.8722571142548035,0.005075175397723375,7.5912965729995685,0.004975124378109453,0.0,0,0.8372508813577,0.008389540611316294,8.764889272009315,0.004975124378109453,0.0,0
whale,song,zero,uniform,0.8,29,0.5,8,3,40.0,0.91125971690619,0,-1.2704947461140557,112.625,0.4936570573231051,170.3272727272727,45798,8,0.5358390360417136,0.0124198853340815,30.22738703023946,0.004975124378109453,0.0,0,0.8703128161066667,0.005608645597044576,7.300675375370471,0.004975124378109453,0.0,0,0.8433428483731924,0.007375511213724187,9.208428618021678,0.004975124378109453,0.0,0
whale,song,zero,lognormal,0.0,0,0.5,8,3,40.0,0.8807510842784505,0,-1.2616199148492546,96.75,0.5879087774257988,191.1818181818182,45642,8,0.6100404038642487,0.011796120977225313,22.949127169589136,0.004975124378109453,0.0,0,0.8997888155715833,0.005031493455775225,-3.783713813893766,1.0,0.0,0,0.9223116238136794,0.003817224989681154,-10.887631629672514,1.0,0.0,0
whale,song,zero,lognormal,0.0,1,0.5,8,3,40.0,0.8945594467403379,0,-1.2987632701297556,102.375,0.5529959723005409,208.03636363636363,45777,8,0.6461737844411907,0.00987676861094063,25.148474372884174,0.004975124378109453,0.0,0,0.903811664867111,0.003712486065416526,-2.492189321048658,0.9950248756218906,0.0,0,0.9192253746551095,0.004693873215252613,-5.254919931501399,1.0,0.0,0
whale,song,zero,lognormal,0.0,2,0.5,8,3,40.0,0.9108441303351158,0,-1.2259193738273833,107.0,0.5441282400926114,168.72727272727272,45720,8,0.5997737536492379,0.011025499673910266,28.213721453547034,0.004975124378109453,0.0,0,0.8814410779695144,0.005213670223950092,5.639607244534235,0.004975124378109453,0.0,0,0.9028390143953505,0.005092130300993905,1.5720563824148015,0.05472636815920398,0.0,0
whale,song,zero,lognormal,0.0,3,0.5,8,3,40.0,0.8850336398587388,0,-1.2855648316619481,101.5,0.5727025235546152,197.70909090909092,45717,8,0.6460190909063475,0.011337791748193911,21.0812258913175,0.004975124378109453,0.0,0,0.8783409610363799,0.009361817070146848,0.7148910059031873,0.22885572139303484,0.0,0,0.9131101661066268,0.005205863684917131,-5.3932503705837735,1.0,0.0,0
whale,song,zero,lognormal,0.0,4,0.5,8,3,40.0,0.9172182233055404,0,-1.2785743756235326,106.875,0.563303045497798,192.43636363636364,45645,8,0.6226168194411674,0.011663777443952078,25.257803938734288,0.004975124378109453,0.0,0,0.88847362833435,0.005208280811081469,5.519017889748109,0.004975124378109453,0.0,0,0.9055314055268525,0.006865623954554825,1.7022222388009653,0.03980099502487562,0.0,0
whale,song,zero,lognormal,0.0,5,0.5,8,3,40.0,0.9074435546444761,0,-1.3123268892808397,102.125,0.6077656087545098,209.21818181818182,45688,8,0.6065013091380261,0.0138041764170926,21.800811320682445,0.004975124378109453,0.0,0,0.9011671946362568,0.004191456872296604,1.497417294140097,0.07960199004975124,0.0,0,0.9175535516552088,0.004640414695311808,-2.178683948429601,0.9800995024875622,0.0,0
whale,song,zero,lognormal,0.0,6,0.5,8,3,40.0,0.9124936974061699,0,-1.3540847606571873,97.5,0.5903213175909967,186.14545454545456,45482,8,0.610419389282483,0.01106181602982537,27.30784053081524,0.004975124378109453,0.0,0,0.894749796405499,0.004675747875513843,3.794879765351108,0.004975124378109453,0.0,0,0.9136172421892776,0.00547580341294921,-0.20518354995191332,0.5621890547263682,0.0,0
whale,song,zero,lognormal,0.0,7,0.5,8,3,40.0,0.927709350175695,0,-1.2630509176913853,96.625,0.5799942203318798,192.56363636363636,45707,8,0.6610112188854691,0.009840465304506035,27.10218704476327,0.004975124378109453,0.0,0,0.9096666441371377,0.0038033490827367377,4.743899559588803,0.004975124378109453,0.0,0,0.9242221528445674,0.004250574513150507,0.8204061169469705,0.23880597014925373,0.0,0
whale,song,zero,lognormal,0.0,8,0.5,8,3,40.0,0.9079150787569192,0,-1.2787227277945337,109.625,0.5291021496500544,173.63636363636363,45786,8,0.641034211078315,0.010799609372594984,24.712085268180097,0.004975124378109453,0.0,0,0.8991259504082569,0.0050833760877429515,1.7289943134159733,0.009950248756218905,0.0,0,0.9084480737478074,0.008054731927709348,-0.06617166103997081,0.582089552238806,0.0,0
whale,song,zero,lognormal,0.0,9,0.5,8,3,40.0,0.8914053213976265,0,-1.295954023715139,97.25,0.6083322445817682,210.6727272727273,45655,8,0.6619681429563093,0.009578883893966793,23.952391633625176,0.004975124378109453,0.0,0,0.9030273033919047,0.006341247034353,-1.832759697156951,0.9601990049751243,0.0,0,0.9019697441348604,0.007379011781785312,-1.4316853055190404,0.945273631840796,0.0,0
whale,song,zero,lognormal,0.0,10,0.5,8,3,40.0,0.89958794798077,0,-1.2845948564812248,112.125,0.5429813334593256,193.34545454545454,45680,8,0.6392818043399106,0.011894706034155706,21.884201500515367,0.004975124378109453,0.0,0,0.8924388271006493,0.004948550532226074,1.4446898811205584,0.0845771144278607,0.0,0,0.9146636790417264,0.004551119099023041,-3.312532749185271,1.0,0.0,0
whale,song,zero,lognormal,0.0,11,0.5,8,3,40.0,0.9153066163525283,0,-1.2817054481494592,103.625,0.5903058359366329,197.2,45602,8,0.6625219950083033,0.01004797305281268,25.15777261897256,0.004975124378109453,0.0,0,0.8948115717340483,0.005137621366560475,3.989208849036093,0.004975124378109453,0.0,0,0.9097018439020624,0.0067532183078574054,0.8299409548103435,0.23383084577114427,0.0,0
whale,song,zero,lognormal,0.0,12,0.5,8,3,40.0,0.8849221454099143,0,-1.3207262854299704,96.875,0.5871107269498043,212.38181818181818,45930,8,0.6434352148211184,0.012684610664897294,19.03778814883722,0.004975124378109453,0.0,0,0.8964826721379987,0.006131383417122687,-1.885467918349407,0.9751243781094527,0.0,0,0.9192260196661346,0.004648713315741178,-7.379219135768747,1.0,0.0,0
whale,song,zero,lognormal,0.0,13,0.5,8,3,40.0,0.9256057351038747,0,-1.301591612053096,114.875,0.5813783560444886,202.94545454545454,45943,8,0.6157009067409375,0.010816031151607144,28.65236092787036,0.004975124378109453,0.0,0,0.8953906268030707,0.005658727631662739,5.339558690144217,0.004975124378109453,0.0,0,0.9034696596096768,0.0059686423933071045,3.7087287251486134,0.004975124378109453,0.0,0
whale,song,zero,lognormal,0.0,14,0.5,8,3,40.0,0.8819934920182003,0,-1.3421084591044659,91.0,0.6604420675470766,223.45454545454547,45940,8,0.6046011598871217,0.013082897671793698,21.202667718568758,0.004975124378109453,0.0,0,0.8975415301901896,0.004665184932132112,-3.332780671758575,1.0,0.0,0,0.9168052649038677,0.004403200699252656,-7.9060154790527495,1.0,0.0,0
whale,song,zero,lognormal,0.0,15,0.5,8,3,40.0,0.9213334576738779,0,-1.321780578845786,110.125,0.6315368588286258,194.65454545454546,45647,8,0.5991909290438231,0.012751976632222764,25.26216428408738,0.004975124378109453,0.0,0,0.8857180457136306,0.005297285896861148,6.723332033362755,0.004975124378109453,0.0,0,0.9076041893382504,0.004870757447872237,2.8187132047860524,0.004975124378109453,0.0,0
whale,song,zero,lognormal,0.0,16,0.5,8,3,40.0,0.9173659950087609,0,-1.2966746253981478,108.75,0.5599368783377177,204.6,45871,8,0.6532947010712837,0.00942090057908844,28.030366281928067,0.004975124378109453,0.0,0,0.9013646210830762,0.00381640488570846,4.192787297177526,0.004975124378109453,0.0,0,0.913217878181165,0.005016276617147409,0.8269314362402265,0.1890547263681592,0.0,0
whale,song,zero,lognormal,0.0,17,0.5,8,3,40.0,0.9216017056896963,0,-1.2322392114926675,121.625,0.5144662554674165,170.56363636363636,45688,8,0.6523652436078143,0.010503089477272094,25.634025366011567,0.004975124378109453,0.0,0,0.8976281506823934,0.0044861871660680916,5.3438597454493815,0.004975124378109453,0.0,0,0.9125168758870719,0.005302520108587985,1.7133041679390624,0.04477611940298507,0.0,0
whale,song,zero,lognormal,0.0,18,0.5,8,3,40.0,0.9391425097138547,0,-1.238086123009805,114.5,0.6163386733202912,162.07272727272726,45755,8,0.5954485409681505,0.009800020241462867,35.070740700266185,0.004975124378109453,0.0,0,0.8725184118008784,0.006383362684306334,10.437147504836817,0.004975124378109453,0.0,0,0.9073012733637494,0.005089243344834955,6.256575721108083,0.004975124378109453,0.0,0
whale,song,zero,lognormal,0.0,19,0.5,8,3,40.0,0.8961286403701677,0,-1.308919537033197,107.0,0.588615120812575,188.0,45936,8,0.5679571597973865,0.01456284093909559,22.534853051355373,0.004975124378109453,0.0,0,0.8918562828407596,0.004788656704945971,0.8921828798033115,0.17412935323383086,0.0,0,0.9087003252228902,0.004916887419735984,-2.556838052110125,0.9900497512437811,0.0,0
whale,song,zero,lognormal,0.0,20,0.5,8,3,40.0,0.910425648685552,0,-1.2582710576171083,100.75,0.5966366660754645,190.27272727272728,45790,8,0.6445233611175294,0.009992290927264766,26.61074317226762,0.004975124378109453,0.0,0,0.8920592034420514,0.005115154255011231,3.590594599470254,0.004975124378109453,0.0,0,0.9129064964164998,0.004742984053121684,-0.5230563086787092,0.7114427860696517,0.0,0
whale,song,zero,lognormal,0.0,21,0.5,8,3,40.0,0.9114028932220095,0,-1.2590163520645712,110.125,0.572568503949763,191.63636363636363,45655,8,0.609245446272239,0.011377268888242364,26.55799471013907,0.004975124378109453,0.0,0,0.8740188826134364,0.00946922090129425,3.947949994857916,0.004975124378109453,0.0,0,0.9092759646837669,0.006270423607712228,0.3392001356378221,0.4228855721393035,0.0,0
whale,song,zero,lognormal,0.0,22,0.5,8,3,40.0,0.9138370302760381,0,-1.2907764071898193,114.0,0.5557770226810934,189.56363636363636,45682,8,0.6446688636087109,0.01323962973363931,20.330490510880644,0.004975124378109453,0.0,0,0.8971221611729672,0.006242453011648674,2.6776123219318317,0.009950248756218905,0.0,0,0.9105630598406986,0.005750591217132622,0.5693276241902618,0.3034825870646766,0.0,0
whale,song,zero,lognormal,0.0,23,0.5,8,3,40.0,0.908604759928547,0,-1.2473551863294563,104.75,0.5686774750954599,182.8181818181818,45703,8,0.593269331176956,0.01057853543305834,29.80898733544488,0.004975124378109453,0.0,0,0.8825572253092705,0.00643513079748931,4.047708654102103,0.004975124378109453,0.0,0,0.91193174246725,0.005320614585125517,-0.6253004207453826,0.7412935323383084,0.0,0
whale,song,zero,lognormal,0.0,24,0.5,8,3,40.0,0.8861814501858193,0,-1.26436610304334,99.125,0.5409478037692799,207.1090909090909,45801,8,0.6305571522193901,0.013241472111865276,19.304824705809867,0.004975124378109453,0.0,0,0.879675760465984,0.008114430056093384,0.8017432740023447,0.19402985074626866,0.0,0,0.909986219168473,0.005816895906109499,-4.092349144094449,1.0,0.0,0
whale,song,zero,lognormal,0.0,25,0.5,8,3,40.0,0.9016912646244744,0,-1.2702573548185456,103.25,0.6131753441319006,175.65454545454546,45726,8,0.6168573329964511,0.014101575842611073,20.19873061047076,0.004975124378109453,0.0,0,0.8864977382557477,0.004742319414534484,3.2038175923285097,0.004975124378109453,0.0,0,0.9109634798246558,0.00602127620972087,-1.5399086302023728,0.9253731343283582,0.0,0
whale,song,zero,lognormal,0.0,26,0.5,8,3,40.0,0.9020920232689421,0,-1.3663133212481477,94.125,0.6282978259462578,214.6727272727273,45907,8,0.6250428022021723,0.010276911650574379,26.95841226301536,0.004975124378109453,0.0,0,0.900657264955243,0.004633446591425316,0.30965249849955645,0.35323383084577115,0.0,0,0.9151330585709284,0.004998529003208255,-2.608974619056136,0.9850746268656716,0.0,0
whale,song,zero,lognormal,0.0,27,0.5,8,3,40.0,0.8969522972922825,0,-1.2587349473908325,105.125,0.5633506510499192,186.65454545454546,45792,8,0.5947336323614395,0.012372670772208947,24.42630782754487,0.004975124378109453,0.0,0,0.884596133591447,0.005272977719004202,2.343299054024647,0.004975124378109453,0.0,0,0.8993909446483712,0.006105106068595136,-0.39944389641863154,0.6567164179104478,0.0,0
whale,song,zero,lognormal,0.0,28,0.5,8,3,40.0,0.9082734013050435,0,-1.2983654964701739,101.0,0.6518803968605698,197.25454545454545,45752,8,0.6169632359096439,0.01236528376319943,23.55871251918809,0.004975124378109453,0.0,0,0.8834453109409952,0.007021854934223339,3.535830716615973,0.009950248756218905,0.0,0,0.915785620855845,0.006501459690479087,-1.1554666041846877,0.8756218905472637,0.0,0
whale,song,zero,lognormal,0.0,29,0.5,8,3,40.0,0.9003400074421384,0,-1.2352972592972131,102.25,0.5719736611818866,172.9090909090909,45964,8,0.617627774312888,0.012048185697612413,23.465129126062145,0.004975124378109453,0.0,0,0.8894927645319127,0.007288747993502795,1.4882175813863927,0.04477611940298507,0.0,0,0.9167459091227214,0.005036007662411287,-3.257719761436519,0.9950248756218906,0.0,0
whale,song,zero,lognormal,0.8,0,0.5,8,3,40.0,0.9285916771395316,0,-1.2530374703631582,107.25,0.41902051124570083,161.16363636363636,45603,8,0.6121357021681137,0.01009417037785696,31.350369879392005,0.004975124378109453,0.0,0,0.8984247478710685,0.00576881649850687,5.2293099072004,0.004975124378109453,0.0,0,0.9108530450998211,0.007243804861176326,2.4488003721334235,0.004975124378109453,0.0,0
whale,song,zero,lognormal,0.8,1,0.5,8,3,40.0,0.9474200115761252,0,-1.242235797931091,112.375,0.4436310377900977,149.6,46238,8,0.6603307005287486,0.010154006211836791,28.273501616801163,0.004975124378109453,0.0,0,0.8982456579640082,0.006317404360612238,7.783949040639111,0.004975124378109453,0.0,0,0.9047850816969104,0.006877488837718694,6.199200156514841,0.004975124378109453,0.0,0
whale,song,zero,lognormal,0.8,2,0.5,8,3,40.0,0.9426415314877646,0,-1.279303839453219,117.875,0.5118571713808714,176.1818181818182,45738,8,0.6521365984134545,0.010942442567109483,26.5484539939467,0.004975124378109453,0.0,0,0.9028076433473743,0.003988937697067159,9.986089321394507,0.004975124378109453,0.0,0,0.9170971158521565,0.0054420874968069384,4.693863457835979,0.004975124378109453,0.0,0
whale,song,zero,lognormal,0.8,3,0.5,8,3,40.0,0.9101037643039596,0,-1.272671860773939,107.0,0.4123935543603222,184.76363636363635,45537,8,0.6519585142255935,0.011221958382742609,23.00358291074648,0.004975124378109453,0.0,0,0.9004674480768506,0.004774218938519878,2.0184068538122824,0.024875621890547265,0.0,0,0.8976980791391381,0.006636570293745325,1.869291609329181,0.01990049751243781,0.0,0
whale,song,zero,lognormal,0.8,4,0.5,8,3,40.0,0.9392228631233993,0,-1.2473101393588903,110.5,0.39875230040412846,173.4,46004,8,0.6340496328238846,0.009608752636097012,31.75992158993421,0.004975124378109453,0.0,0,0.9035141598964631,0.005266403552776855,6.780472265196581,0.004975124378109453,0.0,0,0.9186993107576036,0.004528057638763125,4.5325289568093705,0.004975124378109453,0.0,0
whale,song,zero,lognormal,0.8,5,0.5,8,3,40.0,0.9371464064443457,0,-1.2783491949557022,106.25,0.4975056810550062,202.29090909090908,45764,8,0.648092125568175,0.01163508837661836,24.843324908218865,0.004975124378109453,0.0,0,0.8878935993988819,0.00563078613438659,8.74705695971692,0.004975124378109453,0.0,0,0.9097160596744516,0.006475524729589748,4.236003708634113,0.004975124378109453,0.0,0
whale,song,zero,lognormal,0.8,6,0.5,8,3,40.0,0.9366711894014137,0,-1.2883014524973921,111.5,0.4061258549850977,155.27272727272728,45986,8,0.6133496394018483,0.01042899618555325,31.002173579030174,0.004975124378109453,0.0,0,0.9041331332316127,0.0038657132523240785,8.417089951055996,0.004975124378109453,0.0,0,0.9115875253556197,0.0059448676117853875,4.219381436866136,0.004975124378109453,0.0,0
whale,song,zero,lognormal,0.8,7,0.5,8,3,40.0,0.9358208498036593,0,-1.2688486163246897,105.25,0.4907506222226757,167.07272727272726,46565,8,0.6176858534564079,0.011731521254145809,27.11796615761366,0.004975124378109453,0.0,0,0.8894465030598527,0.005466094667618731,8.483999923844948,0.004975124378109453,0.0,0,0.8849572160888237,0.006553236220108675,7.761605412415929,0.004975124378109453,0.0,0
whale,song,zero,lognormal,0.8,8,0.5,8,3,40.0,0.9253090826660223,0,-1.295855337311496,97.75,0.46461362551040963,193.83636363636364,45781,8,0.6429998566734271,0.011630839142623839,24.27247273655512,0.004975124378109453,0.0,0,0.9032735424513773,0.004988737971764877,4.417057047165274,0.004975124378109453,0.0,0,0.9137438470992005,0.005248307560131398,2.203612390149676,0.014925373134328358,0.0,0
whale,song,zero,lognormal,0.8,9,0.5,8,3,40.0,0.9430925545714697,0,-1.2759945817326208,106.125,0.42725084652715006,172.3272727272727,45988,8,0.6204349744091072,0.011604275121607976,27.805061219339013,0.004975124378109453,0.0,0,0.8922934946756991,0.006003669804511002,8.461334741894284,0.004975124378109453,0.0,0,0.9092615263831177,0.006360647499242333,5.318802557818494,0.004975124378109453,0.0,0
whale,song,zero,lognormal,0.8,10,0.5,8,3,40.0,0.9472957511805506,0,-1.2580915186678632,120.5,0.42937481290023494,160.4909090909091,46039,8,0.5820464681336726,0.01291310138918838,28.285171163659154,0.004975124378109453,0.0,0,0.8995378336128028,0.004335379068798247,11.015857393292755,0.004975124378109453,0.0,0,0.8983979841913228,0.0067563559236105,7.237298854897746,0.004975124378109453,0.0,0
whale,song,zero,lognormal,0.8,11,0.5,8,3,40.0,0.9368859345447142,0,-1.20765869349554,114.25,0.3749220543728622,178.6,45596,8,0.6437953305280935,0.010534269123853102,27.822585560583963,0.004975124378109453,0.0,0,0.8975989687292417,0.0046036238521383116,8.533921770612155,0.004975124378109453,0.0,0,0.9086875625445063,0.005355051378848637,5.265751905123777,0.004975124378109453,0.0,0
whale,song,zero,lognormal,0.8,12,0.5,8,3,40.0,0.9364287915832596,0,-1.2959896760591987,95.0,0.37490060917477713,162.34545454545454,46136,8,0.616956954998646,0.012058202105479664,26.494151764087167,0.004975124378109453,0.0,0,0.900266210665511,0.00669159045905917,5.404183226543876,0.004975124378109453,0.0,0,0.9108516590884896,0.005477168122530341,4.669773124100103,0.004975124378109453,0.0,0
whale,song,zero,lognormal,0.8,13,0.5,8,3,40.0,0.919310564945633,0,-1.3014711983330431,94.625,0.4326743491295986,179.1818181818182,46202,8,0.6541612497039863,0.011851254862749122,22.373100427960956,0.004975124378109453,0.0,0,0.9028281897447712,0.005654793875152549,2.914761451038244,0.009950248756218905,0.0,0,0.9046458084525328,0.006753584366335909,2.171403464832467,0.009950248756218905,0.0,0
whale,song,zero,lognormal,0.8,14,0.5,8,3,40.0,0.9541109229620591,0,-1.3158902369665948,102.5,0.43633653655406146,193.0,45572,8,0.6434338222295177,0.01224909194998291,25.36327606986205,0.004975124378109453,0.0,0,0.899686113258185,0.00551337836385679,9.871408438183469,0.004975124378109453,0.0,0,0.9073856821784149,0.006410799876159784,7.28851963659077,0.004975124378109453,0.0,0
whale,song,zero,lognormal,0.8,15,0.5,8,3,40.0,0.9325678145654777,0,-1.3239403316837128,102.25,0.41648138171386123,190.1090909090909,45927,8,0.6599997942451656,0.010533253883198724,25.876905972529254,0.004975124378109453,0.0,0,0.9052298053404906,0.004111219258896935,6.649611101579153,0.004975124378109453,0.0,0,0.9236324402487446,0.00523348241161802,1.707347730241164,0.05472636815920398,0.0,0
whale,song,zero,lognormal,0.8,16,0.5,8,3,40.0,0.9258690978442903,0,-1.3004381362646615,104.375,0.45508347113393405,183.9090909090909,46337,8,0.6173070894488448,0.011372924421911658,27.13128100991809,0.004975124378109453,0.0,0,0.9025516896383857,0.003546076769067233,6.575550876197757,0.004975124378109453,0.0,0,0.9102069261472063,0.004379460323091273,3.576278934302273,0.004975124378109453,0.0,0
whale,song,zero,lognormal,0.8,17,0.5,8,3,40.0,0.9380039820609559,0,-1.3539007352620347,97.75,0.5006542163127788,195.23636363636365,45753,8,0.6377155786241506,0.010052748406698387,29.871274132029,0.004975124378109453,0.0,0,0.9098111527553807,0.004418892079831658,6.380067400661488,0.004975124378109453,0.0,0,0.9179812792733008,0.005234903791162849,3.824846374723431,0.004975124378109453,0.0,0
whale,song,zero,lognormal,0.8,18,0.5,8,3,40.0,0.9333635944339329,0,-1.3231066310843782,99.125,0.44749150832543655,167.6909090909091,45880,8,0.621419088529562,0.012314428697616895,25.33162630311375,0.004975124378109453,0.0,0,0.9002692620366827,0.004753770426720262,6.961701854854358,0.004975124378109453,0.0,0,0.9134385946200209,0.006541303433102393,3.046028978426715,0.004975124378109453,0.0,0
whale,song,zero,lognormal,0.8,19,0.5,8,3,40.0,0.9448329585104656,0,-1.2044848726935116,118.875,0.4042694002472955,141.61818181818182,45702,8,0.6182174137664247,0.013129845479774312,24.875810248275293,0.004975124378109453,0.0,0,0.8835543076935741,0.0057068904772846415,10.737660212825396,0.004975124378109453,0.0,0,0.9044582600616013,0.005832169676639181,6.922757856408997,0.004975124378109453,0.0,0
whale,song,zero,lognormal,0.8,20,0.5,8,3,40.0,0.9150228037037701,0,-1.251814510220008,104.5,0.4223399783862229,171.16363636363636,45347,8,0.6249914599937425,0.012016382789834131,24.136326944860173,0.004975124378109453,0.0,0,0.8977656401362758,0.004369405925371888,3.949544597650424,0.004975124378109453,0.0,0,0.8877359968281769,0.007910517068902306,3.4494340430491697,0.004975124378109453,0.0,0
whale,song,zero,lognormal,0.8,21,0.5,8,3,40.0,0.9279822503827218,0,-1.3119036622947093,104.125,0.46516321238947406,183.94545454545454,45538,8,0.6167276273682308,0.011601266500752126,26.82936582780094,0.004975124378109453,0.0,0,0.9072468615157612,0.004401043977138537,4.711470499879503,0.004975124378109453,0.0,0,0.9126610041410892,0.005139816473428168,2.9808936410162428,0.004975124378109453,0.0,0
whale,song,zero,lognormal,0.8,22,0.5,8,3,40.0,0.9331397120205835,0,-1.3653571613926074,103.5,0.4740532760797688,197.70909090909092,45727,8,0.6384134062029225,0.011570258425262433,25.472750476701314,0.004975124378109453,0.0,0,0.915174475505017,0.004467365970057956,4.021438278389697,0.004975124378109453,0.0,0,0.9217600608752128,0.004274357412828045,2.6623068794431113,0.004975124378109453,0.0,0
whale,song,zero,lognormal,0.8,23,0.5,8,3,40.0,0.9268935699094196,0,-1.3086977255847045,107.375,0.466535744814512,169.8909090909091,46241,8,0.6297365976212017,0.01098178356324937,27.0590811207258,0.004975124378109453,0.0,0,0.9070653387333565,0.00417585195522347,4.748307983299191,0.004975124378109453,0.0,0,0.9089773211902678,0.008588207792025314,2.086145229949865,0.004975124378109453,0.0,0
whale,song,zero,lognormal,0.8,24,0.5,8,3,40.0,0.921181911736448,0,-1.2819298897544764,111.25,0.420621155310114,177.4181818181818,45640,8,0.6174493588746723,0.012367532532939993,24.558864272465577,0.004975124378109453,0.0,0,0.892020322348213,0.006535258375185778,4.462193797717449,0.004975124378109453,0.0,0,0.902544622285767,0.006068052623309008,3.0713790086609,0.004975124378109453,0.0,0
whale,song,zero,lognormal,0.8,25,0.5,8,3,40.0,0.9241309173426859,0,-1.2827613450888045,107.75,0.4619656006993161,183.6,46345,8,0.6629184989524154,0.009876949960329432,26.446668196095445,0.004975124378109453,0.0,0,0.9092223322282242,0.004352793710863816,3.4250612605997053,0.004975124378109453,0.0,0,0.9231211052549207,0.004559300428626671,0.22148399816446251,0.4129353233830846,0.0,0
whale,song,zero,lognormal,0.8,26,0.5,8,3,40.0,0.9422949411260276,0,-1.3273741417598344,107.625,0.46694095985812084,173.29090909090908,46053,8,0.6518102138536741,0.012024825621878413,24.157084385808876,0.004975124378109453,0.0,0,0.9083205523089944,0.004347407104190865,7.8148625152409,0.004975124378109453,0.0,0,0.9091674965084965,0.005281567607235705,6.272275029130898,0.004975124378109453,0.0,0
whale,song,zero,lognormal,0.8,27,0.5,8,3,40.0,0.9177366255955502,0,-1.2584065879571935,102.375,0.4301895718490509,165.21818181818182,45862,8,0.6500403085779599,0.011955375304995467,22.391293471626554,0.004975124378109453,0.0,0,0.8949938136623262,0.0051768775425024,4.3931523870334015,0.004975124378109453,0.0,0,0.902774893430041,0.0057811105481825244,2.5880377205747984,0.004975124378109453,0.0,0
whale,song,zero,lognormal,0.8,28,0.5,8,3,40.0,0.9337158634992083,0,-1.3007246871909157,110.25,0.47212463655983045,208.12727272727273,46310,8,0.6627452031938745,0.012054771785578617,22.47829035050683,0.004975124378109453,0.0,0,0.9047637573112239,0.004360296451682993,6.639939854733825,0.004975124378109453,0.0,0,0.9094061300056575,0.0047802778029309365,5.085422750670633,0.004975124378109453,0.0,0
whale,song,zero,lognormal,0.8,29,0.5,8,3,40.0,0.9442280641620138,0,-1.2526361095805338,111.125,0.4783642028800405,155.01818181818183,45967,8,0.6182127285452415,0.0124723674060446,26.13900994118987,0.004975124378109453,0.0,0,0.8889674312100618,0.005151075469635336,10.727979676807967,0.004975124378109453,0.0,0,0.8870310225321952,0.006533383555182227,8.754581932427694,0.004975124378109453,0.0,0
whale,song,zero,geometric,0.0,0,0.5,8,3,40.0,0.9124591941066182,0,-1.2950201422175533,111.25,0.602975153766007,179.83636363636364,45913,8,0.6176974961721987,0.01092106551637867,26.990195919286084,0.004975124378109453,0.0,0,0.8804858699855582,0.005218067247710397,6.1274266128113615,0.004975124378109453,0.0,0,0.904446913261999,0.005123036108729325,1.5639711832143508,0.06965174129353234,0.0,0
whale,song,zero,geometric,0.0,1,0.5,8,3,40.0,0.9100895368216605,0,-1.3292277806607042,107.875,0.6135652945927388,204.36363636363637,45705,8,0.6006021986615903,0.011606307781752204,26.665442962546262,0.004975124378109453,0.0,0,0.8853791734821529,0.006939977134813422,3.5605828174204683,0.004975124378109453,0.0,0,0.907904547212755,0.006373091745409831,0.34284609357446855,0.39303482587064675,0.0,0
whale,song,zero,geometric,0.0,2,0.5,8,3,40.0,0.9091999911855819,0,-1.3058859601286836,114.125,0.6331812178833526,196.6909090909091,45790,8,0.573687154647099,0.013291265518457092,25.243106916536174,0.004975124378109453,0.0,0,0.886462213188065,0.0057174204312776915,3.976929503579586,0.004975124378109453,0.0,0,0.9123486455188654,0.004791230705734449,-0.6571702609759483,0.7412935323383084,0.0,0
whale,song,zero,geometric,0.0,3,0.5,8,3,40.0,0.9044990851078755,0,-1.3379800153433996,98.25,0.610526783699713,199.23636363636365,45619,8,0.5882953795385992,0.01188586086456664,26.603349069306564,0.004975124378109453,0.0,0,0.895450770015626,0.0044739689236228935,2.0224358386741743,0.03482587064676617,0.0,0,0.9021203018340355,0.006218517333750256,0.382532225315099,0.3482587064676617,0.0,0
whale,song,zero,geometric,0.0,4,0.5,8,3,40.0,0.9020603960676192,0,-1.3311636910854165,105.25,0.610476682260569,203.0909090909091,45900,8,0.5994910476905326,0.010711985807792196,28.24586904857447,0.004975124378109453,0.0,0,0.9002223326536959,0.004141228974696462,0.44384491298457235,0.27860696517412936,0.0,0,0.9088940457438145,0.005067396843626895,-1.3485523015213874,0.8905472636815921,0.0,0
whale,song,zero,geometric,0.0,5,0.5,8,3,40.0,0.8885467411210161,0,-1.318608334322165,107.125,0.5837775375307649,196.98181818181817,45754,8,0.5931081550315394,0.01137336807102006,25.976349683280695,0.004975124378109453,0.0,0,0.8959017281408158,0.003660429674493067,-2.0093234056786913,0.9701492537313433,0.0,0,0.9153384419502677,0.004308737196777625,-6.217993719665323,1.0,0.0,0
whale,song,zero,geometric,0.0,6,0.5,8,3,40.0,0.9044390069026669,0,-1.31531384314798,107.0,0.5929071089816587,208.16363636363636,45843,8,0.6097327663403523,0.012190271081850924,24.175528057048545,0.004975124378109453,0.0,0,0.8846497870326249,0.004957256509982565,3.9919701210118754,0.004975124378109453,0.0,0,0.8975375776099008,0.005829232262403888,1.1839345186633552,0.12437810945273632,0.0,0
whale,song,zero,geometric,0.0,7,0.5,8,3,40.0,0.8908053245491734,0,-1.305525926434588,96.75,0.6112139256538593,206.1818181818182,45989,8,0.5919850513795651,0.012646398147001425,23.62888386844449,0.004975124378109453,0.0,0,0.8937277675518299,0.004898909995050772,-0.5965496417792935,0.7014925373134329,0.0,0,0.909010176109181,0.0041290057232703375,-4.409015821268625,1.0,0.0,0
whale,song,zero,geometric,0.0,8,0.5,8,3,40.0,0.9042864394745245,0,-1.3266723513810708,95.125,0.632369987458149,196.4909090909091,45945,8,0.5880120652635532,0.01258334134806332,25.134371345624228,0.004975124378109453,0.0,0,0.8935496521155192,0.004091552629507645,2.624135219860853,0.009950248756218905,0.0,0,0.9137933887643054,0.0043791781664570305,-2.1709437087079047,0.9701492537313433,0.0,0
whale,song,zero,geometric,0.0,9,0.5,8,3,40.0,0.8932534832238477,0,-1.3764018441793948,91.5,0.6175251245547468,233.1090909090909,45817,8,0.578319654240759,0.011941033965544016,26.374083675821844,0.004975124378109453,0.0,0,0.8998619586814605,0.005977146802638741,-1.10562374922686,0.8855721393034826,0.0,0,0.9185816403317674,0.005045675800657484,-5.019774973378049,1.0,0.0,0
whale,song,zero,geometric,0.0,10,0.5,8,3,40.0,0.9124465223113059,0,-1.3256594710796854,97.375,0.6293349757632112,198.29090909090908,45402,8,0.5878956254627655,0.012185933512586887,26.633240408977343,0.004975124378109453,0.0,0,0.8957732733842088,0.004910431668883061,3.3954751947275614,0.009950248756218905,0.0,0,0.9143855990892925,0.005854521835203653,-0.33121010264695805,0.6517412935323383,0.0,0
whale,song,zero,geometric,0.0,11,0.5,8,3,40.0,0.9184173662804658,0,-1.265162780098915,124.625,0.6110288086807499,192.34545454545454,45743,8,0.5634738008097079,0.01340540605815698,26.477643715594898,0.004975124378109453,0.0,0,0.8863689295066733,0.004971346203982323,6.446631447256653,0.004975124378109453,0.0,0,0.9051854396124789,0.005928610274366359,2.2318766212712644,0.004975124378109453,0.0,0
whale,song,zero,geometric,0.0,12,0.5,8,3,40.0,0.9000487922483393,0,-1.2500307425124852,102.625,0.5958027895601957,190.36363636363637,45787,8,0.5944549221338236,0.012573683353425855,24.304244152231888,0.004975124378109453,0.0,0,0.8740710238832269,0.0089430100699886,2.904812603565096,0.014925373134328358,0.0,0,0.8965053599359402,0.00681050579174618,0.520289156305182,0.31343283582089554,0.0,0
whale,song,zero,geometric,0.0,13,0.5,8,3,40.0,0.9266978170802584,0,-1.2901980239548378,113.75,0.565928547637017,196.43636363636364,46080,8,0.6038065954023711,0.011909398944774028,27.112302071262416,0.004975124378109453,0.0,0,0.8912310804612001,0.004216158647212006,8.412097263586412,0.004975124378109453,0.0,0,0.8941580502019048,0.006979204605554498,4.662389013850728,0.004975124378109453,0.0,0
whale,song,zero,geometric,0.0,14,0.5,8,3,40.0,0.916059250768297,0,-1.2645124628566164,99.875,0.6612484726801663,204.01818181818183,45396,8,0.5599996194656635,0.01461733456596646,24.35872488898538,0.004975124378109453,0.0,0,0.8833294208233418,0.006394304317251568,5.118591221354838,0.004975124378109453,0.0,0,0.9017833118212117,0.0060937370611351006,2.342723160494556,0.009950248756218905,0.0,0
whale,song,zero,geometric,0.0,15,0.5,8,3,40.0,0.9111719019731599,0,-1.3256435090291183,105.125,0.689566898010559,185.8,45975,8,0.5754351318401777,0.012723101529991019,26.387965964240735,0.004975124378109453,0.0,0,0.8846779073563101,0.00540074005288494,4.905622999332718,0.004975124378109453,0.0,0,0.8970019967200884,0.006123627869620254,2.313972297919895,0.014925373134328358,0.0,0
whale,song,zero,geometric,0.0,16,0.5,8,3,40.0,0.9100009852429586,0,-1.3777956356090242,106.25,0.6552649558128562,226.16363636363636,45676,8,0.6029029545806964,0.012580882869427622,24.409895064561066,0.004975124378109453,0.0,0,0.8994916948489958,0.004033814812952332,2.605298180823291,0.014925373134328358,0.0,0,0.91942025404624,0.004610333605515058,-2.043077488365197,0.9651741293532339,0.0,0
whale,song,zero,geometric,0.0,17,0.5,8,3,40.0,0.8876578102794006,0,-1.3109847114461108,89.75,0.6432283927861701,209.8,45957,8,0.5730530453268934,0.01340001080817625,23.47794859691797,0.004975124378109453,0.0,0,0.8925787727339894,0.00511938788689902,-0.9612403989121494,0.8208955223880597,0.0,0,0.9050201289710611,0.0059297806264564075,-2.927986680349773,1.0,0.0,0
whale,song,zero,geometric,0.0,18,0.5,8,3,40.0,0.9281942409733983,0,-1.280678376260496,114.625,0.6383171426944824,182.01818181818183,45462,8,0.5725930996836823,0.013090225686793699,27.165394226049926,0.004975124378109453,0.0,0,0.8773657728682756,0.004837408378418183,10.507375877523804,0.004975124378109453,0.0,0,0.900694446096722,0.005092650049040111,5.399898797652435,0.004975124378109453,0.0,0
whale,song,zero,geometric,0.0,19,0.5,8,3,40.0,0.8465465194994981,0,-1.3439042991955166,81.75,0.623988778595319,227.34545454545454,45558,8,0.6112824757887875,0.012029506490916681,19.557248162121642,0.004975124378109453,0.0,0,0.89982690596406,0.0045284684415453445,-11.76565259365701,1.0,0.0,0,0.9145059965260193,0.005558636999262079,-12.225924635039657,1.0,0.0,0
whale,song,zero,geometric,0.0,20,0.5,8,3,40.0,0.8828521367218889,0,-1.3078128674718252,96.125,0.6002335392746587,220.92727272727274,45685,8,0.5870209550463608,0.014170636224854418,20.876351420034236,0.004975124378109453,0.0,0,0.8894419334221035,0.004835211923345637,-1.3628764994554685,0.9303482587064676,0.0,0,0.9139572531903468,0.005087187518120051,-6.114403362892487,1.0,0.0,0
whale,song,zero,geometric,0.0,21,0.5,8,3,40.0,0.8823412341328026,0,-1.3020128032944052,100.875,0.5942258014324326,204.65454545454546,45525,8,0.6263524673063915,0.0111945654309433,22.867235749841917,0.004975124378109453,0.0,0,0.8924454287419726,0.00419632700876933,-2.4078663526590347,0.9900497512437811,0.0,0,0.9172968501367772,0.004596735547448702,-7.6044435541600315,1.0,0.0,0
whale,song,zero,geometric,0.0,22,0.5,8,3,40.0,0.8938646156727179,0,-1.3011545270069136,100.75,0.6249901620476284,202.16363636363636,46030,8,0.601378327489486,0.01203499773872405,24.302978241709354,0.004975124378109453,0.0,0,0.8907121066384431,0.004446336569815963,0.7090126860111401,0.23880597014925373,0.0,0,0.909511676510151,0.005065656421100604,-3.0888515794826557,0.9950248756218906,0.0,0
whale,song,zero,geometric,0.0,23,0.5,8,3,40.0,0.8997767967144291,0,-1.2730685801296566,112.125,0.6177859976700831,186.1818181818182,45823,8,0.5713844084416972,0.013730599805389767,23.916827591452034,0.004975124378109453,0.0,0,0.8753767879308683,0.006100293346189192,3.9998090909518904,0.004975124378109453,0.0,0,0.9004029392671936,0.007531185738298638,-0.08313996952436713,0.5522388059701493,0.0,0
whale,song,zero,geometric,0.0,24,0.5,8,3,40.0,0.8910503487862205,0,-1.3645884865727198,85.625,0.6507255833120079,232.27272727272728,45723,8,0.5974572344997314,0.012738801466871083,23.047153615669128,0.004975124378109453,0.0,0,0.8948846283288069,0.00435348528019494,-0.8807379136044133,0.8159203980099502,0.0,0,0.9206670154892959,0.004720301434522927,-6.274316823596817,1.0,0.0,0
whale,song,zero,geometric,0.0,25,0.5,8,3,40.0,0.9012219856804933,0,-1.2545480081306453,108.75,0.5644594311406752,193.83636363636364,45849,8,0.5847683961490411,0.01270784299910059,24.902226880978112,0.004975124378109453,0.0,0,0.8940128711205113,0.004654132567098094,1.548970609678386,0.07462686567164178,0.0,0,0.8926222026064504,0.006134003653288517,1.4019853198868577,0.06467661691542288,0.0,0
whale,song,zero,geometric,0.0,26,0.5,8,3,40.0,0.8857585056704536,0,-1.3708837327851953,89.75,0.6215521940057365,218.1818181818182,45791,8,0.5850446721278247,0.013996269306502615,21.485284896805915,0.004975124378109453,0.0,0,0.8958732936915397,0.00605989914570488,-1.669134712952319,0.9800995024875622,0.0,0,0.9159094713003264,0.0057509561472302816,-5.242774394027306,1.0,0.0,0
whale,song,zero,geometric,0.0,27,0.5,8,3,40.0,0.897880089860634,0,-1.304865360328348,100.5,0.5792948565671079,215.96363636363637,45884,8,0.6125239387839987,0.010761673413145031,26.515964582987817,0.004975124378109453,0.0,0,0.8884600502922534,0.006430892302041154,1.46481065549654,0.07462686567164178,0.0,0,0.8954487098077951,0.00572761505122586,0.42450130308922357,0.3333333333333333,0.0,0
whale,song,zero,geometric,0.0,28,0.5,8,3,40.0,0.8820898446285763,0,-1.294358785868384,104.5,0.6035118272936044,221.85454545454544,45671,8,0.5848276806387013,0.012265584283858802,24.23546706870414,0.004975124378109453,0.0,0,0.8992470045700668,0.004175166909361943,-4.109335102991719,1.0,0.0,0,0.9128390501315367,0.005481912208290458,-5.609211591615314,1.0,0.0,0
whale,song,zero,geometric,0.0,29,0.5,8,3,40.0,0.9068412422667718,0,-1.3505878270901959,104.25,0.6005116198175656,206.4909090909091,45809,8,0.5881097896143701,0.013554209726928126,23.515310672755668,0.004975124378109453,0.0,0,0.898554683578504,0.004675180730500568,1.7724574013164491,0.06467661691542288,0.0,0,0.8997287131127808,0.0056170540304447915,1.2662383369361596,0.11442786069651742,0.0,0
whale,song,zero,geometric,0.8,0,0.5,8,3,40.0,0.9411259534603282,0,-1.2514868955521639,111.25,0.45556911591191007,167.4,46429,8,0.5946756746364812,0.012075145056177778,28.69118981279643,0.004975124378109453,0.0,0,0.877444529760556,0.006505598275194735,9.788711353817193,0.004975124378109453,0.0,0,0.8971972184698194,0.006873412131411269,6.39111028855028,0.004975124378109453,0.0,0
whale,song,zero,geometric,0.8,1,0.5,8,3,40.0,0.940750356995288,0,-1.3204405866174613,106.0,0.4202346700702211,168.0,46104,8,0.5705900242712647,0.012702294810652466,29.141217255766843,0.004975124378109453,0.0,0,0.8979152362208283,0.0046959113457153215,9.121790770931751,0.004975124378109453,0.0,0,0.8981126711753569,0.005779747468508362,7.37708456160889,0.004975124378109453,0.0,0
whale,song,zero,geometric,0.8,2,0.5,8,3,40.0,0.9506570942994246,0,-1.224345924444986,120.25,0.4400870588247219,163.8181818181818,45542,8,0.5793455140749407,0.01565970795281279,23.711271075000415,0.004975124378109453,0.0,0,0.8857446820360054,0.0061842968101487265,10.496328726799591,0.004975124378109453,0.0,0,0.8942868861310509,0.007477943106778174,7.53819698324242,0.004975124378109453,0.0,0
whale,song,zero,geometric,0.8,3,0.5,8,3,40.0,0.9232567578130881,0,-1.4056435903549853,92.75,0.5225063174036697,204.5090909090909,45804,8,0.5916130749088474,0.01253168238579706,26.464418159856436,0.004975124378109453,0.0,0,0.9034954482292227,0.004132543205229746,4.781876099651532,0.004975124378109453,0.0,0,0.9201489449839457,0.005270114726783031,0.5897049666392123,0.27860696517412936,0.0,0
whale,song,zero,geometric,0.8,4,0.5,8,3,40.0,0.9277612899353218,0,-1.2966460914075726,99.375,0.4629098096161629,177.07272727272726,45620,8,0.5719125642855769,0.012813720638316385,27.770913358737033,0.004975124378109453,0.0,0,0.8708456907093097,0.00870445519179593,6.538674503104551,0.004975124378109453,0.0,0,0.8942793876379167,0.008216875845618053,4.074772812255712,0.004975124378109453,0.0,0
whale,song,zero,geometric,0.8,5,0.5,8,3,40.0,0.9223317667417177,0,-1.3672482817938916,102.375,0.4535052735292011,190.52727272727273,46208,8,0.5982999837204538,0.012760637999931374,25.393070708769148,0.004975124378109453,0.0,0,0.901907464002689,0.004419564473432005,4.62133833815717,0.004975124378109453,0.0,0,0.9090733077925864,0.005164929446623636,2.5670164686951202,0.004975124378109453,0.0,0
whale,song,zero,geometric,0.8,6,0.5,8,3,40.0,0.9355441764471153,0,-1.3116326802116731,108.625,0.43816970525502813,191.5818181818182,45714,8,0.6149306503454945,0.012625196863671624,25.39473479611001,0.004975124378109453,0.0,0,0.8731962143698323,0.011444415668469862,5.44789387972475,0.004975124378109453,0.0,0,0.901427371127575,0.006825688430177324,4.99829514173327,0.004975124378109453,0.0,0
whale,song,zero,geometric,0.8,7,0.5,8,3,40.0,0.9298109114792938,0,-1.3282547242887333,102.75,0.4211169294411005,188.54545454545453,45494,8,0.6126136598937247,0.012096891863858369,26.221384398190143,0.004975124378109453,0.0,0,0.9017595806694672,0.004739639700028253,5.918452157799986,0.004975124378109453,0.0,0,0.9000597839615694,0.005992202193192916,4.964973904171901,0.004975124378109453,0.0,0
whale,song,zero,geometric,0.8,8,0.5,8,3,40.0,0.9091520808569656,0,-1.370787505007407,84.875,0.49194639241566496,195.8181818181818,45875,8,0.6009010355750328,0.011086785235911056,27.803465001151192,0.004975124378109453,0.0,0,0.8960598458513115,0.00489335830383989,2.675511211876817,0.01990049751243781,0.0,0,0.9124663437522392,0.005735712380730529,-0.5778293392827812,0.736318407960199,0.0,0
whale,song,zero,geometric,0.8,9,0.5,8,3,40.0,0.9451798614641158,0,-1.296273805143671,119.0,0.4533348675102723,166.25454545454545,45621,8,0.5976641530031488,0.01243876079583039,27.93812938162282,0.004975124378109453,0.0,0,0.8936776104858671,0.005341260075038127,9.64234099345575,0.004975124378109453,0.0,0,0.8974256085631722,0.006318474853302891,7.557876546106811,0.004975124378109453,0.0,0
whale,song,zero,geometric,0.8,10,0.5,8,3,40.0,0.9274728920279691,0,-1.261758190443993,97.5,0.46683495724494284,161.87272727272727,45717,8,0.5804991120444681,0.012369369853837157,28.051047392350767,0.004975124378109453,0.0,0,0.8918919457264372,0.005564008297132639,6.394840625932978,0.004975124378109453,0.0,0,0.8995789438980867,0.005475777481197864,5.094061660770855,0.004975124378109453,0.0,0
whale,song,zero,geometric,0.8,11,0.5,8,3,40.0,0.9264965903666343,0,-1.3211725328387858,105.625,0.44787821673853595,180.43636363636364,45654,8,0.6201349834578105,0.011654563633188736,26.28683634592693,0.004975124378109453,0.0,0,0.8993687818869796,0.004580324876739563,5.922682169865061,0.004975124378109453,0.0,0,0.9015519043334759,0.005651650094704533,4.413699647918945,0.004975124378109453,0.0,0
whale,song,zero,geometric,0.8,12,0.5,8,3,40.0,0.9356955107977648,0,-1.2320033799167618,112.0,0.4569560648964332,166.54545454545453,45863,8,0.5943859842398812,0.013673121655531383,24.962077801729265,0.004975124378109453,0.0,0,0.8835625092647694,0.006784781428318898,7.683814443218204,0.004975124378109453,0.0,0,0.884290270400633,0.007381874181855894,6.963711265017508,0.004975124378109453,0.0,0
whale,song,zero,geometric,0.8,13,0.5,8,3,40.0,0.9346364272149005,0,-1.2796664847463513,103.625,0.4527252456720466,166.8909090909091,45799,8,0.5832767428528559,0.012764261838639828,27.52683146144907,0.004975124378109453,0.0,0,0.8804910365382729,0.006825042284046864,7.933341424592969,0.004975124378109453,0.0,0,0.8907203881639054,0.008383708693933876,5.238259182689755,0.004975124378109453,0.0,0
whale,song,zero,geometric,0.8,14,0.5,8,3,40.0,0.9197447369181609,0,-1.3593140940839072,94.0,0.5205623518641554,194.34545454545454,46173,8,0.5860172361089357,0.013306843866026121,25.07938803289556,0.004975124378109453,0.0,0,0.9032484000183737,0.003894909331599859,4.235358385868066,0.004975124378109453,0.0,0,0.9090639883471424,0.005538698236232019,1.928386078365708,0.029850746268656716,0.0,0
whale,song,zero,geometric,0.8,15,0.5,8,3,40.0,0.9355933703272536,0,-1.3159049233490014,98.75,0.4695085996403763,180.03636363636363,45194,8,0.5947653600953907,0.013158099883830123,25.9025249269238,0.004975124378109453,0.0,0,0.8903627462019318,0.005413019769596883,8.355894870247308,0.004975124378109453,0.0,0,0.897464160227831,0.006230762080823838,6.119509877735713,0.004975124378109453,0.0,0
whale,song,zero,geometric,0.8,16,0.5,8,3,40.0,0.9449549138184397,0,-1.313270334874436,106.625,0.5387217201823241,166.83636363636364,45558,8,0.5971660479980264,0.013763045484259596,25.26976069491084,0.004975124378109453,0.0,0,0.8997351503710519,0.004224685778051072,10.703698647204124,0.004975124378109453,0.0,0,0.9205182249010244,0.0046816603800510885,5.219662883181751,0.004975124378109453,0.0,0
whale,song,zero,geometric,0.8,17,0.5,8,3,40.0,0.9418387504211585,0,-1.2733377781411652,103.875,0.4800385685994617,163.0,45884,8,0.5685715101650112,0.012396347473290338,30.111066268544324,0.004975124378109453,0.0,0,0.8895214387387301,0.005258963470910547,9.948217357244744,0.004975124378109453,0.0,0,0.9085106728747325,0.006685443390106328,4.9851708557950865,0.004975124378109453,0.0,0
whale,song,zero,geometric,0.8,18,0.5,8,3,40.0,0.928406914960638,0,-1.3080418165009626,108.0,0.43398774272629614,178.45454545454547,45890,8,0.6126107141189737,0.011424743705521349,27.641425399245175,0.004975124378109453,0.0,0,0.9011815557310371,0.004173096438705236,6.524018706370459,0.004975124378109453,0.0,0,0.9044582167404652,0.005718666194277271,4.187811878955004,0.004975124378109453,0.0,0
whale,song,zero,geometric,0.8,19,0.5,8,3,40.0,0.9428390051536883,0,-1.3024802182919517,105.375,0.4893496378573572,170.98181818181817,46051,8,0.5790132330709681,0.01274913213890823,28.537297136672116,0.004975124378109453,0.0,0,0.8789617760514551,0.009475737078939651,6.741135657320413,0.004975124378109453,0.0,0,0.8843850018692211,0.007684051569848584,7.607185187803094,0.004975124378109453,0.0,0
whale,song,zero,geometric,0.8,20,0.5,8,3,40.0,0.9203973834653976,0,-1.263658753240171,120.125,0.42340381148854195,164.1818181818182,45657,8,0.5851613360830149,0.013559994158434702,24.722433023605422,0.004975124378109453,0.0,0,0.8951765445326286,0.004450322010511067,5.6671941655459275,0.004975124378109453,0.0,0,0.90312947458666,0.005309320731846349,3.2523762927263395,0.004975124378109453,0.0,0
whale,song,zero,geometric,0.8,21,0.5,8,3,40.0,0.9387736883214686,0,-1.3649969787665883,101.0,0.4854076849969769,199.1090909090909,45725,8,0.5999242143121268,0.012494907266893516,27.119006709810222,0.004975124378109453,0.0,0,0.8992958580192483,0.0047718262531061635,8.273107235730278,0.004975124378109453,0.0,0,0.9189023862682637,0.004428416573829001,4.487225111259864,0.004975124378109453,0.0,0
whale,song,zero,geometric,0.8,22,0.5,8,3,40.0,0.9130022286825161,0,-1.305280348688331,104.875,0.45902659863357337,178.07272727272726,46106,8,0.5917719349750619,0.01251678867743917,25.663954388433062,0.004975124378109453,0.0,0,0.8963857670254698,0.004061051243790378,4.091665103328609,0.004975124378109453,0.0,0,0.902659534774567,0.005503349831940514,1.8793451668149321,0.03980099502487562,0.0,0
whale,song,zero,geometric,0.8,23,0.5,8,3,40.0,0.9276689910665359,0,-1.3381326057474339,104.875,0.4161626992530658,175.92727272727274,45897,8,0.5961541195057066,0.011980726002515327,27.670683019645757,0.004975124378109453,0.0,0,0.900394908237464,0.0043934096530935315,6.207953499138726,0.004975124378109453,0.0,0,0.8970787971195497,0.006706714524678859,4.561129571628951,0.004975124378109453,0.0,0
whale,song,zero,geometric,0.8,24,0.5,8,3,40.0,0.9341103928617394,0,-1.2705821160284385,110.0,0.46878167182083724,157.63636363636363,45638,8,0.6051559199832002,0.012876938912734278,25.546014864854964,0.004975124378109453,0.0,0,0.8952955100940588,0.00508005777988864,7.64063804969781,0.004975124378109453,0.0,0,0.9037245283751364,0.00660923893436049,4.597483127540024,0.004975124378109453,0.0,0
whale,song,zero,geometric,0.8,25,0.5,8,3,40.0,0.9282234215368604,0,-1.280139415379825,116.75,0.39375164142285735,170.1090909090909,45438,8,0.6083890375819752,0.011757813774475821,27.201858278210732,0.004975124378109453,0.0,0,0.8975216386390119,0.004195909398294204,7.317074794400938,0.004975124378109453,0.0,0,0.9127762432114201,0.004686287074629807,3.296250972132462,0.004975124378109453,0.0,0
whale,song,zero,geometric,0.8,26,0.5,8,3,40.0,0.9271379314187097,0,-1.2791236561464454,103.0,0.44108614865289414,188.6909090909091,45711,8,0.6178192187080467,0.012378829375036857,24.987719221208028,0.004975124378109453,0.0,0,0.8900906716494963,0.005340189178524885,6.93744332470389,0.004975124378109453,0.0,0,0.9000370428888068,0.0071715572374434,3.778940560971403,0.004975124378109453,0.0,0
whale,song,zero,geometric,0.8,27,0.5,8,3,40.0,0.9343568552821837,0,-1.3783455753397935,101.25,0.5062295716614688,176.1818181818182,45750,8,0.6012376255354674,0.011932322340885228,27.917384414374027,0.004975124378109453,0.0,0,0.9049302148215841,0.004608517020293814,6.385273251898186,0.004975124378109453,0.0,0,0.9043537474837003,0.00517289167055081,5.800064975126114,0.004975124378109453,0.0,0
whale,song,zero,geometric,0.8,28,0.5,8,3,40.0,0.9465112381542147,0,-1.2364769130892581,112.25,0.5037242818744484,174.56363636363636,45759,8,0.5614087083726224,0.014200363242959004,27.119202740995973,0.004975124378109453,0.0,0,0.8715678829923816,0.00740727053495217,10.11753989653855,0.004975124378109453,0.0,0,0.9014731647612371,0.007058688515970905,6.3805157701852115,0.004975124378109453,0.0,0
whale,song,zero,geometric,0.8,29,0.5,8,3,40.0,0.9405571288692494,0,-1.3054071031371164,109.5,0.4915041811017747,171.70909090909092,45463,8,0.586705167394352,0.011750403741656236,30.11402580325478,0.004975124378109453,0.0,0,0.8946542672305469,0.005506940635617642,8.335456050100342,0.004975124378109453,0.0,0,0.9062892777372952,0.006926277382908073,4.947513539743113,0.004975124378109453,0.0,0
