law,mean_repeats,rep,n_elements_total,true_word_types,true_r2,threshold,pipeline_r2,n_unit_types,n_units,boundary_f1,shuffle_mean,shuffle_sd,shuffle_z,shuffle_p,rotate_mean,rotate_sd,rotate_z,rotate_p,bigram_mean,bigram_sd,bigram_z,bigram_p
zipf,1.0,0,5809,98,0.9385328030285198,0.25,0.8774710051840835,402,1043,0.721953868698841,,,,,,,,,,,,
zipf,1.0,0,5809,98,0.9385328030285198,0.5,0.9540519165045535,355,1416,0.7450666034766893,0.7008743759309058,0.016007546040771262,15.816136959956495,0.004975124378109453,0.7776249908867408,0.014982317416761967,11.775676666710398,0.004975124378109453,0.8749013631843723,0.010927541782602558,7.2432167174317845,0.004975124378109453
zipf,1.0,0,5809,98,0.9385328030285198,0.75,0.9703384514275338,314,2068,0.6629569190535053,,,,,,,,,,,,
zipf,1.0,1,6460,100,0.9313783673549877,0.25,0.9100460875588093,417,1094,0.653961244771098,,,,,,,,,,,,
zipf,1.0,1,6460,100,0.9313783673549877,0.5,0.957218214937602,361,1770,0.6427339106668484,0.6356632078286338,0.019530237935446185,16.464469515006034,0.004975124378109453,0.8285493126429543,0.015052189865843649,8.548184911394353,0.004975124378109453,0.9001363810507098,0.00847122075762868,6.738324442257938,0.004975124378109453
zipf,1.0,1,6460,100,0.9313783673549877,0.75,0.949119607035687,321,2097,0.6243378900401872,,,,,,,,,,,,
zipf,1.0,2,5144,99,0.9443056756451202,0.25,0.9292129029566305,341,1040,0.7608497313809667,,,,,,,,,,,,
zipf,1.0,2,5144,99,0.9443056756451202,0.5,0.9658747539645816,320,1430,0.7729461808338857,0.6467220302584902,0.020187923934512075,15.809090857554047,0.004975124378109453,0.8143464434302123,0.011152505127157986,13.586930362881033,0.004975124378109453,0.884368719021777,0.010317594115912852,7.899713249729173,0.004975124378109453
zipf,1.0,2,5144,99,0.9443056756451202,0.75,0.9671777216460287,306,1813,0.7359580341682719,,,,,,,,,,,,
zipf,1.0,3,4940,99,0.9195900930903451,0.25,0.8573764141578494,407,935,0.6995198587011899,,,,,,,,,,,,
zipf,1.0,3,4940,99,0.9195900930903451,0.5,0.9495773322158518,359,1415,0.7039405586416768,0.6670425228288667,0.02047901526473066,13.796308354414474,0.004975124378109453,0.8197233544730619,0.01208469174640601,10.745328095059483,0.004975124378109453,0.8870341377499859,0.009922199521418972,6.303359888183511,0.004975124378109453
zipf,1.0,3,4940,99,0.9195900930903451,0.75,0.959625214547813,315,1931,0.6603215263871498,,,,,,,,,,,,
zipf,1.0,4,5944,100,0.9412951226691708,0.25,0.8830711136076287,384,933,0.6912585626240535,,,,,,,,,,,,
zipf,1.0,4,5944,100,0.9412951226691708,0.5,0.9578404699608111,338,1567,0.7382763377709166,0.6218039413234844,0.02252916427964593,14.915623343424254,0.004975124378109453,0.8166395931722801,0.01578479190211368,8.945374615272778,0.004975124378109453,0.8811269326814011,0.0104494823530335,7.341372011326469,0.004975124378109453
zipf,1.0,4,5944,100,0.9412951226691708,0.75,0.9704135784952778,320,1978,0.6963071685647204,,,,,,,,,,,,
zipf,1.0,5,6400,100,0.948547183528138,0.25,0.9103493164685519,410,1062,0.6749092148589024,,,,,,,,,,,,
zipf,1.0,5,6400,100,0.948547183528138,0.5,0.9507986572660043,363,1567,0.6895394477036153,0.6669480519423273,0.017800755175537867,15.945986702505175,0.004975124378109453,0.7994770709986131,0.014341280965973924,10.551469330139778,0.004975124378109453,0.8776109405520134,0.009818413609171569,7.454128500517118,0.004975124378109453
zipf,1.0,5,6400,100,0.948547183528138,0.75,0.9408724298204553,286,2078,0.6845237653686612,,,,,,,,,,,,
zipf,1.0,6,5951,100,0.9358232905181783,0.25,0.8881464852271906,437,963,0.6052748302554889,,,,,,,,,,,,
zipf,1.0,6,5951,100,0.9358232905181783,0.5,0.9536815465844312,383,1607,0.6321281100617028,0.6752342154980514,0.01738711558226137,16.01457871312804,0.004975124378109453,0.81878241269204,0.011415121430529026,11.817582030412037,0.004975124378109453,0.8835488588468966,0.009642084521231708,7.273602257178265,0.004975124378109453
zipf,1.0,6,5951,100,0.9358232905181783,0.75,0.9618675293317662,339,2119,0.6232976895924771,,,,,,,,,,,,
zipf,1.0,7,5558,98,0.9538352180250551,0.25,0.9004665403289333,371,1005,0.7227716150673598,,,,,,,,,,,,
zipf,1.0,7,5558,98,0.9538352180250551,0.5,0.960788511667723,320,1462,0.7802712170987143,0.6249815103752847,0.020340172123202712,16.509545703862166,0.004975124378109453,0.7968692499730959,0.01349560025249434,12.146126043139915,0.004975124378109453,0.8933800351906339,0.01061114504743469,6.352610974193172,0.004975124378109453
zipf,1.0,7,5558,98,0.9538352180250551,0.75,0.9653669787779773,281,2210,0.6750959605024229,,,,,,,,,,,,
zipf,1.0,8,6097,99,0.963510535942072,0.25,0.8918119510477239,396,1018,0.6888686326647361,,,,,,,,,,,,
zipf,1.0,8,6097,99,0.963510535942072,0.5,0.9594996762007052,353,1763,0.6872929466699988,0.637719494115684,0.01930740579457275,16.666153159502795,0.004975124378109453,0.8444662896297014,0.009780826657844636,11.761110854443185,0.004975124378109453,0.8896961103166151,0.009314335975056745,7.4942074315356475,0.004975124378109453
zipf,1.0,8,6097,99,0.963510535942072,0.75,0.9663767698967657,330,2538,0.5840670021001115,,,,,,,,,,,,
zipf,1.0,9,5147,100,0.9596868764774328,0.25,0.866225360681064,456,860,0.6320753675598823,,,,,,,,,,,,
zipf,1.0,9,5147,100,0.9596868764774328,0.5,0.9353530397814832,381,1449,0.6842568786262746,0.6986802132933326,0.018973711893831825,12.473723002249796,0.004975124378109453,0.8278280153065267,0.010259385257608286,10.480649841589358,0.004975124378109453,0.8581397291094287,0.01453101712767966,5.313689330458044,0.004975124378109453
zipf,1.0,9,5147,100,0.9596868764774328,0.75,0.9530669597082464,305,1924,0.6761428745347295,,,,,,,,,,,,
zipf,1.0,10,4991,99,0.9323067304286756,0.25,0.8595671670140529,388,933,0.7053199668503122,,,,,,,,,,,,
zipf,1.0,10,4991,99,0.9323067304286756,0.5,0.9455106714133611,326,1490,0.7542509458378923,0.5770320154897248,0.029995098628799472,12.284628915000313,0.004975124378109453,0.8175529792188633,0.011778132120136982,10.864005505230285,0.004975124378109453,0.8848052610521276,0.009986486958582619,6.0787552833143,0.004975124378109453
zipf,1.0,10,4991,99,0.9323067304286756,0.75,0.9426133595503322,302,2051,0.6842021343222514,,,,,,,,,,,,
zipf,1.0,11,4968,97,0.9465822265807186,0.25,0.8410643607210101,404,846,0.6852943886505881,,,,,,,,,,,,
zipf,1.0,11,4968,97,0.9465822265807186,0.5,0.9512585653681517,348,1534,0.7231404670308921,0.6528335433106086,0.02176206403398518,13.713084457039619,0.004975124378109453,0.8457732006303172,0.01054698718177866,10.001468942720875,0.004975124378109453,0.8840398731336719,0.011337575399909905,5.9288419140316275,0.004975124378109453
zipf,1.0,11,4968,97,0.9465822265807186,0.75,0.9624118144577134,309,1896,0.7014071138521037,,,,,,,,,,,,
zipf,1.0,12,6108,100,0.914712989278238,0.25,0.8749034052858066,432,978,0.6940250302162125,,,,,,,,,,,,
zipf,1.0,12,6108,100,0.914712989278238,0.5,0.9581539613334902,341,1596,0.7284479889467581,0.6807925379626948,0.017087138335157764,16.232175214506714,0.004975124378109453,0.8168931842517708,0.010937283092634215,12.915527182143832,0.004975124378109453,0.8952620115199474,0.00957489206025546,6.56842389634884,0.004975124378109453
zipf,1.0,12,6108,100,0.914712989278238,0.75,0.9673203105647105,314,2100,0.6713376112277627,,,,,,,,,,,,
zipf,1.0,13,6025,97,0.9409651739300473,0.25,0.9056182839663706,430,1089,0.6616569227775901,,,,,,,,,,,,
zipf,1.0,13,6025,97,0.9409651739300473,0.5,0.9657650740659146,387,1833,0.6325046600868375,0.6983735669524126,0.016289248800620208,16.415214132116464,0.004975124378109453,0.865687529340907,0.00828796563349822,12.075043400338819,0.004975124378109453,0.8679160272672669,0.011064254801769875,8.843708731562783,0.004975124378109453
zipf,1.0,13,6025,97,0.9409651739300473,0.75,0.9576007987184848,334,2141,0.6300650255807344,,,,,,,,,,,,
zipf,1.0,14,5032,98,0.9587199326145853,0.25,0.9029906054647845,361,1051,0.7630560062912105,,,,,,,,,,,,
zipf,1.0,14,5032,98,0.9587199326145853,0.5,0.955612789106762,334,1464,0.783104213832622,0.6195394903569484,0.02379751953656963,14.122198670049201,0.004975124378109453,0.8122011570179304,0.010976594262661942,13.065221202232241,0.004975124378109453,0.8805912798290398,0.01090548470786748,6.87924574536332,0.004975124378109453
zipf,1.0,14,5032,98,0.9587199326145853,0.75,0.9585175551482137,301,1886,0.7317922129716109,,,,,,,,,,,,
zipf,1.0,15,5931,98,0.9422654360476092,0.25,0.8851820480778395,376,969,0.7513110771574014,,,,,,,,,,,,
zipf,1.0,15,5931,98,0.9422654360476092,0.5,0.952517104773279,329,1519,0.7858073396666738,0.5727985531662013,0.029880840099168145,12.707760235216703,0.004975124378109453,0.7930317748647266,0.013888055809185314,11.48363256166292,0.004975124378109453,0.8801294690164244,0.009937383338307532,7.284375905859253,0.004975124378109453
zipf,1.0,15,5931,98,0.9422654360476092,0.75,0.9538672921926388,305,2134,0.6926912433136696,,,,,,,,,,,,
zipf,1.0,16,6095,99,0.9306714961727346,0.25,0.8848908206088455,419,1077,0.6966287216449866,,,,,,,,,,,,
zipf,1.0,16,6095,99,0.9306714961727346,0.5,0.95481352810521,356,1654,0.6796215045173041,0.6495181302357611,0.01963832285310449,15.545899726421233,0.004975124378109453,0.8291982383598355,0.011303374407151227,11.113078733895813,0.004975124378109453,0.8953190967346728,0.010710936783012727,5.554549763088312,0.004975124378109453
zipf,1.0,16,6095,99,0.9306714961727346,0.75,0.9664569037655146,316,2296,0.6148997792429954,,,,,,,,,,,,
zipf,1.0,17,5441,97,0.9670860439303237,0.25,0.9190994323393306,371,1063,0.6847715874622492,,,,,,,,,,,,
zipf,1.0,17,5441,97,0.9670860439303237,0.5,0.9561800939073488,331,1564,0.741019968838476,0.6766578073064153,0.020250388960207474,13.803304576035643,0.004975124378109453,0.8121608553606634,0.01334342766845954,10.793271573473596,0.004975124378109453,0.8909121639819699,0.010134300311638256,6.440299568626858,0.004975124378109453
zipf,1.0,17,5441,97,0.9670860439303237,0.75,0.9658996019398011,291,2361,0.6296169781113876,,,,,,,,,,,,
zipf,1.0,18,5939,100,0.9558945241626052,0.25,0.8742257113144284,368,1041,0.7439921169248397,,,,,,,,,,,,
zipf,1.0,18,5939,100,0.9558945241626052,0.5,0.955612392652073,352,1675,0.6990061745973554,0.6325279987222833,0.0207211130592477,15.592038565013246,0.004975124378109453,0.8350946393317205,0.010583250079198145,11.387593831618474,0.004975124378109453,0.905141253718745,0.008590301316431745,5.875363048882293,0.004975124378109453
zipf,1.0,18,5939,100,0.9558945241626052,0.75,0.9523626240374412,306,2189,0.6535459529571528,,,,,,,,,,,,
zipf,1.0,19,4500,99,0.9408778629079574,0.25,0.8891465904312459,362,1014,0.7497459709973994,,,,,,,,,,,,
zipf,1.0,19,4500,99,0.9408778629079574,0.5,0.9484276419893461,317,1511,0.7711661814559557,0.6710418486273941,0.019583264561087253,14.164430679914775,0.004975124378109453,0.8709822938972113,0.00855221967646429,9.055584517463283,0.004975124378109453,0.8595523004567295,0.013454652272310743,6.605547266020347,0.004975124378109453
zipf,1.0,19,4500,99,0.9408778629079574,0.75,0.9582336778750471,294,1855,0.7380992126611641,,,,,,,,,,,,
zipf,5.0,0,5455,74,0.8782728187463622,0.25,0.8423751127312031,194,370,0.2861254031496698,,,,,,,,,,,,
zipf,5.0,0,5455,74,0.8782728187463622,0.5,0.9318953892099291,235,879,0.36951697181256965,0.6073898952863439,0.024822673537675748,13.072946934223348,0.004975124378109453,0.8780583113395426,0.011292918438850646,4.767330797783203,0.004975124378109453,0.8605685376763234,0.013676513748969986,5.215280212691451,0.004975124378109453
zipf,5.0,0,5455,74,0.8782728187463622,0.75,0.9030209189445363,212,1603,0.4656996530906237,,,,,,,,,,,,
zipf,5.0,1,4734,70,0.8987991452491201,0.25,0.8997535439064925,193,464,0.2935212254635626,,,,,,,,,,,,
zipf,5.0,1,4734,70,0.8987991452491201,0.5,0.9439213054806049,223,904,0.3312221284109974,0.6686740809366423,0.023303780361690073,11.811269256401486,0.004975124378109453,0.9032483634388475,0.009649087395330172,4.21521128116652,0.004975124378109453,0.8960637305091578,0.009295468325050809,5.148484540845937,0.004975124378109453
zipf,5.0,1,4734,70,0.8987991452491201,0.75,0.9297006075516278,194,1519,0.4978538767396831,,,,,,,,,,,,
zipf,5.0,2,4786,68,0.8760185236898869,0.25,0.8850708786394091,186,334,0.26029544920163444,,,,,,,,,,,,
zipf,5.0,2,4786,68,0.8760185236898869,0.5,0.944832450854487,213,880,0.3770174862915091,0.6180020991708405,0.02556795547142946,12.782811361231378,0.004975124378109453,0.8877382242511949,0.011106301161420227,5.140705782553365,0.004975124378109453,0.8662320116733965,0.01398763013264035,5.619282068209337,0.004975124378109453
zipf,5.0,2,4786,68,0.8760185236898869,0.75,0.9201466070565784,208,1629,0.39798932679935295,,,,,,,,,,,,
zipf,5.0,3,5944,69,0.8788772248421669,0.25,0.9121347353267081,206,462,0.2717226220536267,,,,,,,,,,,,
zipf,5.0,3,5944,69,0.8788772248421669,0.5,0.9557139051819469,208,1113,0.42152454546551626,0.6985465666564968,0.016933263963381,15.187109766999841,0.004975124378109453,0.9099684101185757,0.007956000720843029,5.749810321601374,0.004975124378109453,0.8675114938621433,0.012841759525821242,6.8684054659684906,0.004975124378109453
zipf,5.0,3,5944,69,0.8788772248421669,0.75,0.9237884472848856,192,2094,0.37801165712333745,,,,,,,,,,,,
zipf,5.0,4,5542,72,0.901932532670506,0.25,0.9142911496734856,179,535,0.36965027048852445,,,,,,,,,,,,
zipf,5.0,4,5542,72,0.901932532670506,0.5,0.9613623525606707,193,1185,0.3808472582010083,0.7002316279660471,0.017308348592779375,15.086980897967415,0.004975124378109453,0.9121648867757195,0.008855849319381779,5.55536391944682,0.004975124378109453,0.8993519992444218,0.01132975474392902,5.473229978740432,0.004975124378109453
zipf,5.0,4,5542,72,0.901932532670506,0.75,0.9369692950332805,187,2241,0.3230666484920725,,,,,,,,,,,,
zipf,5.0,5,5610,70,0.8460716641223418,0.25,0.8339191378411671,212,385,0.25434629980996143,,,,,,,,,,,,
zipf,5.0,5,5610,70,0.8460716641223418,0.5,0.9312385347797631,214,976,0.3714386628634716,0.6459045414651754,0.02129682373077553,13.397960039564888,0.004975124378109453,0.8865869513988187,0.01190535539954646,3.750546025920861,0.004975124378109453,0.8661333091025211,0.014463503721088473,4.501345381639138,0.004975124378109453
zipf,5.0,5,5610,70,0.8460716641223418,0.75,0.8780153623991013,191,1624,0.4542680053107578,,,,,,,,,,,,
zipf,5.0,6,6800,69,0.9063508046615518,0.25,0.8983043791100108,214,588,0.2688439889611194,,,,,,,,,,,,
zipf,5.0,6,6800,69,0.9063508046615518,0.5,0.9310261280436944,219,1238,0.3861609325072663,0.6655190733529096,0.01559894824056089,17.02083054551106,0.004975124378109453,0.9133635346823883,0.008140322543136853,2.1697657884818797,0.004975124378109453,0.8933041577622217,0.011434516068884534,3.2989564275589496,0.004975124378109453
zipf,5.0,6,6800,69,0.9063508046615518,0.75,0.9325349908571101,193,2215,0.3133002432098667,,,,,,,,,,,,
zipf,5.0,7,6146,69,0.895351475030387,0.25,0.8855314159601232,224,736,0.3270884498165865,,,,,,,,,,,,
zipf,5.0,7,6146,69,0.895351475030387,0.5,0.9342503809265643,216,1337,0.4072158343969211,0.6977992082577225,0.016980134237598653,13.925165099418024,0.004975124378109453,0.9253908637554241,0.007636060633387659,1.1602209040094753,0.13930348258706468,0.8728691067749503,0.014274404179121562,4.300093606806596,0.004975124378109453
zipf,5.0,7,6146,69,0.895351475030387,0.75,0.920212473816024,186,2665,0.355284970683934,,,,,,,,,,,,
zipf,5.0,8,5680,69,0.8910870018597215,0.25,0.8885814609753592,191,521,0.24740870550823715,,,,,,,,,,,,
zipf,5.0,8,5680,69,0.8910870018597215,0.5,0.9433372583680724,208,933,0.3363910779186418,0.7331736896935979,0.016103527418763773,13.050778454265409,0.004975124378109453,0.9045884254534252,0.011667353430515224,3.32113303547504,0.004975124378109453,0.8518013205324343,0.015139288738730347,6.046250878448779,0.004975124378109453
zipf,5.0,8,5680,69,0.8910870018597215,0.75,0.9209002579510214,187,1614,0.2972082111830973,,,,,,,,,,,,
zipf,5.0,9,5712,64,0.9059324844761645,0.25,0.9186624116270278,192,439,0.2721002008293284,,,,,,,,,,,,
zipf,5.0,9,5712,64,0.9059324844761645,0.5,0.951705393408907,201,904,0.43171541013053905,0.7015116216034661,0.017703660272861122,14.132318850976606,0.004975124378109453,0.905825116226458,0.008701026545633333,5.272972900591177,0.004975124378109453,0.8608612368411853,0.014949471384543313,6.076747078940068,0.004975124378109453
zipf,5.0,9,5712,64,0.9059324844761645,0.75,0.9317500994598676,161,1887,0.6033593697182736,,,,,,,,,,,,
zipf,5.0,10,5784,65,0.8918030492615361,0.25,0.8535359723443204,193,376,0.2708358390028313,,,,,,,,,,,,
zipf,5.0,10,5784,65,0.8918030492615361,0.5,0.9375075315017443,199,1167,0.4873236257617786,0.6580577150739214,0.021811525694350083,12.812025180806573,0.004975124378109453,0.9090832335171565,0.009261583027915087,3.0690539510270414,0.004975124378109453,0.8923513606825253,0.012950944044173945,3.486708819464997,0.004975124378109453
zipf,5.0,10,5784,65,0.8918030492615361,0.75,0.9079908849911295,188,2278,0.4018310462033117,,,,,,,,,,,,
zipf,5.0,11,5350,72,0.8921374786063538,0.25,0.9023875588330839,194,504,0.3320824163705245,,,,,,,,,,,,
zipf,5.0,11,5350,72,0.8921374786063538,0.5,0.9429949277655862,196,985,0.4004223080489847,0.6811493811580975,0.019551630049130388,13.392517449926638,0.004975124378109453,0.9013554966562063,0.008499096650975368,4.899277278438921,0.004975124378109453,0.8864379860818454,0.01288706241318782,4.388660493012274,0.004975124378109453
zipf,5.0,11,5350,72,0.8921374786063538,0.75,0.9369182386482077,175,1891,0.45315159251618553,,,,,,,,,,,,
zipf,5.0,12,5386,69,0.8962254983924028,0.25,0.8369746126886696,185,315,0.23107426929212455,,,,,,,,,,,,
zipf,5.0,12,5386,69,0.8962254983924028,0.5,0.9273593710472349,205,873,0.25784146370220545,0.599672820811425,0.02550749320056047,12.846677941233741,0.004975124378109453,0.8935659544703092,0.010451467556411279,3.233365687117852,0.004975124378109453,0.9052308857388826,0.009419954997576392,2.3491073273753043,0.004975124378109453
zipf,5.0,12,5386,69,0.8962254983924028,0.75,0.9273796461797192,174,1874,0.5061721788758754,,,,,,,,,,,,
zipf,5.0,13,5792,62,0.8782852981596938,0.25,0.8577538803469125,185,323,0.2588217565460613,,,,,,,,,,,,
zipf,5.0,13,5792,62,0.8782852981596938,0.5,0.9485994699584049,214,675,0.27595232010591475,0.5355239233382157,0.02854001946223559,14.473555183337364,0.004975124378109453,0.8685086654133434,0.016481759381513313,4.859360138147329,0.004975124378109453,0.8762601496360068,0.014368077077739521,5.034725240615078,0.004975124378109453
zipf,5.0,13,5792,62,0.8782852981596938,0.75,0.9430991980904443,178,1698,0.44376431431858865,,,,,,,,,,,,
zipf,5.0,14,6642,67,0.876844108313474,0.25,0.8731637582762358,194,506,0.3657799313603828,,,,,,,,,,,,
zipf,5.0,14,6642,67,0.876844108313474,0.5,0.9215871750170463,196,1365,0.3825349609586018,0.6782543784048681,0.014823245756459357,16.415621828717494,0.004975124378109453,0.9139398323905052,0.008366903224757909,0.9139991728256627,0.208955223880597,0.9095973065385834,0.006809310861550668,1.7608049804517996,0.03482587064676617
zipf,5.0,14,6642,67,0.876844108313474,0.75,0.9208261131592352,187,2145,0.329229048642202,,,,,,,,,,,,
zipf,5.0,15,5829,73,0.8501902556685269,0.25,0.8625172618339451,212,410,0.25845343284142863,,,,,,,,,,,,
zipf,5.0,15,5829,73,0.8501902556685269,0.5,0.9204857444671003,226,856,0.28056364044144516,0.567019020848178,0.027031764054858097,13.075976947031613,0.004975124378109453,0.884020614258965,0.009288309558041713,3.9259167645380795,0.004975124378109453,0.8944219345855366,0.009616584089923177,2.710298130588266,0.004975124378109453
zipf,5.0,15,5829,73,0.8501902556685269,0.75,0.8855902660967193,215,1566,0.2812483133705877,,,,,,,,,,,,
zipf,5.0,16,6081,74,0.837807815064501,0.25,0.8726064169199617,193,480,0.2843031470884624,,,,,,,,,,,,
zipf,5.0,16,6081,74,0.837807815064501,0.5,0.9097550697783341,215,1201,0.3448170382272981,0.5780747138088356,0.0264907407991004,12.520614598318899,0.004975124378109453,0.9053910528253377,0.007653604554447914,0.5701910677447025,0.2885572139303483,0.8910167693547411,0.010113252634638888,1.852846072430991,0.014925373134328358
zipf,5.0,16,6081,74,0.837807815064501,0.75,0.8996544011449932,198,1956,0.4963701911306155,,,,,,,,,,,,
zipf,5.0,17,5545,67,0.8849734923789758,0.25,0.8937698293423691,206,515,0.19313856856389475,,,,,,,,,,,,
zipf,5.0,17,5545,67,0.8849734923789758,0.5,0.9557855194754578,195,1476,0.4848027970588081,0.6657930898731085,0.018713212825010334,15.496667104366624,0.004975124378109453,0.9228881793890491,0.008057671637793373,4.082735257181283,0.004975124378109453,0.927429592941676,0.009349669304128873,3.032826682036718,0.004975124378109453
zipf,5.0,17,5545,67,0.8849734923789758,0.75,0.9401816215250819,181,1914,0.5306668595971208,,,,,,,,,,,,
zipf,5.0,18,6204,64,0.8576174837050892,0.25,0.8497065733341443,181,434,0.26046068581679505,,,,,,,,,,,,
zipf,5.0,18,6204,64,0.8576174837050892,0.5,0.9275066820515325,184,1103,0.4538423821383296,0.6626922701709222,0.01847891302051683,14.330627109213147,0.004975124378109453,0.9183103285315128,0.007426655026126108,1.238290116838332,0.07960199004975124,0.8862827722824015,0.011412698218860998,3.6121089840965968,0.004975124378109453
zipf,5.0,18,6204,64,0.8576174837050892,0.75,0.892093683858893,173,2011,0.38582668574578294,,,,,,,,,,,,
zipf,5.0,19,6104,77,0.9159449120786349,0.25,0.9195029564591203,202,431,0.3129425198650865,,,,,,,,,,,,
zipf,5.0,19,6104,77,0.9159449120786349,0.5,0.9516855030954375,213,1052,0.4239115792613996,0.6664595521899827,0.017443568495889215,16.351353278010276,0.004975124378109453,0.9014712815280009,0.008036795284131764,6.248040393237585,0.004975124378109453,0.8537449286516275,0.013544805669685444,7.230858591276083,0.004975124378109453
zipf,5.0,19,6104,77,0.9159449120786349,0.75,0.9358234645030801,198,1876,0.5347545322419236,,,,,,,,,,,,
uniform,1.0,0,5668,100,0.6240297952530517,0.25,0.8072148958216676,443,758,0.6841402907197455,,,,,,,,,,,,
uniform,1.0,0,5668,100,0.6240297952530517,0.5,0.8206924846582564,438,1469,0.7126154987752267,0.3785499056868897,0.042513839016303234,10.399968320946353,0.004975124378109453,0.7567311718722146,0.010584579365005205,6.04287714989516,0.004975124378109453,0.754469409341933,0.01729722001834339,3.828538646446946,0.004975124378109453
uniform,1.0,0,5668,100,0.6240297952530517,0.75,0.8052888816161708,378,2319,0.6084358384797255,,,,,,,,,,,,
uniform,1.0,1,5312,100,0.6447467444090131,0.25,0.8070228278560385,436,821,0.709410989059939,,,,,,,,,,,,
uniform,1.0,1,5312,100,0.6447467444090131,0.5,0.8249833871660529,395,1404,0.7585608658708198,0.39217017825196265,0.047982973253009445,9.02014151211325,0.004975124378109453,0.7770944227547196,0.010288980034187165,4.654393754503629,0.009950248756218905,0.7599680569093491,0.016267477682678527,3.9966448102726817,0.004975124378109453
uniform,1.0,1,5312,100,0.6447467444090131,0.75,0.7706251364517834,334,2058,0.6921312048353375,,,,,,,,,,,,
uniform,1.0,2,5707,100,0.7211765974654509,0.25,0.7807893323398379,441,678,0.6457506239372897,,,,,,,,,,,,
uniform,1.0,2,5707,100,0.7211765974654509,0.5,0.842393291830279,470,1332,0.6923982674847233,0.3398014787438143,0.04701333845652746,10.69040892620727,0.004975124378109453,0.7206957003946641,0.013325734433562757,9.132524142842152,0.004975124378109453,0.6933340777333126,0.0197439101626794,7.549629879228439,0.004975124378109453
uniform,1.0,2,5707,100,0.7211765974654509,0.75,0.8399318595221306,435,2149,0.6034990837816794,,,,,,,,,,,,
uniform,1.0,3,5480,100,0.7486486259544314,0.25,0.8016707156406665,425,810,0.7300969389892353,,,,,,,,,,,,
uniform,1.0,3,5480,100,0.7486486259544314,0.5,0.816906744425039,392,1425,0.7620134320081056,0.33252737336876753,0.049615050714594225,9.7627506992307,0.004975124378109453,0.7597718711964894,0.012655838708084868,4.514507062424113,0.009950248756218905,0.7329924251141005,0.015564720773416084,5.391315432671352,0.004975124378109453
uniform,1.0,3,5480,100,0.7486486259544314,0.75,0.7493580692133939,335,2070,0.6845456809104997,,,,,,,,,,,,
uniform,1.0,4,5864,100,0.7047966570851255,0.25,0.8018209345378762,474,749,0.6416561661831377,,,,,,,,,,,,
uniform,1.0,4,5864,100,0.7047966570851255,0.5,0.8198973633402971,499,1529,0.650084760136873,0.39277855464543016,0.04221894301358477,10.116757507582156,0.004975124378109453,0.7770473524207333,0.011437318495526209,3.7465084964036675,0.004975124378109453,0.7235718116370492,0.017913576054468135,5.377237432121859,0.004975124378109453
uniform,1.0,4,5864,100,0.7047966570851255,0.75,0.809304663545011,428,2195,0.6120225386709924,,,,,,,,,,,,
uniform,1.0,5,6112,100,0.7004354988187651,0.25,0.7920037623693994,445,754,0.6968853365526634,,,,,,,,,,,,
uniform,1.0,5,6112,100,0.7004354988187651,0.5,0.8219433918598845,470,1355,0.6932045015260685,0.31487375841962445,0.0491587057272024,10.314950850296057,0.004975124378109453,0.7029768558051098,0.013230982843070982,8.991511625840936,0.004975124378109453,0.6898262718071448,0.020203154736402607,6.539430191795115,0.004975124378109453
uniform,1.0,5,6112,100,0.7004354988187651,0.75,0.8214777208146384,450,2155,0.6074928557957621,,,,,,,,,,,,
uniform,1.0,6,5464,100,0.6727944091206008,0.25,0.8040839476774823,462,777,0.6930855197409975,,,,,,,,,,,,
uniform,1.0,6,5464,100,0.6727944091206008,0.5,0.807637209382363,438,1415,0.7270667745000321,0.3483607889554409,0.05049436212564074,9.09559802506554,0.004975124378109453,0.7724624297684062,0.011373215287318529,3.092773567135214,0.01990049751243781,0.7479266670184175,0.018129080095559885,3.293633325530383,0.004975124378109453
uniform,1.0,6,5464,100,0.6727944091206008,0.75,0.7820469820411434,371,2012,0.6815754539115658,,,,,,,,,,,,
uniform,1.0,7,5696,100,0.7914745117474032,0.25,0.8016559377904485,447,761,0.6824366366599183,,,,,,,,,,,,
uniform,1.0,7,5696,100,0.7914745117474032,0.5,0.8222503561737193,432,1486,0.7048168010398701,0.3561093288830341,0.052765634058649265,8.83417844979494,0.004975124378109453,0.7749738257794704,0.010493741920842639,4.505211844437345,0.004975124378109453,0.7490702719664896,0.015486608373520526,4.725378368342762,0.004975124378109453
uniform,1.0,7,5696,100,0.7914745117474032,0.75,0.7950253074150672,370,2338,0.6195836018800208,,,,,,,,,,,,
uniform,1.0,8,5700,100,0.670650058792488,0.25,0.8022313338801679,438,788,0.7067997465211197,,,,,,,,,,,,
uniform,1.0,8,5700,100,0.670650058792488,0.5,0.8139308916292524,429,1545,0.702130277950951,0.37308754896446944,0.0478435924871617,9.214260881079914,0.004975124378109453,0.78695527889701,0.010801429738871967,2.497411304279754,0.01990049751243781,0.7561097620955308,0.0162115253983512,3.5666680409730143,0.004975124378109453
uniform,1.0,8,5700,100,0.670650058792488,0.75,0.7942489520692273,366,2124,0.6502460134548894,,,,,,,,,,,,
uniform,1.0,9,5658,100,0.6847754374731829,0.25,0.7902106758576304,481,759,0.66542919535088,,,,,,,,,,,,
uniform,1.0,9,5658,100,0.6847754374731829,0.5,0.8234998903662872,437,1301,0.7460295790499597,0.37762297180605003,0.04586484372547679,9.72154012404415,0.004975124378109453,0.6876251917658481,0.015496624477756559,8.768019047984936,0.004975124378109453,0.7148446938849372,0.021267296071961646,5.109027311873405,0.004975124378109453
uniform,1.0,9,5658,100,0.6847754374731829,0.75,0.8062107472830815,386,2061,0.6599982119459417,,,,,,,,,,,,
uniform,1.0,10,5821,100,0.7459299835270469,0.25,0.8044355519644495,440,752,0.683130666820899,,,,,,,,,,,,
uniform,1.0,10,5821,100,0.7459299835270469,0.5,0.8327108142091967,417,1368,0.7399369021260505,0.26556786779007224,0.051355886888092374,11.04338724896259,0.004975124378109453,0.7291744241091149,0.012160328441672018,8.514275794169729,0.004975124378109453,0.7293509595891546,0.018280662729813296,5.654054021328015,0.004975124378109453
uniform,1.0,10,5821,100,0.7459299835270469,0.75,0.7839519549238168,376,2057,0.670413790902464,,,,,,,,,,,,
uniform,1.0,11,5882,100,0.7327836061954474,0.25,0.8017416323222829,445,793,0.687027068862454,,,,,,,,,,,,
uniform,1.0,11,5882,100,0.7327836061954474,0.5,0.8145198042145448,431,1428,0.7199636591581174,0.28653920844014774,0.04677617877784367,11.28738194459963,0.004975124378109453,0.7332224492959449,0.015202226229543018,5.34772695071541,0.004975124378109453,0.7162103149794933,0.01918948556898914,5.123091438882709,0.004975124378109453
uniform,1.0,11,5882,100,0.7327836061954474,0.75,0.8173735521582441,420,2001,0.6485212539690821,,,,,,,,,,,,
uniform,1.0,12,5429,100,0.7913878907678246,0.25,0.8060102801939117,441,789,0.7017836658898057,,,,,,,,,,,,
uniform,1.0,12,5429,100,0.7913878907678246,0.5,0.8245733027396528,417,1242,0.7686996699018988,0.3394291505840654,0.05119450192823817,9.47648934714977,0.004975124378109453,0.6864509893520493,0.015286342700281808,9.03566772613682,0.004975124378109453,0.7126383375296697,0.019103675261401488,5.859341916062875,0.004975124378109453
uniform,1.0,12,5429,100,0.7913878907678246,0.75,0.7981005684833397,369,2104,0.6511011816935524,,,,,,,,,,,,
uniform,1.0,13,5470,100,0.7217619363352578,0.25,0.7927976590100868,424,745,0.6922333131743417,,,,,,,,,,,,
uniform,1.0,13,5470,100,0.7217619363352578,0.5,0.8230069952444369,418,1423,0.7302875334104694,0.3961644121045649,0.04232586237055747,10.084675402545143,0.004975124378109453,0.7730008408192718,0.00971040473738833,5.149749755808278,0.004975124378109453,0.7448294700497522,0.017290490274232566,4.52141749335992,0.004975124378109453
uniform,1.0,13,5470,100,0.7217619363352578,0.75,0.7994527986685084,363,1986,0.6815928471606224,,,,,,,,,,,,
uniform,1.0,14,5463,100,0.755137638791657,0.25,0.7703369440697063,448,713,0.6421507955756773,,,,,,,,,,,,
uniform,1.0,14,5463,100,0.755137638791657,0.5,0.8492066088259126,469,1326,0.7094186940358009,0.4291496475593501,0.04375790683969436,9.599567063512138,0.004975124378109453,0.7270925679007442,0.015353281314583026,7.953611897228815,0.004975124378109453,0.7351335988902885,0.019123351075047788,5.965116128860225,0.004975124378109453
uniform,1.0,14,5463,100,0.755137638791657,0.75,0.8416421490448948,422,1951,0.6377674472355788,,,,,,,,,,,,
uniform,1.0,15,5629,100,0.7646293183247134,0.25,0.8110556367003491,445,810,0.7009859284140665,,,,,,,,,,,,
uniform,1.0,15,5629,100,0.7646293183247134,0.5,0.8161647170307774,446,1440,0.7197815691394652,0.3602790251169047,0.04965560717867829,9.1809509100037,0.004975124378109453,0.7571871090552105,0.013340987677117088,4.420782733854655,0.004975124378109453,0.7358029169446748,0.01689745260845863,4.755852964835339,0.004975124378109453
uniform,1.0,15,5629,100,0.7646293183247134,0.75,0.8084496845045817,393,2037,0.6626025545405952,,,,,,,,,,,,
uniform,1.0,16,5508,100,0.7074171373632027,0.25,0.7902787700363127,469,767,0.6508073110887954,,,,,,,,,,,,
uniform,1.0,16,5508,100,0.7074171373632027,0.5,0.8180943418700929,454,1506,0.6914113305130207,0.4512258117007423,0.03885570620411375,9.441818615833299,0.004975124378109453,0.8005419498887938,0.00898575094506316,1.9533583880312768,0.04477611940298507,0.7443357945859244,0.01725787776615298,4.273905997226815,0.004975124378109453
uniform,1.0,16,5508,100,0.7074171373632027,0.75,0.8211777672683755,389,2125,0.6387488214236142,,,,,,,,,,,,
uniform,1.0,17,5474,100,0.7060763422460999,0.25,0.7883692039958495,442,698,0.6402453598295014,,,,,,,,,,,,
uniform,1.0,17,5474,100,0.7060763422460999,0.5,0.8082057022255731,446,1283,0.7319082362284993,0.3494755674101851,0.04919584983836999,9.324569782258427,0.004975124378109453,0.6916938612557371,0.01583196737591249,7.359277479759255,0.004975124378109453,0.701845811465642,0.01934054007148669,5.499323719337861,0.004975124378109453
uniform,1.0,17,5474,100,0.7060763422460999,0.75,0.804971181419704,402,1983,0.663118579945647,,,,,,,,,,,,
uniform,1.0,18,5904,100,0.7856440225049484,0.25,0.7982993744387299,446,791,0.6806513225135019,,,,,,,,,,,,
uniform,1.0,18,5904,100,0.7856440225049484,0.5,0.8377867564596604,428,1484,0.7073564411841955,0.3232603352932369,0.045584067812105784,11.287417860276623,0.004975124378109453,0.7598096514151752,0.012056612981108467,6.467579673218978,0.004975124378109453,0.7453924525096919,0.01738714326915773,5.3139439020936,0.004975124378109453
uniform,1.0,18,5904,100,0.7856440225049484,0.75,0.8105934596392259,389,2345,0.6065253805097222,,,,,,,,,,,,
uniform,1.0,19,5664,100,0.785509595450592,0.25,0.8106840559633394,451,798,0.6810703671445343,,,,,,,,,,,,
uniform,1.0,19,5664,100,0.785509595450592,0.5,0.8246977485802228,449,1289,0.7425448023577724,0.39153828057337003,0.04426159771875204,9.786349574618695,0.004975124378109453,0.6928786412171568,0.014055179593970317,9.378685379418169,0.004975124378109453,0.7153762203571614,0.018441650227576187,5.92796885712487,0.004975124378109453
uniform,1.0,19,5664,100,0.785509595450592,0.75,0.8182101963864503,412,2004,0.6608088478347106,,,,,,,,,,,,
uniform,5.0,0,5766,96,0.7227992395519794,0.25,0.828904901474853,210,368,0.2763946398327716,,,,,,,,,,,,
uniform,5.0,0,5766,96,0.7227992395519794,0.5,0.9131629682978514,244,859,0.41683901021799485,0.419116370605599,0.03854411265282471,12.817692863816548,0.004975124378109453,0.869679732679441,0.010131992286801273,4.291676739139947,0.004975124378109453,0.788282796713167,0.018297902634098407,6.824835287513681,0.004975124378109453
uniform,5.0,0,5766,96,0.7227992395519794,0.75,0.8610506846166699,238,1867,0.4218498044775171,,,,,,,,,,,,
uniform,5.0,1,5414,93,0.6760572758164146,0.25,0.7830949895193354,224,343,0.2824220736311726,,,,,,,,,,,,
uniform,5.0,1,5414,93,0.6760572758164146,0.5,0.921710205106661,266,881,0.38765667736778336,0.4252167984840351,0.04062449838813594,12.22152706672245,0.004975124378109453,0.8496542042603611,0.009956432465908684,7.237130477510215,0.004975124378109453,0.7773377527805421,0.019338892616040392,7.465393970199261,0.004975124378109453
uniform,5.0,1,5414,93,0.6760572758164146,0.75,0.8620735571834082,261,1767,0.43491830614915566,,,,,,,,,,,,
uniform,5.0,2,5545,93,0.7325032650057808,0.25,0.6854634265929858,198,271,0.24426922233956705,,,,,,,,,,,,
uniform,5.0,2,5545,93,0.7325032650057808,0.5,0.9304700362734928,267,1056,0.3763569894024722,0.5052415975855689,0.03232976352103806,13.152847171653871,0.004975124378109453,0.8740996102805688,0.009611127070632082,5.8651212889662405,0.004975124378109453,0.7767320722900142,0.01787425584868453,8.601083328165132,0.004975124378109453
uniform,5.0,2,5545,93,0.7325032650057808,0.75,0.8605950325097881,273,1881,0.39165415300137646,,,,,,,,,,,,
uniform,5.0,3,5301,95,0.696315534239781,0.25,0.7255142532015662,212,290,0.22899228839977998,,,,,,,,,,,,
uniform,5.0,3,5301,95,0.696315534239781,0.5,0.9008643978099247,246,806,0.3927001237143056,0.47779270520293393,0.03746667840284336,11.29194555380932,0.004975124378109453,0.8344462245267542,0.011087156556900263,5.990550682883077,0.004975124378109453,0.75384998063725,0.021203355470764546,6.933544899314642,0.004975124378109453
uniform,5.0,3,5301,95,0.696315534239781,0.75,0.8234937622152559,236,1817,0.44765230176399556,,,,,,,,,,,,
uniform,5.0,4,5536,100,0.7407533518914582,0.25,0.700007538119811,211,306,0.25883979949370756,,,,,,,,,,,,
uniform,5.0,4,5536,100,0.7407533518914582,0.5,0.9310596736005045,278,971,0.37098952542962993,0.3988143907857037,0.04476865664835445,11.888792799735803,0.004975124378109453,0.8688471586892034,0.009722821873146733,6.39860687802217,0.004975124378109453,0.7978631158640441,0.019747468533603964,6.744994048720817,0.004975124378109453
uniform,5.0,4,5536,100,0.7407533518914582,0.75,0.8782585517212642,275,1817,0.4384068875579955,,,,,,,,,,,,
uniform,5.0,5,5547,95,0.6742457022631348,0.25,0.7467442477989962,213,307,0.2327372722704626,,,,,,,,,,,,
uniform,5.0,5,5547,95,0.6742457022631348,0.5,0.9229575664344604,271,994,0.33798709083261624,0.3931651935966741,0.0422064725067057,12.552396383128526,0.004975124378109453,0.8663290738498753,0.008272838358269044,6.845110484720459,0.004975124378109453,0.7616096581866499,0.02086736133317233,7.732070465052983,0.004975124378109453
uniform,5.0,5,5547,95,0.6742457022631348,0.75,0.8505929083004463,271,1888,0.38379950048126793,,,,,,,,,,,,
uniform,5.0,6,5671,90,0.6596368661766456,0.25,0.8021506601243629,192,311,0.2488111389725764,,,,,,,,,,,,
uniform,5.0,6,5671,90,0.6596368661766456,0.5,0.9201319895632001,250,990,0.3689506880637142,0.5273384873783642,0.03424984211433738,11.468476288841284,0.004975124378109453,0.8767424383325374,0.008421989757663659,5.1519358820378525,0.004975124378109453,0.7840058229692788,0.019002132620904454,7.16373100375941,0.004975124378109453
uniform,5.0,6,5671,90,0.6596368661766456,0.75,0.835425309484227,246,1895,0.4258977087968793,,,,,,,,,,,,
uniform,5.0,7,5795,94,0.6260144779191237,0.25,0.7639060666992253,195,368,0.2561124897746611,,,,,,,,,,,,
uniform,5.0,7,5795,94,0.6260144779191237,0.5,0.901563549344574,263,967,0.3608258139990297,0.48544183514790346,0.0349197058702449,11.91652975952607,0.004975124378109453,0.8611028563511192,0.010854700446391195,3.727481305751421,0.004975124378109453,0.7830748957896314,0.020628539586512586,5.743918664625834,0.004975124378109453
uniform,5.0,7,5795,94,0.6260144779191237,0.75,0.8299108353103778,257,2079,0.4202037760223485,,,,,,,,,,,,
uniform,5.0,8,5709,94,0.7081313973991308,0.25,0.6406336525247294,180,278,0.2466273442434754,,,,,,,,,,,,
uniform,5.0,8,5709,94,0.7081313973991308,0.5,0.8962416496780398,236,784,0.34596278267603514,0.46122446209748297,0.033398905758432094,13.0248934119864,0.004975124378109453,0.8510062302054616,0.013286200696239429,3.4046918684121437,0.004975124378109453,0.7356894124535464,0.022254231537350913,7.214458830224121,0.004975124378109453
uniform,5.0,8,5709,94,0.7081313973991308,0.75,0.8699225578578181,259,1781,0.3600018469452476,,,,,,,,,,,,
uniform,5.0,9,5581,98,0.7217947380407669,0.25,0.6938262832498147,199,322,0.23572107797141245,,,,,,,,,,,,
uniform,5.0,9,5581,98,0.7217947380407669,0.5,0.8852780681396208,252,822,0.3318134945098671,0.41733783279287656,0.03920791058790909,11.934842442000656,0.004975124378109453,0.8336778415611283,0.011632155270573383,4.435998779093754,0.004975124378109453,0.7665097784351914,0.018327779509033578,6.480233442675897,0.004975124378109453
uniform,5.0,9,5581,98,0.7217947380407669,0.75,0.8666048054835243,263,1895,0.414009428145474,,,,,,,,,,,,
uniform,5.0,10,5233,94,0.6559422177734473,0.25,0.598756343067938,203,257,0.24729166881374096,,,,,,,,,,,,
uniform,5.0,10,5233,94,0.6559422177734473,0.5,0.8817719753609329,255,852,0.38265983251385316,0.4212863807399759,0.04136722279005083,11.131653603096307,0.004975124378109453,0.8443500225206607,0.01077093768419145,3.4743449398278967,0.004975124378109453,0.7596646482826611,0.020651154682000423,5.912857123902166,0.004975124378109453
uniform,5.0,10,5233,94,0.6559422177734473,0.75,0.8450832611370418,266,1855,0.4147324728988023,,,,,,,,,,,,
uniform,5.0,11,5714,94,0.6856046915381055,0.25,0.82298939628147,211,359,0.24219124515533927,,,,,,,,,,,,
uniform,5.0,11,5714,94,0.6856046915381055,0.5,0.9103991759223489,265,778,0.2580661247940926,0.4039466515147962,0.04166052968444411,12.156651109423128,0.004975124378109453,0.838826681229363,0.012404048057165301,5.770091696125076,0.004975124378109453,0.7713264751970342,0.020289184639179725,6.854523885437775,0.004975124378109453
uniform,5.0,11,5714,94,0.6856046915381055,0.75,0.8585445120385269,248,2026,0.4160095454407212,,,,,,,,,,,,
uniform,5.0,12,5960,92,0.6590805449732393,0.25,0.7627120981705164,196,276,0.22822991993677708,,,,,,,,,,,,
uniform,5.0,12,5960,92,0.6590805449732393,0.5,0.9193516974641771,236,888,0.38083709695217627,0.4082644036212775,0.04415462844696246,11.574942691609468,0.004975124378109453,0.8640558636179734,0.01079088336804319,5.124310212633781,0.004975124378109453,0.7765501547899106,0.01986188752033477,7.189726682726656,0.004975124378109453
uniform,5.0,12,5960,92,0.6590805449732393,0.75,0.8313734615385092,246,1923,0.42628046565184324,,,,,,,,,,,,
uniform,5.0,13,5659,94,0.7784854762853217,0.25,0.7340070811611114,190,308,0.26441139265594316,,,,,,,,,,,,
uniform,5.0,13,5659,94,0.7784854762853217,0.5,0.9103523932886384,247,953,0.3889890279141503,0.42538345224397317,0.038580914251522366,12.57017752049587,0.004975124378109453,0.8710248491804264,0.010485347266283803,3.7507145075367947,0.004975124378109453,0.8095162336529826,0.016261866204713742,6.200774152626276,0.004975124378109453
uniform,5.0,13,5659,94,0.7784854762853217,0.75,0.8520976423846665,241,1773,0.4316422210670914,,,,,,,,,,,,
uniform,5.0,14,5582,93,0.6300702993150482,0.25,0.7228854371368915,190,319,0.2643992757747674,,,,,,,,,,,,
uniform,5.0,14,5582,93,0.6300702993150482,0.5,0.909895907373745,239,912,0.35293472941824605,0.42125518291903297,0.040576607495379495,12.042424308398727,0.004975124378109453,0.8716177515451762,0.010282766345672868,3.722554275939261,0.004975124378109453,0.7834882830560099,0.018206092932531316,6.9431494602482955,0.004975124378109453
uniform,5.0,14,5582,93,0.6300702993150482,0.75,0.8513333508937967,247,1928,0.45947595287186355,,,,,,,,,,,,
uniform,5.0,15,5900,92,0.7544895737817527,0.25,0.8411139769449297,238,459,0.24077908581460536,,,,,,,,,,,,
uniform,5.0,15,5900,92,0.7544895737817527,0.5,0.9306197739959562,266,847,0.3455632235771665,0.41291480520787816,0.03893509888200274,13.296613689284365,0.004975124378109453,0.840167449005521,0.011969948775177899,7.55661755027777,0.004975124378109453,0.778132690286348,0.018145756784096443,8.403456825964572,0.004975124378109453
uniform,5.0,15,5900,92,0.7544895737817527,0.75,0.8977352742652404,273,1732,0.4059551240528027,,,,,,,,,,,,
uniform,5.0,16,5600,95,0.6070245115152149,0.25,0.7332166321613464,202,300,0.22473979203211497,,,,,,,,,,,,
uniform,5.0,16,5600,95,0.6070245115152149,0.5,0.9014496963679647,247,973,0.4213415316182795,0.41497084314856764,0.03983263474743286,12.213072429278602,0.004975124378109453,0.8715888488028996,0.01070800449269704,2.7886472764771915,0.004975124378109453,0.7822931806847175,0.01915763793329016,6.219791609913939,0.004975124378109453
uniform,5.0,16,5600,95,0.6070245115152149,0.75,0.8317244088806542,263,1931,0.42741955680047544,,,,,,,,,,,,
uniform,5.0,17,5748,96,0.7788046853161792,0.25,0.8271280223139424,202,422,0.3218716447032223,,,,,,,,,,,,
uniform,5.0,17,5748,96,0.7788046853161792,0.5,0.9173193128589232,269,1113,0.38000535803296254,0.5942983763238493,0.023141609406361254,13.958447351819908,0.004975124378109453,0.8767999240426667,0.008323211853355734,4.868239512601134,0.004975124378109453,0.808775641542455,0.01719292882029351,6.313274047197226,0.004975124378109453
uniform,5.0,17,5748,96,0.7788046853161792,0.75,0.8632656144607143,264,1951,0.42816608103362547,,,,,,,,,,,,
uniform,5.0,18,5176,92,0.6726480717162423,0.25,0.6681854542125957,193,273,0.22991457683605496,,,,,,,,,,,,
uniform,5.0,18,5176,92,0.6726480717162423,0.5,0.8974993287821585,247,760,0.3254081172806132,0.4752031391282315,0.038113045038337824,11.080095784242385,0.004975124378109453,0.8288012784027938,0.013637285321602452,5.037516540813442,0.004975124378109453,0.7807915164331826,0.017485364626884655,6.674599863335516,0.004975124378109453
uniform,5.0,18,5176,92,0.6726480717162423,0.75,0.8649797200484635,250,1866,0.38514515258100035,,,,,,,,,,,,
uniform,5.0,19,6141,91,0.6961859079054614,0.25,0.793770681447231,227,396,0.245821194913796,,,,,,,,,,,,
uniform,5.0,19,6141,91,0.6961859079054614,0.5,0.9088471889393482,257,1229,0.3867277274336203,0.4573858722746138,0.032727113167184796,13.794718597954766,0.004975124378109453,0.8849591713599452,0.007457989095606167,3.203010526453647,0.004975124378109453,0.7937112668124945,0.019034543675510225,6.048788144839385,0.004975124378109453
uniform,5.0,19,6141,91,0.6961859079054614,0.75,0.8424028814481834,274,2138,0.4071383432610786,,,,,,,,,,,,
lognormal,1.0,0,5763,96,0.8251065204262222,0.25,0.8462517768155318,464,914,0.6395378492549874,,,,,,,,,,,,
lognormal,1.0,0,5763,96,0.8251065204262222,0.5,0.9312840693120743,402,1553,0.6841099944370533,0.5971158228122788,0.02430381474347199,13.749621202554351,0.004975124378109453,0.8061539817828342,0.0122818172955904,10.188238801937414,0.004975124378109453,0.8415592246325576,0.013038685458459256,6.881433328948424,0.004975124378109453
lognormal,1.0,0,5763,96,0.8251065204262222,0.75,0.9064120491992743,339,2269,0.6216988532836493,,,,,,,,,,,,
lognormal,1.0,1,5833,100,0.7793695119441092,0.25,0.860108133848127,424,939,0.7412883666280339,,,,,,,,,,,,
lognormal,1.0,1,5833,100,0.7793695119441092,0.5,0.9146870117208608,386,1535,0.7416215298698433,0.4389204415405999,0.03583051951166645,13.278249287603849,0.004975124378109453,0.7755526773308182,0.010808474014974886,12.872708413535083,0.004975124378109453,0.8349401024405171,0.0120794846954886,6.601846957107966,0.004975124378109453
lognormal,1.0,1,5833,100,0.7793695119441092,0.75,0.8952901806217675,330,2333,0.6447497752902417,,,,,,,,,,,,
lognormal,1.0,2,5421,98,0.8540605678169,0.25,0.8781998109310889,407,1049,0.7252250610550378,,,,,,,,,,,,
lognormal,1.0,2,5421,98,0.8540605678169,0.5,0.9281644222371832,331,1583,0.7694985895197951,0.5477929655081778,0.02960553515593768,12.847984497679926,0.004975124378109453,0.8242952619607391,0.008743708875967747,11.879302221730015,0.004975124378109453,0.8447795451184242,0.01188782941446603,7.014306330581242,0.004975124378109453
lognormal,1.0,2,5421,98,0.8540605678169,0.75,0.909960286065323,275,2100,0.7069865095444708,,,,,,,,,,,,
lognormal,1.0,3,5300,98,0.7744232918077124,0.25,0.819769381823605,442,871,0.681323391879548,,,,,,,,,,,,
lognormal,1.0,3,5300,98,0.7744232918077124,0.5,0.9271357776820344,368,1592,0.7191608272026472,0.5222945448829828,0.03132720355639566,12.922993016923803,0.004975124378109453,0.827479313956531,0.009424853370061182,10.573794605873692,0.004975124378109453,0.8493967271926468,0.011635847115132318,6.680996211121458,0.004975124378109453
lognormal,1.0,3,5300,98,0.7744232918077124,0.75,0.9046138892684517,301,2252,0.6613138388877776,,,,,,,,,,,,
lognormal,1.0,4,5388,94,0.8248234437963619,0.25,0.8549322334434807,390,973,0.7612790865797682,,,,,,,,,,,,
lognormal,1.0,4,5388,94,0.8248234437963619,0.5,0.9183149912312928,347,1667,0.7243296086303815,0.4415087811741327,0.042067107900908424,11.334418595647351,0.004975124378109453,0.8436073576021664,0.008361977828224955,8.934206136849442,0.004975124378109453,0.8460140161778802,0.013061482366621052,5.535434112607277,0.004975124378109453
lognormal,1.0,4,5388,94,0.8248234437963619,0.75,0.9059022118304814,295,2200,0.6709093722779237,,,,,,,,,,,,
lognormal,1.0,5,5419,97,0.8425244073384424,0.25,0.8446045355483743,419,1002,0.7410127870038249,,,,,,,,,,,,
lognormal,1.0,5,5419,97,0.8425244073384424,0.5,0.9373085684143632,358,1742,0.7148571410341547,0.5734019325291819,0.02752025400454955,13.223229546683017,0.004975124378109453,0.8418783867008982,0.008552316148411487,11.158402011505412,0.004975124378109453,0.8471813929654585,0.011805647897216023,7.6342422062374276,0.004975124378109453
lognormal,1.0,5,5419,97,0.8425244073384424,0.75,0.9213284353511387,317,2299,0.6481807007860175,,,,,,,,,,,,
lognormal,1.0,6,5008,97,0.8434848981424967,0.25,0.8251357943087907,426,947,0.7306252289652795,,,,,,,,,,,,
lognormal,1.0,6,5008,97,0.8434848981424967,0.5,0.9281246784566322,341,1530,0.7618979724418653,0.5125757420940954,0.034880790589451566,11.913403605255567,0.004975124378109453,0.8218299723881654,0.011956825497278153,8.889876840024444,0.004975124378109453,0.8598145020368497,0.012357456818994906,5.52785070750006,0.004975124378109453
lognormal,1.0,6,5008,97,0.8434848981424967,0.75,0.8980881753622364,274,2087,0.7091329224581578,,,,,,,,,,,,
lognormal,1.0,7,6032,98,0.8829101625734533,0.25,0.8735235189585059,453,1087,0.6500542292195967,,,,,,,,,,,,
lognormal,1.0,7,6032,98,0.8829101625734533,0.5,0.9451188505516377,383,1920,0.6289748621324873,0.6538843915892417,0.017662795200620862,16.488582676436106,0.004975124378109453,0.8519927694889893,0.00916019692914416,10.166384170885856,0.004975124378109453,0.8751691682152313,0.01030463461706312,6.7881768675794625,0.004975124378109453
lognormal,1.0,7,6032,98,0.8829101625734533,0.75,0.9389958237282565,330,2522,0.5839914693301275,,,,,,,,,,,,
lognormal,1.0,8,5298,97,0.8408284355820524,0.25,0.8838580658381975,416,922,0.7440024691730053,,,,,,,,,,,,
lognormal,1.0,8,5298,97,0.8408284355820524,0.5,0.935115431936948,350,1476,0.7559719842496069,0.5426483503220161,0.029552323846991756,13.280413535224664,0.004975124378109453,0.7967400361977532,0.011042035086914306,12.531693175217372,0.004975124378109453,0.8454338616806447,0.01264808748510989,7.09052418888484,0.004975124378109453
lognormal,1.0,8,5298,97,0.8408284355820524,0.75,0.9057759328672604,283,2153,0.6878907173749214,,,,,,,,,,,,
lognormal,1.0,9,5168,97,0.8352372365245687,0.25,0.8212368865174021,457,926,0.6839368378344647,,,,,,,,,,,,
lognormal,1.0,9,5168,97,0.8352372365245687,0.5,0.9205869086177066,375,1385,0.7720764142422479,0.43670106692284605,0.04427875426353623,10.928171980966116,0.004975124378109453,0.7667795709478611,0.011812554297180653,13.02066714787972,0.004975124378109453,0.835748788261505,0.011498598230368693,7.378127199203948,0.004975124378109453
lognormal,1.0,9,5168,97,0.8352372365245687,0.75,0.9063706779258652,313,1941,0.7190924095206671,,,,,,,,,,,,
lognormal,1.0,10,5628,100,0.74928442663475,0.25,0.8425963662634315,435,939,0.7352450311226562,,,,,,,,,,,,
lognormal,1.0,10,5628,100,0.74928442663475,0.5,0.9043698385726059,372,1609,0.7448012758636782,0.4675559283705543,0.03564260829992891,12.255385647602083,0.004975124378109453,0.8117004029723033,0.008683462742243436,10.671944862443295,0.004975124378109453,0.8286014706791133,0.013230052706772438,5.7269891188496125,0.004975124378109453
lognormal,1.0,10,5628,100,0.74928442663475,0.75,0.8707523476219784,341,2376,0.6327660625985189,,,,,,,,,,,,
lognormal,1.0,11,5489,97,0.8419139265665144,0.25,0.7962938019294237,429,832,0.7056910224038309,,,,,,,,,,,,
lognormal,1.0,11,5489,97,0.8419139265665144,0.5,0.9156479580116096,388,1394,0.7689804538699264,0.474096394363533,0.0377625318297739,11.69284849963198,0.004975124378109453,0.7561564730570677,0.013665242271845157,11.671325087528542,0.004975124378109453,0.8308807908457561,0.013507912019158548,6.2753715781999855,0.004975124378109453
lognormal,1.0,11,5489,97,0.8419139265665144,0.75,0.9177307708823981,338,2110,0.6791373294062606,,,,,,,,,,,,
lognormal,1.0,12,5577,97,0.8309146960294793,0.25,0.8578860708303369,421,906,0.7246295681892632,,,,,,,,,,,,
lognormal,1.0,12,5577,97,0.8309146960294793,0.5,0.9191748775503772,390,1454,0.7485861810397323,0.4552605367917707,0.036120375856996303,12.843563494335816,0.004975124378109453,0.7919353623575077,0.010585785472389277,12.019846380294227,0.004975124378109453,0.843693849311336,0.011476021364297054,6.5772819553882655,0.004975124378109453
lognormal,1.0,12,5577,97,0.8309146960294793,0.75,0.9258965129963991,342,2031,0.6853203063798781,,,,,,,,,,,,
lognormal,1.0,13,5460,98,0.824805836396448,0.25,0.8494587249914989,399,1025,0.7528622593726693,,,,,,,,,,,,
lognormal,1.0,13,5460,98,0.824805836396448,0.5,0.9301997693700391,330,1723,0.735317906047739,0.5289772671789332,0.03042956931864491,13.185283629540805,0.004975124378109453,0.8503336681215663,0.0077603420218675945,10.291569756000566,0.004975124378109453,0.8675344765138574,0.010518469769408172,5.957643481415607,0.004975124378109453
lognormal,1.0,13,5460,98,0.824805836396448,0.75,0.923173226767022,286,2329,0.6574094517783305,,,,,,,,,,,,
lognormal,1.0,14,5512,96,0.830387764903318,0.25,0.776681503221441,472,810,0.628428484644192,,,,,,,,,,,,
lognormal,1.0,14,5512,96,0.830387764903318,0.5,0.9141696365261097,416,1342,0.7316830687092459,0.5287109902609776,0.033139776944827226,11.631298753364067,0.004975124378109453,0.7589731432406321,0.016124182651443754,9.625076609485154,0.004975124378109453,0.853201546969899,0.01093525583150179,5.575369291368252,0.004975124378109453
lognormal,1.0,14,5512,96,0.830387764903318,0.75,0.9308520027487309,352,1961,0.6764029888040758,,,,,,,,,,,,
lognormal,1.0,15,5373,97,0.8467787126024634,0.25,0.8470570753762205,430,974,0.7131176396117608,,,,,,,,,,,,
lognormal,1.0,15,5373,97,0.8467787126024634,0.5,0.9339863696904744,368,1629,0.7192923914127657,0.6306482096664268,0.02228129803423804,13.614025518528145,0.004975124378109453,0.8476689871324063,0.009381783294712084,9.200530415866643,0.004975124378109453,0.8745970034159393,0.01017833148803563,5.834882303091216,0.004975124378109453
lognormal,1.0,15,5373,97,0.8467787126024634,0.75,0.9223630907411025,312,2313,0.6472787220648631,,,,,,,,,,,,
lognormal,1.0,16,5680,99,0.764155000191653,0.25,0.8318722916035163,434,823,0.6454515887933537,,,,,,,,,,,,
lognormal,1.0,16,5680,99,0.764155000191653,0.5,0.9026423753422184,418,1474,0.7052973727200387,0.508250117524548,0.030017241967564764,13.138857268893402,0.004975124378109453,0.7884745521233029,0.009830426809119223,11.613719875622023,0.004975124378109453,0.8098371885646395,0.01369723821845293,6.775467090332974,0.004975124378109453
lognormal,1.0,16,5680,99,0.764155000191653,0.75,0.8802845102085458,360,2198,0.631267229852039,,,,,,,,,,,,
lognormal,1.0,17,5991,97,0.8376988421395615,0.25,0.8505397044758483,412,987,0.7450360200464647,,,,,,,,,,,,
lognormal,1.0,17,5991,97,0.8376988421395615,0.5,0.9235045311546134,361,1569,0.735320646766482,0.5023227545421645,0.031129714897356154,13.529895085811399,0.004975124378109453,0.7934463057329166,0.014185588620792071,9.16833477259224,0.004975124378109453,0.8478697152977611,0.011057338627887523,6.840236914341667,0.004975124378109453
lognormal,1.0,17,5991,97,0.8376988421395615,0.75,0.9259249385184964,317,2394,0.629348368318542,,,,,,,,,,,,
lognormal,1.0,18,5119,96,0.9023632989178793,0.25,0.8440064167811407,427,876,0.7111104486273171,,,,,,,,,,,,
lognormal,1.0,18,5119,96,0.9023632989178793,0.5,0.929489454242236,364,1515,0.7581957253920348,0.5157900226416924,0.032778673935269426,12.620993528216173,0.004975124378109453,0.8215054665746618,0.009666012704262657,11.171513112118484,0.004975124378109453,0.8322444505530575,0.012505396014512818,7.776243437338827,0.004975124378109453
lognormal,1.0,18,5119,96,0.9023632989178793,0.75,0.8979801259605684,301,2131,0.6921776690788138,,,,,,,,,,,,
lognormal,1.0,19,5385,99,0.7947224136841448,0.25,0.8452688859740123,412,949,0.762201983846038,,,,,,,,,,,,
lognormal,1.0,19,5385,99,0.7947224136841448,0.5,0.9157901413702512,339,1528,0.7867242817340926,0.42999806622629066,0.04439882486777603,10.941552543129148,0.004975124378109453,0.8031009562315821,0.011598501495998633,9.715840031364891,0.004975124378109453,0.8552307266538653,0.009965481167681992,6.076918283964021,0.004975124378109453
lognormal,1.0,19,5385,99,0.7947224136841448,0.75,0.9015530350187122,299,2055,0.7116429091272656,,,,,,,,,,,,
lognormal,5.0,0,5149,81,0.7678384293337428,0.25,0.785111104414468,226,349,0.26854493637376237,,,,,,,,,,,,
lognormal,5.0,0,5149,81,0.7678384293337428,0.5,0.9108086135789774,243,825,0.48346540154317186,0.4499785026909211,0.04042647811752595,11.39921487962302,0.004975124378109453,0.8537867565650384,0.014734464780122516,3.8699645942256464,0.004975124378109453,0.8327270391028676,0.01565919523295328,4.9863082562374945,0.004975124378109453
lognormal,5.0,0,5149,81,0.7678384293337428,0.75,0.894150417639883,222,1651,0.5352562939174087,,,,,,,,,,,,
lognormal,5.0,1,5597,77,0.7530806855121269,0.25,0.7697894741691804,206,373,0.2296689825764408,,,,,,,,,,,,
lognormal,5.0,1,5597,77,0.7530806855121269,0.5,0.9377821202560663,219,1138,0.3663785195028651,0.5393131790029236,0.02968673074886235,13.422459503002457,0.004975124378109453,0.8950379985370873,0.008861069934287098,4.823810446815745,0.004975124378109453,0.8430309847395236,0.0140780226040166,6.730429278434973,0.004975124378109453
lognormal,5.0,1,5597,77,0.7530806855121269,0.75,0.888041225736828,212,1877,0.441474364194255,,,,,,,,,,,,
lognormal,5.0,2,5038,70,0.7894113215681243,0.25,0.789192625172267,186,279,0.2663579991008747,,,,,,,,,,,,
lognormal,5.0,2,5038,70,0.7894113215681243,0.5,0.9432907485365108,197,798,0.41461705077051214,0.47455575037424935,0.03772888626164272,12.423769811588729,0.004975124378109453,0.8724140660956741,0.009586888585637263,7.3930850252105484,0.004975124378109453,0.8077805979144363,0.019900463787436484,6.809396608516454,0.004975124378109453
lognormal,5.0,2,5038,70,0.7894113215681243,0.75,0.9271922603783054,195,1382,0.4509953128884033,,,,,,,,,,,,
lognormal,5.0,3,5711,73,0.7574255057808019,0.25,0.837048297071871,209,411,0.29383903165619846,,,,,,,,,,,,
lognormal,5.0,3,5711,73,0.7574255057808019,0.5,0.9310603536934485,211,1093,0.40223049972750474,0.45704496684896034,0.037852807634634195,12.522595190819562,0.004975124378109453,0.8936258615061817,0.009097037857302448,4.115019941047852,0.004975124378109453,0.8429099638138488,0.01614189645124437,5.460968613313358,0.004975124378109453
lognormal,5.0,3,5711,73,0.7574255057808019,0.75,0.8654287621729386,199,1978,0.42726146074763766,,,,,,,,,,,,
lognormal,5.0,4,5734,70,0.735359799448493,0.25,0.8252882725336631,214,396,0.26640675571527794,,,,,,,,,,,,
lognormal,5.0,4,5734,70,0.735359799448493,0.5,0.9263594442527742,225,998,0.39845829608594663,0.4826200120549275,0.03156166146343858,14.059444643365179,0.004975124378109453,0.8870883230326999,0.00726859339788152,5.402850189903329,0.004975124378109453,0.8433721343033824,0.012908582523236215,6.428847613594263,0.004975124378109453
lognormal,5.0,4,5734,70,0.735359799448493,0.75,0.9021361634201343,189,1939,0.5070690935596184,,,,,,,,,,,,
lognormal,5.0,5,5957,78,0.7779084364966149,0.25,0.7857770805782558,194,369,0.2658210618655824,,,,,,,,,,,,
lognormal,5.0,5,5957,78,0.7779084364966149,0.5,0.92156014746794,233,1029,0.3361160685771446,0.5522220658775052,0.027627310149534304,13.36858635862024,0.004975124378109453,0.897477539801191,0.009943752693632001,2.42188320735003,0.004975124378109453,0.8564064989781276,0.013673705174501677,4.764886156190426,0.004975124378109453
lognormal,5.0,5,5957,78,0.7779084364966149,0.75,0.9088325783484708,217,2070,0.41719244743627704,,,,,,,,,,,,
lognormal,5.0,6,5542,81,0.7513420146811474,0.25,0.8259300855269555,228,377,0.258663001261721,,,,,,,,,,,,
lognormal,5.0,6,5542,81,0.7513420146811474,0.5,0.9160182240614884,244,816,0.34174071668996503,0.47103436250366515,0.03831366012482476,11.614235239026474,0.004975124378109453,0.8658215584629109,0.011031902979741931,4.550136607505928,0.004975124378109453,0.8170671308343199,0.016756755497791844,5.905146329801609,0.004975124378109453
lognormal,5.0,6,5542,81,0.7513420146811474,0.75,0.8877328291242838,219,1803,0.4048878384266091,,,,,,,,,,,,
lognormal,5.0,7,6038,80,0.820381561984826,0.25,0.8253466478302828,207,308,0.24324431899958432,,,,,,,,,,,,
lognormal,5.0,7,6038,80,0.820381561984826,0.5,0.9477799698914886,249,940,0.309443842478536,0.48391135906878463,0.03485885480615688,13.307052495045651,0.004975124378109453,0.8667025956878922,0.008422904104564486,9.625821830223554,0.004975124378109453,0.8390055858872022,0.013002448716184362,8.365684524399866,0.004975124378109453
lognormal,5.0,7,6038,80,0.820381561984826,0.75,0.913879607646304,241,1727,0.33764681762069676,,,,,,,,,,,,
lognormal,5.0,8,4974,72,0.812747943406651,0.25,0.7925889928950356,174,328,0.28520849305260626,,,,,,,,,,,,
lognormal,5.0,8,4974,72,0.812747943406651,0.5,0.9306942977185901,210,994,0.39740286197529434,0.5259853773317732,0.036314555909020545,11.144537231867599,0.004975124378109453,0.8940991475500459,0.009045379548983053,4.045728536914572,0.004975124378109453,0.8757359009926637,0.012921981726816557,4.2530935183009175,0.004975124378109453
lognormal,5.0,8,4974,72,0.812747943406651,0.75,0.902944066888721,184,1900,0.5234003542473006,,,,,,,,,,,,
lognormal,5.0,9,5637,79,0.7826290827879068,0.25,0.8371857392209935,219,384,0.26649558691250136,,,,,,,,,,,,
lognormal,5.0,9,5637,79,0.7826290827879068,0.5,0.9196399337626522,233,1086,0.4388717410028103,0.48142065303694126,0.03462008195538052,12.657950414170077,0.004975124378109453,0.8861269178268182,0.007943236257582208,4.219063219206679,0.004975124378109453,0.8307085312304855,0.016095758482247143,5.525145188420527,0.004975124378109453
lognormal,5.0,9,5637,79,0.7826290827879068,0.75,0.8387035659233275,208,2111,0.45922410551859977,,,,,,,,,,,,
lognormal,5.0,10,5872,73,0.8262631340300933,0.25,0.7351581341853998,193,274,0.23418695441920165,,,,,,,,,,,,
lognormal,5.0,10,5872,73,0.8262631340300933,0.5,0.9244916424971867,229,950,0.3499355492042202,0.47028036826802916,0.0365304425156138,12.433774215437417,0.004975124378109453,0.8762774903145977,0.01300410437806546,3.707610365225443,0.004975124378109453,0.8026062551468385,0.016678166555320628,7.308080714151681,0.004975124378109453
lognormal,5.0,10,5872,73,0.8262631340300933,0.75,0.8955601423766131,208,1605,0.44335067852736654,,,,,,,,,,,,
lognormal,5.0,11,5367,75,0.7954244391439436,0.25,0.8536860619062878,207,498,0.2781597796374167,,,,,,,,,,,,
lognormal,5.0,11,5367,75,0.7954244391439436,0.5,0.9172564482481025,239,1097,0.35983600294908535,0.6367853673096401,0.0206777669096621,13.563896051435162,0.004975124378109453,0.9048088123167384,0.00818629842794962,1.5205450962874076,0.06965174129353234,0.8818783026870028,0.012609251879391953,2.8057291502694333,0.004975124378109453
lognormal,5.0,11,5367,75,0.7954244391439436,0.75,0.8795543895829395,204,2071,0.45164249187741445,,,,,,,,,,,,
lognormal,5.0,12,5508,79,0.7528295325493618,0.25,0.8254911967671197,207,386,0.3489220384891412,,,,,,,,,,,,
lognormal,5.0,12,5508,79,0.7528295325493618,0.5,0.8989700184644388,237,925,0.37238559754388645,0.5597487622123289,0.02901107379811223,11.692819735413696,0.004975124378109453,0.8673212006919833,0.008386589681676337,3.7737410525286936,0.004975124378109453,0.8119005547365005,0.016432068560979184,5.298752461068716,0.004975124378109453
lognormal,5.0,12,5508,79,0.7528295325493618,0.75,0.8414030002608541,220,1891,0.4339095139290369,,,,,,,,,,,,
lognormal,5.0,13,6005,77,0.7181090116348472,0.25,0.7541749192292961,208,356,0.24022869413430517,,,,,,,,,,,,
lognormal,5.0,13,6005,77,0.7181090116348472,0.5,0.9316500226753152,234,1071,0.33778377053688785,0.5222274608899558,0.029733271395740005,13.769845784410352,0.004975124378109453,0.8827030598769393,0.009439345062296644,5.185419377651906,0.004975124378109453,0.808449618177001,0.01823240446626185,6.757221995940816,0.004975124378109453
lognormal,5.0,13,6005,77,0.7181090116348472,0.75,0.8632387181507056,220,2116,0.36424201571238557,,,,,,,,,,,,
lognormal,5.0,14,5596,77,0.8106710337990738,0.25,0.8442534342797685,204,338,0.26115701850997397,,,,,,,,,,,,
lognormal,5.0,14,5596,77,0.8106710337990738,0.5,0.9227964435233446,247,852,0.28344941951995695,0.5450619175490956,0.028434023675847006,13.284596309002575,0.004975124378109453,0.8660718156856457,0.010755470109891753,5.27402589176734,0.004975124378109453,0.8621226177956774,0.012571330800859905,4.826364582142481,0.004975124378109453
lognormal,5.0,14,5596,77,0.8106710337990738,0.75,0.9245827293636638,210,1996,0.4819856514764319,,,,,,,,,,,,
lognormal,5.0,15,5535,78,0.8119586189339343,0.25,0.7829605810372354,208,285,0.2801505943168965,,,,,,,,,,,,
lognormal,5.0,15,5535,78,0.8119586189339343,0.5,0.9429281375586116,212,1148,0.4183458005983964,0.5534347167855708,0.031424309412452785,12.394653313166936,0.004975124378109453,0.8938929963489218,0.008790660868266605,5.578094974258609,0.004975124378109453,0.8644718578703143,0.014523646087602418,5.401968570087137,0.004975124378109453
lognormal,5.0,15,5535,78,0.8119586189339343,0.75,0.8802076394735538,190,1838,0.5119840570488298,,,,,,,,,,,,
lognormal,5.0,16,6055,72,0.7545137556262164,0.25,0.7797044963162744,194,315,0.23228259188294303,,,,,,,,,,,,
lognormal,5.0,16,6055,72,0.7545137556262164,0.5,0.9288006527930737,213,1100,0.2536794171649405,0.529922622941378,0.027548242332349645,14.479255156808929,0.004975124378109453,0.8998003699015135,0.012371988148669648,2.344027697333236,0.004975124378109453,0.8395255711673005,0.01591824182237277,5.608350634571891,0.004975124378109453
lognormal,5.0,16,6055,72,0.7545137556262164,0.75,0.8412873632630515,183,2275,0.3246496144853467,,,,,,,,,,,,
lognormal,5.0,17,5587,82,0.721017739600112,0.25,0.7671702257981414,195,290,0.23836892459932973,,,,,,,,,,,,
lognormal,5.0,17,5587,82,0.721017739600112,0.5,0.9111003600595066,225,898,0.37807411999017365,0.4172902179260333,0.04035006832866253,12.238148845529883,0.004975124378109453,0.8720104242068111,0.007672487630378063,5.094819012535746,0.004975124378109453,0.8341177278839672,0.014625253924584452,5.263678331501288,0.004975124378109453
lognormal,5.0,17,5587,82,0.721017739600112,0.75,0.86230566859731,220,1746,0.48148566321256187,,,,,,,,,,,,
lognormal,5.0,18,6438,76,0.8272942458352299,0.25,0.740775425607862,214,336,0.25462754653934677,,,,,,,,,,,,
lognormal,5.0,18,6438,76,0.8272942458352299,0.5,0.9327819874332268,240,1066,0.29430942488835987,0.466769214926087,0.034015142134632095,13.700156555649807,0.004975124378109453,0.8853669554608552,0.007229836842645768,6.558243706509431,0.004975124378109453,0.8370486950931587,0.014801522479480833,6.467800354509611,0.004975124378109453
lognormal,5.0,18,6438,76,0.8272942458352299,0.75,0.8887383046363959,225,1986,0.31411568358752573,,,,,,,,,,,,
lognormal,5.0,19,5937,83,0.8137002603557143,0.25,0.7843719000678744,211,395,0.2628829156045076,,,,,,,,,,,,
lognormal,5.0,19,5937,83,0.8137002603557143,0.5,0.9350014738824498,231,1409,0.3792883687249152,0.6075834970744486,0.02372277970852833,13.80183860537619,0.004975124378109453,0.9077163119510919,0.008769784745981446,3.11126928672459,0.004975124378109453,0.8562657186437002,0.012244089376876334,6.430511311641244,0.004975124378109453
lognormal,5.0,19,5937,83,0.8137002603557143,0.75,0.9273013583234804,230,2204,0.38725306521138375,,,,,,,,,,,,
geometric,1.0,0,5466,99,0.6955633748760357,0.25,0.8342795852284134,450,933,0.6771681823529558,,,,,,,,,,,,
geometric,1.0,0,5466,99,0.6955633748760357,0.5,0.9088336621724613,401,1642,0.693694861338928,0.47587859975516184,0.03386095208149118,12.786263699122568,0.004975124378109453,0.8285881140186546,0.008868289088325952,9.048594081065806,0.004975124378109453,0.8228836090947783,0.01370515104036035,6.271368540526724,0.004975124378109453
geometric,1.0,0,5466,99,0.6955633748760357,0.75,0.8814269641344495,330,2145,0.6643130627747738,,,,,,,,,,,,
geometric,1.0,1,5391,100,0.729194825213833,0.25,0.7597155497412456,446,877,0.6951523539998714,,,,,,,,,,,,
geometric,1.0,1,5391,100,0.729194825213833,0.5,0.8839012670274468,411,1483,0.7373290677934925,0.4419484998212674,0.03998884781967543,11.051900499837068,0.004975124378109453,0.7991123210139832,0.010380077747388151,8.168430726330373,0.004975124378109453,0.8235558464803572,0.013605344895882483,4.4354201241419835,0.004975124378109453
geometric,1.0,1,5391,100,0.729194825213833,0.75,0.8963906992147667,344,2096,0.6806495871467695,,,,,,,,,,,,
geometric,1.0,2,5636,100,0.7751214698595915,0.25,0.8231259189542207,442,907,0.7104221651150119,,,,,,,,,,,,
geometric,1.0,2,5636,100,0.7751214698595915,0.5,0.9033379493488735,402,1526,0.7169280102095698,0.4831690513686125,0.0366380025091887,11.4681169606581,0.004975124378109453,0.7958824259927468,0.009949685499417759,10.799891450077972,0.004975124378109453,0.8108123704294045,0.013267205507829491,6.974006610877179,0.004975124378109453
geometric,1.0,2,5636,100,0.7751214698595915,0.75,0.8868672945468129,333,2359,0.6297803513147349,,,,,,,,,,,,
geometric,1.0,3,6101,98,0.7337351931407577,0.25,0.8213714926305374,406,905,0.7489368731860211,,,,,,,,,,,,
geometric,1.0,3,6101,98,0.7337351931407577,0.5,0.8919540340592568,388,1618,0.7298998703574279,0.38047519365977645,0.04754610331760852,10.757534365809029,0.004975124378109453,0.7975561935194814,0.009924662249031766,9.511441112163258,0.004975124378109453,0.8085402143713688,0.01351200865080115,6.173310115734882,0.004975124378109453
geometric,1.0,3,6101,98,0.7337351931407577,0.75,0.8755410261873459,325,2326,0.6461293480135472,,,,,,,,,,,,
geometric,1.0,4,5737,97,0.7469971658856162,0.25,0.8272163683734414,426,940,0.7366955986511801,,,,,,,,,,,,
geometric,1.0,4,5737,97,0.7469971658856162,0.5,0.8817440717752493,371,1408,0.7829443183792985,0.4212209399394669,0.0383835311416229,11.997935524394563,0.004975124378109453,0.7500643920743864,0.01310089671333724,10.051195928199915,0.004975124378109453,0.8018019151328653,0.014079132952842454,5.678059644024059,0.004975124378109453
geometric,1.0,4,5737,97,0.7469971658856162,0.75,0.878176842448247,314,2239,0.6681363074465783,,,,,,,,,,,,
geometric,1.0,5,4830,100,0.7732826590029712,0.25,0.8209463298547016,434,980,0.7621090411390796,,,,,,,,,,,,
geometric,1.0,5,4830,100,0.7732826590029712,0.5,0.8912852271413624,359,1462,0.7873164184371814,0.47254999644583146,0.03728326865757179,11.231183471100803,0.004975124378109453,0.8129738276674621,0.009551603094088985,8.198770269502024,0.004975124378109453,0.8274716212338639,0.013639385043337398,4.678627790383435,0.004975124378109453
geometric,1.0,5,4830,100,0.7732826590029712,0.75,0.8753642087773245,309,1934,0.7305851141695537,,,,,,,,,,,,
geometric,1.0,6,5634,100,0.7487835271229133,0.25,0.7842013449953805,432,845,0.7071873871905217,,,,,,,,,,,,
geometric,1.0,6,5634,100,0.7487835271229133,0.5,0.8792809399927344,410,1525,0.7364042271570703,0.4446781964661849,0.03909504614233082,11.116568118229589,0.004975124378109453,0.7914392774175334,0.00974330191097628,9.015594854578334,0.004975124378109453,0.8060837658627878,0.013336799867409318,5.488361140427394,0.004975124378109453
geometric,1.0,6,5634,100,0.7487835271229133,0.75,0.8788104846208741,354,2178,0.6676493522608132,,,,,,,,,,,,
geometric,1.0,7,5838,98,0.7615094799826364,0.25,0.7997142070464628,460,902,0.6981812894926251,,,,,,,,,,,,
geometric,1.0,7,5838,98,0.7615094799826364,0.5,0.9083696489739647,397,1516,0.729213596583425,0.37080674060262736,0.04650276665467277,11.559804868455522,0.004975124378109453,0.7791097735020688,0.011649024807108197,11.096197116261777,0.004975124378109453,0.8256955920531975,0.012183274565706871,6.785865037752303,0.004975124378109453
geometric,1.0,7,5838,98,0.7615094799826364,0.75,0.8857834396595226,338,2211,0.6505086021621668,,,,,,,,,,,,
geometric,1.0,8,5397,100,0.7583075123677782,0.25,0.824107902141017,425,918,0.7352428615167604,,,,,,,,,,,,
geometric,1.0,8,5397,100,0.7583075123677782,0.5,0.9057127137606673,359,1431,0.7740854691182273,0.4099028310063251,0.041956608098865755,11.81720604263398,0.004975124378109453,0.7738486588501888,0.010453828511125161,12.613948542406858,0.004975124378109453,0.825320455207142,0.011341309351179177,7.088445968997993,0.004975124378109453
geometric,1.0,8,5397,100,0.7583075123677782,0.75,0.8876424717405487,310,2142,0.6769984564203242,,,,,,,,,,,,
geometric,1.0,9,5945,100,0.7209798860614018,0.25,0.8293825718877909,388,1001,0.777005962407368,,,,,,,,,,,,
geometric,1.0,9,5945,100,0.7209798860614018,0.5,0.8877484276191105,356,1526,0.7759192229235128,0.37359310666611445,0.040875726102793414,12.578500004134707,0.004975124378109453,0.7931703244530456,0.009844814016376767,9.606895875202424,0.004975124378109453,0.804147182466578,0.012551073938071205,6.660883806838605,0.004975124378109453
geometric,1.0,9,5945,100,0.7209798860614018,0.75,0.8641386346313927,309,2211,0.6805516387968337,,,,,,,,,,,,
geometric,1.0,10,5420,100,0.7672598273774227,0.25,0.811884181514187,453,918,0.6964577474375024,,,,,,,,,,,,
geometric,1.0,10,5420,100,0.7672598273774227,0.5,0.8928738237545749,382,1519,0.7311829253180188,0.4895298491214578,0.03871589350928277,10.418046390596896,0.004975124378109453,0.798321557679058,0.009774216961301258,9.67364101389141,0.004975124378109453,0.8360569697046389,0.012470015911898117,4.5562775902895885,0.004975124378109453
geometric,1.0,10,5420,100,0.7672598273774227,0.75,0.8876303934748183,321,2119,0.6721539727305366,,,,,,,,,,,,
geometric,1.0,11,5690,98,0.7515425591772668,0.25,0.7861840433933547,430,816,0.697873089968865,,,,,,,,,,,,
geometric,1.0,11,5690,98,0.7515425591772668,0.5,0.8912108390474516,372,1294,0.7954391273364616,0.4226419021287962,0.04535465658379538,10.33122003807805,0.004975124378109453,0.7353276610730753,0.01253507682119185,12.435757690039802,0.004975124378109453,0.8086091613329509,0.014656681447150507,5.635769462026464,0.004975124378109453
geometric,1.0,11,5690,98,0.7515425591772668,0.75,0.8929509383136792,326,1988,0.7169247368967518,,,,,,,,,,,,
geometric,1.0,12,5741,100,0.7362421616930374,0.25,0.7829305855018989,441,833,0.6966456262583901,,,,,,,,,,,,
geometric,1.0,12,5741,100,0.7362421616930374,0.5,0.8692542392251562,420,1476,0.7329140610668438,0.3586744669189857,0.04825733427704476,10.580355918023534,0.004975124378109453,0.7786984197830216,0.011226705901512193,8.066107746702185,0.004975124378109453,0.7948602024138893,0.015141228282066316,4.913342261630201,0.004975124378109453
geometric,1.0,12,5741,100,0.7362421616930374,0.75,0.8842612605929427,357,2185,0.641325298409855,,,,,,,,,,,,
geometric,1.0,13,5573,96,0.723573681539651,0.25,0.8592948867911706,378,1065,0.7803127015188326,,,,,,,,,,,,
geometric,1.0,13,5573,96,0.723573681539651,0.5,0.8892249230610216,322,1565,0.7867344799333246,0.3471002527152913,0.050086858507416926,10.823690814337095,0.004975124378109453,0.8042670317604492,0.011693866280629388,7.265166991117654,0.004975124378109453,0.8279756312283701,0.013239061047416654,4.626407538516721,0.004975124378109453
geometric,1.0,13,5573,96,0.723573681539651,0.75,0.8714500584912724,286,2065,0.7214638356139705,,,,,,,,,,,,
geometric,1.0,14,5384,97,0.7499299106802099,0.25,0.799105187570874,471,852,0.6536948699687609,,,,,,,,,,,,
geometric,1.0,14,5384,97,0.7499299106802099,0.5,0.9155880011110479,408,1595,0.7023223803922981,0.475733647740458,0.037495754071791745,11.730777637607098,0.004975124378109453,0.8232538340756748,0.009614176760712448,9.603959791200134,0.004975124378109453,0.8256910729452561,0.013708521479945808,6.557740621211554,0.004975124378109453
geometric,1.0,14,5384,97,0.7499299106802099,0.75,0.8975238092752166,334,2230,0.6517081089000926,,,,,,,,,,,,
geometric,1.0,15,5455,99,0.7762462035079338,0.25,0.8159030121544315,426,905,0.7294206730562873,,,,,,,,,,,,
geometric,1.0,15,5455,99,0.7762462035079338,0.5,0.8993774336059768,374,1426,0.7807836780831047,0.3749127296369118,0.04602721975365839,11.394664000477215,0.004975124378109453,0.7571759353735737,0.012732132443680886,11.168710258192403,0.004975124378109453,0.808536576349348,0.012212012743651997,7.438647433761432,0.004975124378109453
geometric,1.0,15,5455,99,0.7762462035079338,0.75,0.8881465946602897,315,2139,0.684137450422723,,,,,,,,,,,,
geometric,1.0,16,5525,99,0.7575149156876261,0.25,0.8088892579888873,459,860,0.667015897573427,,,,,,,,,,,,
geometric,1.0,16,5525,99,0.7575149156876261,0.5,0.9044125095700295,407,1547,0.7095441922672052,0.42716727033693586,0.03937128124501939,12.121658837136954,0.004975124378109453,0.8111214161658381,0.010075287118279303,9.259398001168229,0.004975124378109453,0.8192868135525201,0.012850948610306114,6.624078781953957,0.004975124378109453
geometric,1.0,16,5525,99,0.7575149156876261,0.75,0.8904632739122221,324,2197,0.6641194180840301,,,,,,,,,,,,
geometric,1.0,17,5889,98,0.7297670726532588,0.25,0.7992741938242311,423,877,0.7381041177430883,,,,,,,,,,,,
geometric,1.0,17,5889,98,0.7297670726532588,0.5,0.8859128853613156,367,1429,0.7756931296504713,0.4290859504528324,0.03390458926498033,13.473896744129997,0.004975124378109453,0.7559012993459462,0.011696339770475565,11.115578767945047,0.004975124378109453,0.7948439587525962,0.014575214473408218,6.248204908056095,0.004975124378109453
geometric,1.0,17,5889,98,0.7297670726532588,0.75,0.8770535278905416,307,2250,0.6688241398058338,,,,,,,,,,,,
geometric,1.0,18,5682,99,0.7496412837686689,0.25,0.7988093990306202,458,880,0.7057775284112996,,,,,,,,,,,,
geometric,1.0,18,5682,99,0.7496412837686689,0.5,0.8965846347279217,397,1454,0.7505065372939068,0.4463798434652152,0.035635190978245336,12.633713441792656,0.004975124378109453,0.7798272918617627,0.011568547938303498,10.092653242986106,0.004975124378109453,0.7909576620373473,0.01405311536350867,7.51626738686377,0.004975124378109453
geometric,1.0,18,5682,99,0.7496412837686689,0.75,0.8880732245401244,330,2058,0.6919396453938143,,,,,,,,,,,,
geometric,1.0,19,6325,99,0.7375971890407925,0.25,0.8000824969031323,460,925,0.6956098991915155,,,,,,,,,,,,
geometric,1.0,19,6325,99,0.7375971890407925,0.5,0.8992628254307498,444,1658,0.6638138951177007,0.4381459040208357,0.038282438600500665,12.045129262060215,0.004975124378109453,0.7995356384175814,0.010935478554859551,9.119599705936166,0.004975124378109453,0.8114081368019254,0.012308155165436437,7.137925013777574,0.004975124378109453
geometric,1.0,19,6325,99,0.7375971890407925,0.75,0.8948396152935071,362,2562,0.5865160983057977,,,,,,,,,,,,
geometric,5.0,0,5296,70,0.6961582755558342,0.25,0.7742773203256115,204,378,0.2785370060085476,,,,,,,,,,,,
geometric,5.0,0,5296,70,0.6961582755558342,0.5,0.9183217905455477,215,1136,0.4273194966108476,0.5230944657857607,0.03090986301738297,12.78644698417203,0.004975124378109453,0.9051731188599288,0.010641038333137629,1.235656829152867,0.08955223880597014,0.8474376748843595,0.01707825613974566,4.150547636782539,0.004975124378109453
geometric,5.0,0,5296,70,0.6961582755558342,0.75,0.8276196440029381,179,1837,0.556250024527467,,,,,,,,,,,,
geometric,5.0,1,5355,77,0.7367629915873618,0.25,0.7408519659370658,202,323,0.300874457777183,,,,,,,,,,,,
geometric,5.0,1,5355,77,0.7367629915873618,0.5,0.9281651504627219,221,933,0.43755389411936785,0.49587900862997225,0.03543306962017462,12.200075987393927,0.004975124378109453,0.8643945825294961,0.009251059668214566,6.893325761624165,0.004975124378109453,0.8177152667020716,0.016514366458070792,6.688109049843199,0.004975124378109453
geometric,5.0,1,5355,77,0.7367629915873618,0.75,0.8806605263346441,217,1692,0.47993770256032764,,,,,,,,,,,,
geometric,5.0,2,5986,77,0.6835903500685658,0.25,0.7694305247427025,190,327,0.2698063967333176,,,,,,,,,,,,
geometric,5.0,2,5986,77,0.6835903500685658,0.5,0.908318816493074,221,854,0.2933948435018249,0.5107934496494281,0.030829994913450058,12.894110685377356,0.004975124378109453,0.865840981669181,0.01174082149537969,3.617961046474397,0.004975124378109453,0.7915938101837446,0.019416907628473017,6.0115137045902935,0.004975124378109453
geometric,5.0,2,5986,77,0.6835903500685658,0.75,0.8463349392254508,217,2212,0.41119597190839474,,,,,,,,,,,,
geometric,5.0,3,5183,83,0.7298109010944112,0.25,0.7145240184377301,193,303,0.25235372652958765,,,,,,,,,,,,
geometric,5.0,3,5183,83,0.7298109010944112,0.5,0.892378558076063,235,814,0.3486166278012979,0.49511098519630486,0.03617201618126868,10.982732366615473,0.004975124378109453,0.8792392012359681,0.010421040126004479,1.2608488866007925,0.06965174129353234,0.7905701637110574,0.020504550324897404,4.965161037517904,0.004975124378109453
geometric,5.0,3,5183,83,0.7298109010944112,0.75,0.8621505146817371,226,1663,0.40321926620723375,,,,,,,,,,,,
geometric,5.0,4,6022,78,0.6915250045194484,0.25,0.7036321095078251,197,333,0.3069014347195184,,,,,,,,,,,,
geometric,5.0,4,6022,78,0.6915250045194484,0.5,0.8993853182349634,217,941,0.4224785571016219,0.42334463444227355,0.0395929598091686,12.023366934099542,0.004975124378109453,0.8761635023074984,0.008415897363072666,2.7592798397658487,0.004975124378109453,0.8030404213144624,0.016941178575141238,5.687024458963756,0.004975124378109453
geometric,5.0,4,6022,78,0.6915250045194484,0.75,0.8312299645708553,207,1890,0.3783765489681411,,,,,,,,,,,,
geometric,5.0,5,5894,77,0.7364991017666506,0.25,0.7409713174774843,196,254,0.23913255634779365,,,,,,,,,,,,
geometric,5.0,5,5894,77,0.7364991017666506,0.5,0.9297150650570448,247,971,0.30128727994558696,0.4823752345784563,0.03612967040261898,12.381508757028726,0.004975124378109453,0.8673568542239807,0.014812441255618038,4.209853713979323,0.004975124378109453,0.8072642510603149,0.016405320535884352,7.464091526214674,0.004975124378109453
geometric,5.0,5,5894,77,0.7364991017666506,0.75,0.8592055456658348,214,2040,0.4667868521096946,,,,,,,,,,,,
geometric,5.0,6,5280,80,0.7319475773894836,0.25,0.8049400742795586,218,310,0.27908582464398296,,,,,,,,,,,,
geometric,5.0,6,5280,80,0.7319475773894836,0.5,0.91518740902368,235,862,0.43382773956261905,0.45080809017954304,0.04400607489106741,10.552618473555324,0.004975124378109453,0.8699880986663476,0.008787541628690426,5.143567139387567,0.004975124378109453,0.7937678059605182,0.019870263507789133,6.110618664697898,0.004975124378109453
geometric,5.0,6,5280,80,0.7319475773894836,0.75,0.8841413968304528,223,1631,0.45364946299428505,,,,,,,,,,,,
geometric,5.0,7,5938,80,0.6815017777804633,0.25,0.8729416447862172,222,502,0.24131861284491726,,,,,,,,,,,,
geometric,5.0,7,5938,80,0.6815017777804633,0.5,0.9069258751594319,245,1117,0.30989247797037267,0.4905073767279785,0.032693639279923206,12.736988221656048,0.004975124378109453,0.8905382879151399,0.008662955517011342,1.8916854891049486,0.029850746268656716,0.826892050147402,0.014755585402879735,5.423968133206721,0.004975124378109453
geometric,5.0,7,5938,80,0.6815017777804633,0.75,0.8713699189519769,231,1952,0.38577084575248344,,,,,,,,,,,,
geometric,5.0,8,5363,82,0.7558808889055197,0.25,0.7412002705915448,187,275,0.25398837446122413,,,,,,,,,,,,
geometric,5.0,8,5363,82,0.7558808889055197,0.5,0.92558292320267,231,1043,0.3913627768100067,0.49014936083877003,0.034094641589789414,12.771319540555094,0.004975124378109453,0.8879377561078006,0.0068480603400080135,5.497201430153487,0.004975124378109453,0.8242841041606991,0.01679560542955175,6.03126927855404,0.004975124378109453
geometric,5.0,8,5363,82,0.7558808889055197,0.75,0.8463104280290584,215,1885,0.47619015928849623,,,,,,,,,,,,
geometric,5.0,9,5424,81,0.6898173507082332,0.25,0.7566390855500614,206,346,0.25286577815075,,,,,,,,,,,,
geometric,5.0,9,5424,81,0.6898173507082332,0.5,0.9180894813326779,239,1111,0.37189560482392686,0.5124039433410801,0.033233261469324635,12.207214099827624,0.004975124378109453,0.8865418772142527,0.007222266100386882,4.368103262871362,0.004975124378109453,0.842161006436513,0.01602732551409649,4.737438871468829,0.004975124378109453
geometric,5.0,9,5424,81,0.6898173507082332,0.75,0.8443625512027317,228,1874,0.3919683970008938,,,,,,,,,,,,
geometric,5.0,10,5762,81,0.7199892921667698,0.25,0.6529039906722066,204,267,0.2513594386066064,,,,,,,,,,,,
geometric,5.0,10,5762,81,0.7199892921667698,0.5,0.9122862917317195,238,658,0.26005403233919105,0.35662131486550697,0.047640025975894236,11.663826068175906,0.004975124378109453,0.8267264626481474,0.01545439350710802,5.536278666918898,0.004975124378109453,0.774824300139297,0.020664363947657076,6.652127882600901,0.004975124378109453
geometric,5.0,10,5762,81,0.7199892921667698,0.75,0.8911084844516042,230,1670,0.3890782564360759,,,,,,,,,,,,
geometric,5.0,11,5304,80,0.7385136256909546,0.25,0.7500470884248999,225,349,0.24907601908226404,,,,,,,,,,,,
geometric,5.0,11,5304,80,0.7385136256909546,0.5,0.9181846035732605,249,1087,0.34198024814906836,0.5305048518433972,0.029478276653367184,13.151370966782082,0.004975124378109453,0.8951607155228369,0.009965046037654727,2.310464794986759,0.004975124378109453,0.8409069761115551,0.013867062325694308,5.572746818806571,0.004975124378109453
geometric,5.0,11,5304,80,0.7385136256909546,0.75,0.8950614777895499,238,1862,0.3920534573625178,,,,,,,,,,,,
geometric,5.0,12,5911,80,0.6828183517293942,0.25,0.7776811468469169,196,322,0.24644374073648614,,,,,,,,,,,,
geometric,5.0,12,5911,80,0.6828183517293942,0.5,0.920016193682395,221,861,0.30934150863290377,0.4033514361229149,0.04176194600850641,12.371663845699182,0.004975124378109453,0.872990940988777,0.008051115516023862,5.840836912602376,0.004975124378109453,0.7958132610365999,0.018188115014558127,6.828796307169852,0.004975124378109453
geometric,5.0,12,5911,80,0.6828183517293942,0.75,0.8673846134835923,215,1874,0.45076329570974216,,,,,,,,,,,,
geometric,5.0,13,5580,81,0.7105153121236272,0.25,0.825564286340724,207,320,0.24065894065292653,,,,,,,,,,,,
geometric,5.0,13,5580,81,0.7105153121236272,0.5,0.9303356836069043,219,1009,0.5081989805825995,0.5050909897730883,0.03413468499760621,12.45784731464894,0.004975124378109453,0.8768957605463947,0.009130925020033327,5.852629710928734,0.004975124378109453,0.8107719307896067,0.017028461093460033,7.021406817743346,0.004975124378109453
geometric,5.0,13,5580,81,0.7105153121236272,0.75,0.887016963506538,208,1975,0.50401436429682,,,,,,,,,,,,
geometric,5.0,14,5745,81,0.6965277074710661,0.25,0.8350928551149464,231,491,0.23229814087567463,,,,,,,,,,,,
geometric,5.0,14,5745,81,0.6965277074710661,0.5,0.9202350409316005,234,1177,0.38318605223795793,0.5743143362492211,0.02580729341966841,13.403990068123306,0.004975124378109453,0.8889162357586332,0.007433606921390231,4.213137108830342,0.004975124378109453,0.8452669829558029,0.014466865776160673,5.182052500917937,0.004975124378109453
geometric,5.0,14,5745,81,0.6965277074710661,0.75,0.8828133202666676,222,2179,0.3879712235165203,,,,,,,,,,,,
geometric,5.0,15,5612,79,0.7942185160274257,0.25,0.8234665411112938,219,378,0.23493271653346806,,,,,,,,,,,,
geometric,5.0,15,5612,79,0.7942185160274257,0.5,0.944652998106093,229,971,0.40732195560692247,0.45839676363304216,0.036787932961713087,13.217818869549436,0.004975124378109453,0.8863661998677831,0.008457026757812583,6.8921146766462265,0.004975124378109453,0.8148326584262445,0.016794921217639872,7.729737936698204,0.004975124378109453
geometric,5.0,15,5612,79,0.7942185160274257,0.75,0.9090196655852112,229,1716,0.41289130707809807,,,,,,,,,,,,
geometric,5.0,16,5582,84,0.7668013837717093,0.25,0.8242260725493775,213,364,0.281294736958425,,,,,,,,,,,,
geometric,5.0,16,5582,84,0.7668013837717093,0.5,0.929758185731153,229,988,0.44530728845716483,0.43361066070808313,0.042320047574984344,11.723699604637162,0.004975124378109453,0.8728190689035138,0.009351893562860068,6.088512069231211,0.004975124378109453,0.8353832001179862,0.01539441250193237,6.130470104092669,0.004975124378109453
geometric,5.0,16,5582,84,0.7668013837717093,0.75,0.9007314528634502,224,1792,0.47412636401256847,,,,,,,,,,,,
geometric,5.0,17,5679,80,0.6986164393321127,0.25,0.831667689651407,195,352,0.21838872235780962,,,,,,,,,,,,
geometric,5.0,17,5679,80,0.6986164393321127,0.5,0.907245733586478,231,995,0.3430071504303683,0.48321246886571523,0.03703543286275629,11.449394051694227,0.004975124378109453,0.8770586001786266,0.010549432000656559,2.861493718900947,0.004975124378109453,0.8159963131930931,0.01817644704615558,5.020201151615308,0.004975124378109453
geometric,5.0,17,5679,80,0.6986164393321127,0.75,0.8454798395459184,221,1757,0.4601244646552717,,,,,,,,,,,,
geometric,5.0,18,6398,76,0.7245476193702541,0.25,0.7493347249357816,203,337,0.27563881234828286,,,,,,,,,,,,
geometric,5.0,18,6398,76,0.7245476193702541,0.5,0.8810962166890404,243,693,0.333576581662694,0.42792692462815196,0.038996778035750176,11.620685474206276,0.004975124378109453,0.8310148550620273,0.014893581215108398,3.362613793397745,0.004975124378109453,0.7885502687542606,0.01769737100649946,5.229361349818102,0.004975124378109453
geometric,5.0,18,6398,76,0.7245476193702541,0.75,0.9005367942532562,223,1896,0.39405660959668654,,,,,,,,,,,,
geometric,5.0,19,5375,79,0.7367232979247599,0.25,0.7682886735449639,209,340,0.2933231215588855,,,,,,,,,,,,
geometric,5.0,19,5375,79,0.7367232979247599,0.5,0.941674196967592,220,1006,0.40922783081205305,0.53365307456197,0.03371585120097193,12.101759495066817,0.004975124378109453,0.8842095458927878,0.007430470983256207,7.733648540488868,0.004975124378109453,0.8242116557411759,0.017198058944111666,6.8299882915934145,0.004975124378109453
geometric,5.0,19,5375,79,0.7367232979247599,0.75,0.8892855889993483,215,1969,0.3810919035701647,,,,,,,,,,,,
